{
  "ClickonAddtocart/actions/Cart.action-48" : {
    "transaction" : "ClickonAddtocart/actions/Cart.action-48",
    "sampleCount" : 7,
    "errorCount" : 0,
    "errorPct" : 0.0,
    "meanResTime" : 222.57142857142856,
    "medianResTime" : 219.0,
    "minResTime" : 170.0,
    "maxResTime" : 263.0,
    "pct1ResTime" : 263.0,
    "pct2ResTime" : 263.0,
    "pct3ResTime" : 263.0,
    "throughput" : 0.013365410318096765,
    "receivedKBytesPerSec" : 0.06351180332798717,
    "sentKBytesPerSec" : 0.008560351390957345
  },
  "SC04_ShoppingReptiles_TS13_ClickonSignout" : {
    "transaction" : "SC04_ShoppingReptiles_TS13_ClickonSignout",
    "sampleCount" : 6,
    "errorCount" : 0,
    "errorPct" : 0.0,
    "meanResTime" : 579.5,
    "medianResTime" : 586.5,
    "minResTime" : 517.0,
    "maxResTime" : 649.0,
    "pct1ResTime" : 649.0,
    "pct2ResTime" : 649.0,
    "pct3ResTime" : 649.0,
    "throughput" : 0.017007622249371426,
    "receivedKBytesPerSec" : 0.17025892156084618,
    "sentKBytesPerSec" : 0.03119171346124955
  },
  "SC05_ShoppingBirds_TS01_Launch" : {
    "transaction" : "SC05_ShoppingBirds_TS01_Launch",
    "sampleCount" : 8,
    "errorCount" : 0,
    "errorPct" : 0.0,
    "meanResTime" : 646.6250000000001,
    "medianResTime" : 637.5,
    "minResTime" : 458.0,
    "maxResTime" : 831.0,
    "pct1ResTime" : 831.0,
    "pct2ResTime" : 831.0,
    "pct3ResTime" : 831.0,
    "throughput" : 0.015104741944924335,
    "receivedKBytesPerSec" : 0.02141805205471693,
    "sentKBytesPerSec" : 0.008005955752546565
  },
  "SC08_AddToCartDeleteCart_TS03_ClickonSignin" : {
    "transaction" : "SC08_AddToCartDeleteCart_TS03_ClickonSignin",
    "sampleCount" : 12,
    "errorCount" : 0,
    "errorPct" : 0.0,
    "meanResTime" : 227.50000000000003,
    "medianResTime" : 230.0,
    "minResTime" : 159.0,
    "maxResTime" : 331.0,
    "pct1ResTime" : 310.00000000000006,
    "pct2ResTime" : 331.0,
    "pct3ResTime" : 331.0,
    "throughput" : 0.025461219380231485,
    "receivedKBytesPerSec" : 0.10182830120622527,
    "sentKBytesPerSec" : 0.016311093665460796
  },
  "SC06_Search_TS01_Launch" : {
    "transaction" : "SC06_Search_TS01_Launch",
    "sampleCount" : 12,
    "errorCount" : 0,
    "errorPct" : 0.0,
    "meanResTime" : 621.7499999999998,
    "medianResTime" : 575.5,
    "minResTime" : 441.0,
    "maxResTime" : 887.0,
    "pct1ResTime" : 876.2,
    "pct2ResTime" : 887.0,
    "pct3ResTime" : 887.0,
    "throughput" : 0.022490525865978956,
    "receivedKBytesPerSec" : 0.03189086284902485,
    "sentKBytesPerSec" : 0.011920637611093826
  },
  "SelectProductID/actions/Catalog.action-44" : {
    "transaction" : "SelectProductID/actions/Catalog.action-44",
    "sampleCount" : 8,
    "errorCount" : 0,
    "errorPct" : 0.0,
    "meanResTime" : 218.25,
    "medianResTime" : 223.5,
    "minResTime" : 167.0,
    "maxResTime" : 253.0,
    "pct1ResTime" : 253.0,
    "pct2ResTime" : 253.0,
    "pct3ResTime" : 253.0,
    "throughput" : 0.015154471421508362,
    "receivedKBytesPerSec" : 0.06369058796034074,
    "sentKBytesPerSec" : 0.009797128985389194
  },
  "SC06_Search_TS06_SelectProductID" : {
    "transaction" : "SC06_Search_TS06_SelectProductID",
    "sampleCount" : 12,
    "errorCount" : 0,
    "errorPct" : 0.0,
    "meanResTime" : 200.25,
    "medianResTime" : 196.0,
    "minResTime" : 175.0,
    "maxResTime" : 244.0,
    "pct1ResTime" : 238.9,
    "pct2ResTime" : 244.0,
    "pct3ResTime" : 244.0,
    "throughput" : 0.02251740877165659,
    "receivedKBytesPerSec" : 0.0950832768834405,
    "sentKBytesPerSec" : 0.013897463226256799
  },
  "UpdateQuantityandClickonUpdatecart/actions/Cart.action-49" : {
    "transaction" : "UpdateQuantityandClickonUpdatecart/actions/Cart.action-49",
    "sampleCount" : 6,
    "errorCount" : 0,
    "errorPct" : 0.0,
    "meanResTime" : 211.16666666666666,
    "medianResTime" : 213.5,
    "minResTime" : 168.0,
    "maxResTime" : 258.0,
    "pct1ResTime" : 258.0,
    "pct2ResTime" : 258.0,
    "pct3ResTime" : 258.0,
    "throughput" : 0.01700709195734621,
    "receivedKBytesPerSec" : 0.08085288883172617,
    "sentKBytesPerSec" : 0.01592754022177248
  },
  "SC01_ShoppingFish_TS03_ClickonSignin" : {
    "transaction" : "SC01_ShoppingFish_TS03_ClickonSignin",
    "sampleCount" : 8,
    "errorCount" : 0,
    "errorPct" : 0.0,
    "meanResTime" : 234.75,
    "medianResTime" : 238.0,
    "minResTime" : 220.0,
    "maxResTime" : 247.0,
    "pct1ResTime" : 247.0,
    "pct2ResTime" : 247.0,
    "pct3ResTime" : 247.0,
    "throughput" : 0.015157055514610454,
    "receivedKBytesPerSec" : 0.06062452160543532,
    "sentKBytesPerSec" : 0.009709988689047322
  },
  "SC03_ShoppingCats_TS06_SelectProductID" : {
    "transaction" : "SC03_ShoppingCats_TS06_SelectProductID",
    "sampleCount" : 8,
    "errorCount" : 0,
    "errorPct" : 0.0,
    "meanResTime" : 233.875,
    "medianResTime" : 232.5,
    "minResTime" : 175.0,
    "maxResTime" : 295.0,
    "pct1ResTime" : 295.0,
    "pct2ResTime" : 295.0,
    "pct3ResTime" : 295.0,
    "throughput" : 0.01511130419999811,
    "receivedKBytesPerSec" : 0.06361431111341978,
    "sentKBytesPerSec" : 0.009783979184178466
  },
  "SC01_ShoppingFish_TS07_SelectItemID/actions/Catalog.action-46" : {
    "transaction" : "SC01_ShoppingFish_TS07_SelectItemID/actions/Catalog.action-46",
    "sampleCount" : 56,
    "errorCount" : 0,
    "errorPct" : 0.0,
    "meanResTime" : 582.9821428571428,
    "medianResTime" : 575.0,
    "minResTime" : 434.0,
    "maxResTime" : 1018.0,
    "pct1ResTime" : 655.2,
    "pct2ResTime" : 693.3499999999999,
    "pct3ResTime" : 1018.0,
    "throughput" : 0.10124769706689038,
    "receivedKBytesPerSec" : 0.39636750156843525,
    "sentKBytesPerSec" : 0.06486180593347664
  },
  "SC07_OpenMyOrders_TS05_ClickOnMyAccount" : {
    "transaction" : "SC07_OpenMyOrders_TS05_ClickOnMyAccount",
    "sampleCount" : 15,
    "errorCount" : 0,
    "errorPct" : 0.0,
    "meanResTime" : 209.8,
    "medianResTime" : 200.0,
    "minResTime" : 171.0,
    "maxResTime" : 281.0,
    "pct1ResTime" : 273.8,
    "pct2ResTime" : 281.0,
    "pct3ResTime" : 281.0,
    "throughput" : 0.029881847176265047,
    "receivedKBytesPerSec" : 0.19026332381762512,
    "sentKBytesPerSec" : 0.018004980183355015
  },
  "SC02_ShoppingDogs_TS12_ClickonConfirm" : {
    "transaction" : "SC02_ShoppingDogs_TS12_ClickonConfirm",
    "sampleCount" : 6,
    "errorCount" : 0,
    "errorPct" : 0.0,
    "meanResTime" : 232.5,
    "medianResTime" : 211.5,
    "minResTime" : 199.0,
    "maxResTime" : 349.0,
    "pct1ResTime" : 349.0,
    "pct2ResTime" : 349.0,
    "pct3ResTime" : 349.0,
    "throughput" : 0.01696391210431675,
    "receivedKBytesPerSec" : 0.09024779151069291,
    "sentKBytesPerSec" : 0.010287684977324903
  },
  "SC01_ShoppingFish_TS01_Launch" : {
    "transaction" : "SC01_ShoppingFish_TS01_Launch",
    "sampleCount" : 8,
    "errorCount" : 0,
    "errorPct" : 0.0,
    "meanResTime" : 759.0,
    "medianResTime" : 623.0,
    "minResTime" : 447.0,
    "maxResTime" : 1646.0,
    "pct1ResTime" : 1646.0,
    "pct2ResTime" : 1646.0,
    "pct3ResTime" : 1646.0,
    "throughput" : 0.015115015823532191,
    "receivedKBytesPerSec" : 0.02143262009352416,
    "sentKBytesPerSec" : 0.008011401209201267
  },
  "SC01_ShoppingFish_TS01_Launch/" : {
    "transaction" : "SC01_ShoppingFish_TS01_Launch/",
    "sampleCount" : 104,
    "errorCount" : 0,
    "errorPct" : 0.0,
    "meanResTime" : 650.7884615384615,
    "medianResTime" : 623.0,
    "minResTime" : 441.0,
    "maxResTime" : 1100.0,
    "pct1ResTime" : 829.5,
    "pct2ResTime" : 866.75,
    "pct3ResTime" : 1090.4000000000005,
    "throughput" : 0.1709008446445591,
    "receivedKBytesPerSec" : 0.24233205705458968,
    "sentKBytesPerSec" : 0.0908376118455648
  },
  "SC11_CreateAccount_TS04_ClickonRegisterNow" : {
    "transaction" : "SC11_CreateAccount_TS04_ClickonRegisterNow",
    "sampleCount" : 3,
    "errorCount" : 0,
    "errorPct" : 0.0,
    "meanResTime" : 220.0,
    "medianResTime" : 219.0,
    "minResTime" : 189.0,
    "maxResTime" : 252.0,
    "pct1ResTime" : 252.0,
    "pct2ResTime" : 252.0,
    "pct3ResTime" : 252.0,
    "throughput" : 0.006442302736690202,
    "receivedKBytesPerSec" : 0.038112763651239494,
    "sentKBytesPerSec" : 0.003950943475235788
  },
  "SC08_AddToCartDeleteCart_TS06_SelectProductID" : {
    "transaction" : "SC08_AddToCartDeleteCart_TS06_SelectProductID",
    "sampleCount" : 12,
    "errorCount" : 0,
    "errorPct" : 0.0,
    "meanResTime" : 221.58333333333331,
    "medianResTime" : 220.0,
    "minResTime" : 174.0,
    "maxResTime" : 284.0,
    "pct1ResTime" : 278.3,
    "pct2ResTime" : 284.0,
    "pct3ResTime" : 284.0,
    "throughput" : 0.025464677309487076,
    "receivedKBytesPerSec" : 0.10427710754688153,
    "sentKBytesPerSec" : 0.01647287759872337
  },
  "SC01_ShoppingFish_TS08_ClickonAddtocart" : {
    "transaction" : "SC01_ShoppingFish_TS08_ClickonAddtocart",
    "sampleCount" : 7,
    "errorCount" : 0,
    "errorPct" : 0.0,
    "meanResTime" : 222.57142857142856,
    "medianResTime" : 219.0,
    "minResTime" : 170.0,
    "maxResTime" : 263.0,
    "pct1ResTime" : 263.0,
    "pct2ResTime" : 263.0,
    "pct3ResTime" : 263.0,
    "throughput" : 0.013365410318096765,
    "receivedKBytesPerSec" : 0.06351180332798717,
    "sentKBytesPerSec" : 0.008560351390957345
  },
  "SC07_OpenMyOrders_TS03_ClickonSignin" : {
    "transaction" : "SC07_OpenMyOrders_TS03_ClickonSignin",
    "sampleCount" : 15,
    "errorCount" : 0,
    "errorPct" : 0.0,
    "meanResTime" : 207.8666666666667,
    "medianResTime" : 209.0,
    "minResTime" : 165.0,
    "maxResTime" : 296.0,
    "pct1ResTime" : 269.6,
    "pct2ResTime" : 296.0,
    "pct3ResTime" : 296.0,
    "throughput" : 0.029873813013829582,
    "receivedKBytesPerSec" : 0.11947774786800554,
    "sentKBytesPerSec" : 0.019137911461984576
  },
  "SC02_ShoppingDogs_TS08_ClickonAddtocart" : {
    "transaction" : "SC02_ShoppingDogs_TS08_ClickonAddtocart",
    "sampleCount" : 7,
    "errorCount" : 0,
    "errorPct" : 0.0,
    "meanResTime" : 240.28571428571428,
    "medianResTime" : 234.0,
    "minResTime" : 177.0,
    "maxResTime" : 295.0,
    "pct1ResTime" : 295.0,
    "pct2ResTime" : 295.0,
    "pct3ResTime" : 295.0,
    "throughput" : 0.013343932228074491,
    "receivedKBytesPerSec" : 0.06357542264522488,
    "sentKBytesPerSec" : 0.008554041376674426
  },
  "SC11_CreateAccount_TS06_ClickonSignout" : {
    "transaction" : "SC11_CreateAccount_TS06_ClickonSignout",
    "sampleCount" : 3,
    "errorCount" : 0,
    "errorPct" : 0.0,
    "meanResTime" : 647.6666666666666,
    "medianResTime" : 651.0,
    "minResTime" : 612.0,
    "maxResTime" : 680.0,
    "pct1ResTime" : 680.0,
    "pct2ResTime" : 680.0,
    "pct3ResTime" : 680.0,
    "throughput" : 0.006437367631628075,
    "receivedKBytesPerSec" : 0.06444282772638613,
    "sentKBytesPerSec" : 0.011806031652536644
  },
  "SC04_ShoppingReptiles_TS01_Launch" : {
    "transaction" : "SC04_ShoppingReptiles_TS01_Launch",
    "sampleCount" : 8,
    "errorCount" : 0,
    "errorPct" : 0.0,
    "meanResTime" : 656.625,
    "medianResTime" : 629.5,
    "minResTime" : 490.0,
    "maxResTime" : 831.0,
    "pct1ResTime" : 831.0,
    "pct2ResTime" : 831.0,
    "pct3ResTime" : 831.0,
    "throughput" : 0.015158031956920873,
    "receivedKBytesPerSec" : 0.021493615626415143,
    "sentKBytesPerSec" : 0.00803420102013555
  },
  "SC06_Search_TS09_UpdateQuantityandClickonUpdatecart" : {
    "transaction" : "SC06_Search_TS09_UpdateQuantityandClickonUpdatecart",
    "sampleCount" : 9,
    "errorCount" : 0,
    "errorPct" : 0.0,
    "meanResTime" : 212.88888888888889,
    "medianResTime" : 183.0,
    "minResTime" : 165.0,
    "maxResTime" : 298.0,
    "pct1ResTime" : 298.0,
    "pct2ResTime" : 298.0,
    "pct3ResTime" : 298.0,
    "throughput" : 0.025102291839244922,
    "receivedKBytesPerSec" : 0.11970709896299643,
    "sentKBytesPerSec" : 0.02351160841540388
  },
  "SC09_OpenCart_TS04_Login" : {
    "transaction" : "SC09_OpenCart_TS04_Login",
    "sampleCount" : 17,
    "errorCount" : 0,
    "errorPct" : 0.0,
    "meanResTime" : 600.764705882353,
    "medianResTime" : 635.0,
    "minResTime" : 477.0,
    "maxResTime" : 755.0,
    "pct1ResTime" : 703.0,
    "pct2ResTime" : 755.0,
    "pct3ResTime" : 755.0,
    "throughput" : 0.029894419942743392,
    "receivedKBytesPerSec" : 0.3103297695228147,
    "sentKBytesPerSec" : 0.06521888100789916
  },
  "SC06_Search_TS04_Login" : {
    "transaction" : "SC06_Search_TS04_Login",
    "sampleCount" : 12,
    "errorCount" : 0,
    "errorPct" : 0.0,
    "meanResTime" : 624.3333333333334,
    "medianResTime" : 619.0,
    "minResTime" : 549.0,
    "maxResTime" : 703.0,
    "pct1ResTime" : 697.6,
    "pct2ResTime" : 703.0,
    "pct3ResTime" : 703.0,
    "throughput" : 0.022500351567993248,
    "receivedKBytesPerSec" : 0.23366087751371112,
    "sentKBytesPerSec" : 0.04915360005625088
  },
  "SC06_Search_TS03_ClickonSignin" : {
    "transaction" : "SC06_Search_TS03_ClickonSignin",
    "sampleCount" : 12,
    "errorCount" : 0,
    "errorPct" : 0.0,
    "meanResTime" : 240.91666666666669,
    "medianResTime" : 235.5,
    "minResTime" : 165.0,
    "maxResTime" : 319.0,
    "pct1ResTime" : 318.1,
    "pct2ResTime" : 319.0,
    "pct3ResTime" : 319.0,
    "throughput" : 0.022516690496830777,
    "receivedKBytesPerSec" : 0.0900447730317598,
    "sentKBytesPerSec" : 0.014424754849532217
  },
  "SC09_OpenCart_TS03_ClickonSignin" : {
    "transaction" : "SC09_OpenCart_TS03_ClickonSignin",
    "sampleCount" : 18,
    "errorCount" : 0,
    "errorPct" : 0.0,
    "meanResTime" : 216.11111111111111,
    "medianResTime" : 216.5,
    "minResTime" : 170.0,
    "maxResTime" : 359.0,
    "pct1ResTime" : 268.10000000000014,
    "pct2ResTime" : 359.0,
    "pct3ResTime" : 359.0,
    "throughput" : 0.03141531217221176,
    "receivedKBytesPerSec" : 0.12563056967305386,
    "sentKBytesPerSec" : 0.020125434360323158
  },
  "SC01_ShoppingFish_TS12_ClickonConfirm/actions/Order.action-55" : {
    "transaction" : "SC01_ShoppingFish_TS12_ClickonConfirm/actions/Order.action-55",
    "sampleCount" : 33,
    "errorCount" : 0,
    "errorPct" : 0.0,
    "meanResTime" : 209.09090909090907,
    "medianResTime" : 199.0,
    "minResTime" : 168.0,
    "maxResTime" : 350.0,
    "pct1ResTime" : 275.0,
    "pct2ResTime" : 349.3,
    "pct3ResTime" : 350.0,
    "throughput" : 0.08735358348223149,
    "receivedKBytesPerSec" : 0.4638823745946662,
    "sentKBytesPerSec" : 0.05297517123287671
  },
  "SC05_ShoppingBirds_TS07_SelectItemID" : {
    "transaction" : "SC05_ShoppingBirds_TS07_SelectItemID",
    "sampleCount" : 8,
    "errorCount" : 0,
    "errorPct" : 0.0,
    "meanResTime" : 555.625,
    "medianResTime" : 549.5,
    "minResTime" : 459.0,
    "maxResTime" : 686.0,
    "pct1ResTime" : 686.0,
    "pct2ResTime" : 686.0,
    "pct3ResTime" : 686.0,
    "throughput" : 0.015114102023967187,
    "receivedKBytesPerSec" : 0.05915753995318407,
    "sentKBytesPerSec" : 0.009682471609103979
  },
  "SC02_ShoppingDogs_TS04_Login" : {
    "transaction" : "SC02_ShoppingDogs_TS04_Login",
    "sampleCount" : 8,
    "errorCount" : 0,
    "errorPct" : 0.0,
    "meanResTime" : 623.125,
    "medianResTime" : 640.5,
    "minResTime" : 494.0,
    "maxResTime" : 677.0,
    "pct1ResTime" : 677.0,
    "pct2ResTime" : 677.0,
    "pct3ResTime" : 677.0,
    "throughput" : 0.015115786927867464,
    "receivedKBytesPerSec" : 0.1569739044833424,
    "sentKBytesPerSec" : 0.033021499372694836
  },
  "SC07_OpenMyOrders_TS05_ClickOnMyAccount/actions/Account.action-1" : {
    "transaction" : "SC07_OpenMyOrders_TS05_ClickOnMyAccount/actions/Account.action-1",
    "sampleCount" : 15,
    "errorCount" : 0,
    "errorPct" : 0.0,
    "meanResTime" : 209.8,
    "medianResTime" : 200.0,
    "minResTime" : 171.0,
    "maxResTime" : 281.0,
    "pct1ResTime" : 273.8,
    "pct2ResTime" : 281.0,
    "pct3ResTime" : 281.0,
    "throughput" : 0.029881906704703014,
    "receivedKBytesPerSec" : 0.19026370284635122,
    "sentKBytesPerSec" : 0.018005016051564217
  },
  "SC03_ShoppingCats_TS01_Launch" : {
    "transaction" : "SC03_ShoppingCats_TS01_Launch",
    "sampleCount" : 8,
    "errorCount" : 0,
    "errorPct" : 0.0,
    "meanResTime" : 645.2499999999999,
    "medianResTime" : 619.5,
    "minResTime" : 504.0,
    "maxResTime" : 795.0,
    "pct1ResTime" : 795.0,
    "pct2ResTime" : 795.0,
    "pct3ResTime" : 795.0,
    "throughput" : 0.015096988716888058,
    "receivedKBytesPerSec" : 0.02140705821964986,
    "sentKBytesPerSec" : 0.008001846314541984
  },
  "EnterPaymentsDetailsandClickonContinue/actions/Order.action-53" : {
    "transaction" : "EnterPaymentsDetailsandClickonContinue/actions/Order.action-53",
    "sampleCount" : 6,
    "errorCount" : 0,
    "errorPct" : 0.0,
    "meanResTime" : 237.0,
    "medianResTime" : 240.0,
    "minResTime" : 203.0,
    "maxResTime" : 256.0,
    "pct1ResTime" : 256.0,
    "pct2ResTime" : 256.0,
    "pct3ResTime" : 256.0,
    "throughput" : 0.017004537377390203,
    "receivedKBytesPerSec" : 0.07836368348037535,
    "sentKBytesPerSec" : 0.020973369831683422
  },
  "SC02_ShoppingDogs_TS13_ClickonSignout" : {
    "transaction" : "SC02_ShoppingDogs_TS13_ClickonSignout",
    "sampleCount" : 6,
    "errorCount" : 0,
    "errorPct" : 0.0,
    "meanResTime" : 640.5,
    "medianResTime" : 638.0,
    "minResTime" : 613.0,
    "maxResTime" : 676.0,
    "pct1ResTime" : 676.0,
    "pct2ResTime" : 676.0,
    "pct3ResTime" : 676.0,
    "throughput" : 0.016942499978821874,
    "receivedKBytesPerSec" : 0.16960699929971,
    "sentKBytesPerSec" : 0.031072280234597148
  },
  "Launch/" : {
    "transaction" : "Launch/",
    "sampleCount" : 8,
    "errorCount" : 0,
    "errorPct" : 0.0,
    "meanResTime" : 759.0,
    "medianResTime" : 623.0,
    "minResTime" : 447.0,
    "maxResTime" : 1646.0,
    "pct1ResTime" : 1646.0,
    "pct2ResTime" : 1646.0,
    "pct3ResTime" : 1646.0,
    "throughput" : 0.015117357939352939,
    "receivedKBytesPerSec" : 0.021435941140566864,
    "sentKBytesPerSec" : 0.008012642599202938
  },
  "SC01_ShoppingFish_TS13_ClickonSignout" : {
    "transaction" : "SC01_ShoppingFish_TS13_ClickonSignout",
    "sampleCount" : 6,
    "errorCount" : 0,
    "errorPct" : 0.0,
    "meanResTime" : 619.5,
    "medianResTime" : 628.5,
    "minResTime" : 529.0,
    "maxResTime" : 675.0,
    "pct1ResTime" : 675.0,
    "pct2ResTime" : 675.0,
    "pct3ResTime" : 675.0,
    "throughput" : 0.016988023443472354,
    "receivedKBytesPerSec" : 0.1700627229678077,
    "sentKBytesPerSec" : 0.03115576955746199
  },
  "SC06_Search_TS05_Search" : {
    "transaction" : "SC06_Search_TS05_Search",
    "sampleCount" : 12,
    "errorCount" : 0,
    "errorPct" : 0.0,
    "meanResTime" : 200.49999999999997,
    "medianResTime" : 199.5,
    "minResTime" : 169.0,
    "maxResTime" : 237.0,
    "pct1ResTime" : 236.4,
    "pct2ResTime" : 237.0,
    "pct3ResTime" : 237.0,
    "throughput" : 0.022517704545198663,
    "receivedKBytesPerSec" : 0.09045564223308077,
    "sentKBytesPerSec" : 0.020285725041939224
  },
  "SC04_ShoppingReptiles_TS06_SelectProductID" : {
    "transaction" : "SC04_ShoppingReptiles_TS06_SelectProductID",
    "sampleCount" : 8,
    "errorCount" : 0,
    "errorPct" : 0.0,
    "meanResTime" : 204.25,
    "medianResTime" : 205.5,
    "minResTime" : 168.0,
    "maxResTime" : 236.0,
    "pct1ResTime" : 236.0,
    "pct2ResTime" : 236.0,
    "pct3ResTime" : 236.0,
    "throughput" : 0.015178854338021701,
    "receivedKBytesPerSec" : 0.061930911547123706,
    "sentKBytesPerSec" : 0.009812892159931998
  },
  "SC05_ShoppingBirds_TS02_ClickonEntertheStore" : {
    "transaction" : "SC05_ShoppingBirds_TS02_ClickonEntertheStore",
    "sampleCount" : 8,
    "errorCount" : 0,
    "errorPct" : 0.0,
    "meanResTime" : 183.5,
    "medianResTime" : 175.0,
    "minResTime" : 164.0,
    "maxResTime" : 236.0,
    "pct1ResTime" : 236.0,
    "pct2ResTime" : 236.0,
    "pct3ResTime" : 236.0,
    "throughput" : 0.01512384538892859,
    "receivedKBytesPerSec" : 0.07599953848640555,
    "sentKBytesPerSec" : 0.008341007503317793
  },
  "ClickonSignout/actions/Account.action-56-0" : {
    "transaction" : "ClickonSignout/actions/Account.action-56-0",
    "sampleCount" : 6,
    "errorCount" : 0,
    "errorPct" : 0.0,
    "meanResTime" : 220.16666666666669,
    "medianResTime" : 231.5,
    "minResTime" : 163.0,
    "maxResTime" : 264.0,
    "pct1ResTime" : 264.0,
    "pct2ResTime" : 264.0,
    "pct3ResTime" : 264.0,
    "throughput" : 0.017006995544167167,
    "receivedKBytesPerSec" : 0.0038199306398031723,
    "sentKBytesPerSec" : 0.010496505062415673
  },
  "SC10_LoginLogout_TS02_ClickonEntertheStore" : {
    "transaction" : "SC10_LoginLogout_TS02_ClickonEntertheStore",
    "sampleCount" : 12,
    "errorCount" : 0,
    "errorPct" : 0.0,
    "meanResTime" : 230.83333333333334,
    "medianResTime" : 235.0,
    "minResTime" : 167.0,
    "maxResTime" : 352.0,
    "pct1ResTime" : 321.10000000000014,
    "pct2ResTime" : 352.0,
    "pct3ResTime" : 352.0,
    "throughput" : 0.02323064741878469,
    "receivedKBytesPerSec" : 0.11543106039193975,
    "sentKBytesPerSec" : 0.012912216949080358
  },
  "SC07_OpenMyOrders_TS06_ClickOnMyOrders/actions/Order.action-2" : {
    "transaction" : "SC07_OpenMyOrders_TS06_ClickOnMyOrders/actions/Order.action-2",
    "sampleCount" : 15,
    "errorCount" : 0,
    "errorPct" : 0.0,
    "meanResTime" : 264.66666666666663,
    "medianResTime" : 306.0,
    "minResTime" : 158.0,
    "maxResTime" : 335.0,
    "pct1ResTime" : 332.6,
    "pct2ResTime" : 335.0,
    "pct3ResTime" : 335.0,
    "throughput" : 0.0298835140621856,
    "receivedKBytesPerSec" : 0.10237438215834677,
    "sentKBytesPerSec" : 0.018297815739248408
  },
  "SC11_CreateAccount_TS05_EnterAccInfoandclickonSave/actions/Account.action-2" : {
    "transaction" : "SC11_CreateAccount_TS05_EnterAccInfoandclickonSave/actions/Account.action-2",
    "sampleCount" : 3,
    "errorCount" : 0,
    "errorPct" : 0.0,
    "meanResTime" : 425.3333333333333,
    "medianResTime" : 431.0,
    "minResTime" : 365.0,
    "maxResTime" : 480.0,
    "pct1ResTime" : 480.0,
    "pct2ResTime" : 480.0,
    "pct3ResTime" : 480.0,
    "throughput" : 0.006440338847694574,
    "receivedKBytesPerSec" : 0.03272371389116686,
    "sentKBytesPerSec" : 0.013922620536308484
  },
  "SC01_ShoppingFish_TS02_ClickonEntertheStore/actions/Catalog.action-27" : {
    "transaction" : "SC01_ShoppingFish_TS02_ClickonEntertheStore/actions/Catalog.action-27",
    "sampleCount" : 104,
    "errorCount" : 0,
    "errorPct" : 0.0,
    "meanResTime" : 222.20192307692318,
    "medianResTime" : 224.0,
    "minResTime" : 164.0,
    "maxResTime" : 420.0,
    "pct1ResTime" : 257.0,
    "pct2ResTime" : 302.5,
    "pct3ResTime" : 416.6000000000002,
    "throughput" : 0.17108977606980463,
    "receivedKBytesPerSec" : 0.8564208353005915,
    "sentKBytesPerSec" : 0.0946137900210243
  },
  "ClickonSignout/actions/Account.action-56-1" : {
    "transaction" : "ClickonSignout/actions/Account.action-56-1",
    "sampleCount" : 6,
    "errorCount" : 0,
    "errorPct" : 0.0,
    "meanResTime" : 187.83333333333334,
    "medianResTime" : 190.5,
    "minResTime" : 161.0,
    "maxResTime" : 219.0,
    "pct1ResTime" : 219.0,
    "pct2ResTime" : 219.0,
    "pct3ResTime" : 219.0,
    "throughput" : 0.01700906866844506,
    "receivedKBytesPerSec" : 0.08384939320147526,
    "sentKBytesPerSec" : 0.01034829080121218
  },
  "SC06_Search_TS13_ClickonSignout" : {
    "transaction" : "SC06_Search_TS13_ClickonSignout",
    "sampleCount" : 9,
    "errorCount" : 0,
    "errorPct" : 0.0,
    "meanResTime" : 605.111111111111,
    "medianResTime" : 624.0,
    "minResTime" : 510.0,
    "maxResTime" : 735.0,
    "pct1ResTime" : 735.0,
    "pct2ResTime" : 735.0,
    "pct3ResTime" : 735.0,
    "throughput" : 0.025066146776215013,
    "receivedKBytesPerSec" : 0.2509307330107227,
    "sentKBytesPerSec" : 0.04597092152903495
  },
  "SC02_ShoppingDogs_TS01_Launch" : {
    "transaction" : "SC02_ShoppingDogs_TS01_Launch",
    "sampleCount" : 8,
    "errorCount" : 0,
    "errorPct" : 0.0,
    "meanResTime" : 665.375,
    "medianResTime" : 623.0,
    "minResTime" : 504.0,
    "maxResTime" : 908.0,
    "pct1ResTime" : 908.0,
    "pct2ResTime" : 908.0,
    "pct3ResTime" : 908.0,
    "throughput" : 0.015109021029868646,
    "receivedKBytesPerSec" : 0.021424119663446557,
    "sentKBytesPerSec" : 0.008008223792930867
  },
  "Cart/actions/Cart.action-2" : {
    "transaction" : "Cart/actions/Cart.action-2",
    "sampleCount" : 15,
    "errorCount" : 0,
    "errorPct" : 0.0,
    "meanResTime" : 200.33333333333334,
    "medianResTime" : 194.0,
    "minResTime" : 159.0,
    "maxResTime" : 237.0,
    "pct1ResTime" : 237.0,
    "pct2ResTime" : 237.0,
    "pct3ResTime" : 237.0,
    "throughput" : 0.032601466631312186,
    "receivedKBytesPerSec" : 0.1414215964612195,
    "sentKBytesPerSec" : 0.020630615602627245
  },
  "SC01_ShoppingFish_TS06_SelectProductID/actions/Catalog.action-44" : {
    "transaction" : "SC01_ShoppingFish_TS06_SelectProductID/actions/Catalog.action-44",
    "sampleCount" : 44,
    "errorCount" : 0,
    "errorPct" : 0.0,
    "meanResTime" : 215.9318181818182,
    "medianResTime" : 220.0,
    "minResTime" : 168.0,
    "maxResTime" : 295.0,
    "pct1ResTime" : 262.0,
    "pct2ResTime" : 292.25,
    "pct3ResTime" : 295.0,
    "throughput" : 0.08089900861942165,
    "receivedKBytesPerSec" : 0.3312198180048098,
    "sentKBytesPerSec" : 0.05232328680261377
  },
  "SC06_Search_TS08_ClickonAddtocart" : {
    "transaction" : "SC06_Search_TS08_ClickonAddtocart",
    "sampleCount" : 10,
    "errorCount" : 0,
    "errorPct" : 0.0,
    "meanResTime" : 193.29999999999998,
    "medianResTime" : 188.0,
    "minResTime" : 178.0,
    "maxResTime" : 225.0,
    "pct1ResTime" : 223.6,
    "pct2ResTime" : 225.0,
    "pct3ResTime" : 225.0,
    "throughput" : 0.019077416154756,
    "receivedKBytesPerSec" : 0.09094375679632952,
    "sentKBytesPerSec" : 0.012221469724140564
  },
  "SC08_AddToCartDeleteCart_TS09_ClickonRemove" : {
    "transaction" : "SC08_AddToCartDeleteCart_TS09_ClickonRemove",
    "sampleCount" : 12,
    "errorCount" : 0,
    "errorPct" : 0.0,
    "meanResTime" : 204.66666666666663,
    "medianResTime" : 196.5,
    "minResTime" : 172.0,
    "maxResTime" : 269.0,
    "pct1ResTime" : 259.1,
    "pct2ResTime" : 269.0,
    "pct3ResTime" : 269.0,
    "throughput" : 0.02545020349558545,
    "receivedKBytesPerSec" : 0.11040019914784235,
    "sentKBytesPerSec" : 0.015773824041534733
  },
  "SC01_ShoppingFish_TS13_ClickonSignout/actions/Account.action-56-1" : {
    "transaction" : "SC01_ShoppingFish_TS13_ClickonSignout/actions/Account.action-56-1",
    "sampleCount" : 90,
    "errorCount" : 0,
    "errorPct" : 0.0,
    "meanResTime" : 193.70000000000005,
    "medianResTime" : 190.0,
    "minResTime" : 146.0,
    "maxResTime" : 277.0,
    "pct1ResTime" : 249.60000000000002,
    "pct2ResTime" : 263.25,
    "pct3ResTime" : 277.0,
    "throughput" : 0.17424334826018018,
    "receivedKBytesPerSec" : 0.8589652558763569,
    "sentKBytesPerSec" : 0.10600938082626196
  },
  "SC01_ShoppingFish_TS13_ClickonSignout/actions/Account.action-56-0" : {
    "transaction" : "SC01_ShoppingFish_TS13_ClickonSignout/actions/Account.action-56-0",
    "sampleCount" : 90,
    "errorCount" : 0,
    "errorPct" : 0.0,
    "meanResTime" : 274.0999999999999,
    "medianResTime" : 234.0,
    "minResTime" : 158.0,
    "maxResTime" : 635.0,
    "pct1ResTime" : 569.8000000000004,
    "pct2ResTime" : 593.6,
    "pct3ResTime" : 635.0,
    "throughput" : 0.1742393002549702,
    "receivedKBytesPerSec" : 0.039135780330706194,
    "sentKBytesPerSec" : 0.10753831812611442
  },
  "SC11_CreateAccount_TS03_ClickonSignin" : {
    "transaction" : "SC11_CreateAccount_TS03_ClickonSignin",
    "sampleCount" : 3,
    "errorCount" : 0,
    "errorPct" : 0.0,
    "meanResTime" : 236.66666666666666,
    "medianResTime" : 238.0,
    "minResTime" : 176.0,
    "maxResTime" : 296.0,
    "pct1ResTime" : 296.0,
    "pct2ResTime" : 296.0,
    "pct3ResTime" : 296.0,
    "throughput" : 0.0064423165711414284,
    "receivedKBytesPerSec" : 0.02575458652675387,
    "sentKBytesPerSec" : 0.004127109053387477
  },
  "SC03_ShoppingCats_TS02_ClickonEntertheStore" : {
    "transaction" : "SC03_ShoppingCats_TS02_ClickonEntertheStore",
    "sampleCount" : 8,
    "errorCount" : 0,
    "errorPct" : 0.0,
    "meanResTime" : 230.125,
    "medianResTime" : 234.5,
    "minResTime" : 198.0,
    "maxResTime" : 258.0,
    "pct1ResTime" : 258.0,
    "pct2ResTime" : 258.0,
    "pct3ResTime" : 258.0,
    "throughput" : 0.01511261733530553,
    "receivedKBytesPerSec" : 0.07594311587221526,
    "sentKBytesPerSec" : 0.00833481507823613
  },
  "SC02_ShoppingDogs_TS11_EnterPaymentsDetailsandClickonContinue" : {
    "transaction" : "SC02_ShoppingDogs_TS11_EnterPaymentsDetailsandClickonContinue",
    "sampleCount" : 6,
    "errorCount" : 0,
    "errorPct" : 0.0,
    "meanResTime" : 259.6666666666667,
    "medianResTime" : 246.5,
    "minResTime" : 233.0,
    "maxResTime" : 310.0,
    "pct1ResTime" : 310.0,
    "pct2ResTime" : 310.0,
    "pct3ResTime" : 310.0,
    "throughput" : 0.016961945874430714,
    "receivedKBytesPerSec" : 0.07843243526897406,
    "sentKBytesPerSec" : 0.020920837538482416
  },
  "SC08_AddToCartDeleteCart_TS02_ClickonEntertheStore" : {
    "transaction" : "SC08_AddToCartDeleteCart_TS02_ClickonEntertheStore",
    "sampleCount" : 12,
    "errorCount" : 0,
    "errorPct" : 0.0,
    "meanResTime" : 229.33333333333331,
    "medianResTime" : 231.0,
    "minResTime" : 174.0,
    "maxResTime" : 304.0,
    "pct1ResTime" : 291.1,
    "pct2ResTime" : 304.0,
    "pct3ResTime" : 304.0,
    "throughput" : 0.02545700629848764,
    "receivedKBytesPerSec" : 0.1279251857035574,
    "sentKBytesPerSec" : 0.014039887018623923
  },
  "SC05_ShoppingBirds_TS04_Login" : {
    "transaction" : "SC05_ShoppingBirds_TS04_Login",
    "sampleCount" : 8,
    "errorCount" : 0,
    "errorPct" : 0.0,
    "meanResTime" : 590.875,
    "medianResTime" : 604.0,
    "minResTime" : 474.0,
    "maxResTime" : 703.0,
    "pct1ResTime" : 703.0,
    "pct2ResTime" : 703.0,
    "pct3ResTime" : 703.0,
    "throughput" : 0.015113445298773922,
    "receivedKBytesPerSec" : 0.15689055031832694,
    "sentKBytesPerSec" : 0.032957347023595866
  },
  "SC01_ShoppingFish_TS10_ClickonProceedtoCheckout/actions/Order.action-50" : {
    "transaction" : "SC01_ShoppingFish_TS10_ClickonProceedtoCheckout/actions/Order.action-50",
    "sampleCount" : 33,
    "errorCount" : 0,
    "errorPct" : 0.0,
    "meanResTime" : 193.0909090909091,
    "medianResTime" : 189.0,
    "minResTime" : 147.0,
    "maxResTime" : 287.0,
    "pct1ResTime" : 231.6,
    "pct2ResTime" : 287.0,
    "pct3ResTime" : 287.0,
    "throughput" : 0.08737301127111846,
    "receivedKBytesPerSec" : 0.4786407944920584,
    "sentKBytesPerSec" : 0.05196305064854604
  },
  "SC05_ShoppingBirds_TS13_ClickonSignout" : {
    "transaction" : "SC05_ShoppingBirds_TS13_ClickonSignout",
    "sampleCount" : 6,
    "errorCount" : 0,
    "errorPct" : 0.0,
    "meanResTime" : 589.8333333333334,
    "medianResTime" : 593.0,
    "minResTime" : 540.0,
    "maxResTime" : 635.0,
    "pct1ResTime" : 635.0,
    "pct2ResTime" : 635.0,
    "pct3ResTime" : 635.0,
    "throughput" : 0.016883478671945566,
    "receivedKBytesPerSec" : 0.16901615221300195,
    "sentKBytesPerSec" : 0.03096403607999392
  },
  "SC04_ShoppingReptiles_TS12_ClickonConfirm" : {
    "transaction" : "SC04_ShoppingReptiles_TS12_ClickonConfirm",
    "sampleCount" : 6,
    "errorCount" : 0,
    "errorPct" : 0.0,
    "meanResTime" : 200.33333333333334,
    "medianResTime" : 178.0,
    "minResTime" : 168.0,
    "maxResTime" : 272.0,
    "pct1ResTime" : 272.0,
    "pct2ResTime" : 272.0,
    "pct3ResTime" : 272.0,
    "throughput" : 0.01701973154210114,
    "receivedKBytesPerSec" : 0.09025665577876618,
    "sentKBytesPerSec" : 0.010321536413715636
  },
  "ClickonConfirm/actions/Order.action-55" : {
    "transaction" : "ClickonConfirm/actions/Order.action-55",
    "sampleCount" : 6,
    "errorCount" : 0,
    "errorPct" : 0.0,
    "meanResTime" : 209.83333333333334,
    "medianResTime" : 212.0,
    "minResTime" : 174.0,
    "maxResTime" : 245.0,
    "pct1ResTime" : 245.0,
    "pct2ResTime" : 245.0,
    "pct3ResTime" : 245.0,
    "throughput" : 0.01700622427808578,
    "receivedKBytesPerSec" : 0.08998296631775562,
    "sentKBytesPerSec" : 0.010313344996768817
  },
  "SC02_ShoppingDogs_TS06_SelectProductID" : {
    "transaction" : "SC02_ShoppingDogs_TS06_SelectProductID",
    "sampleCount" : 8,
    "errorCount" : 0,
    "errorPct" : 0.0,
    "meanResTime" : 228.5,
    "medianResTime" : 226.5,
    "minResTime" : 181.0,
    "maxResTime" : 295.0,
    "pct1ResTime" : 295.0,
    "pct2ResTime" : 295.0,
    "pct3ResTime" : 295.0,
    "throughput" : 0.015126590655548623,
    "receivedKBytesPerSec" : 0.06286435288917881,
    "sentKBytesPerSec" : 0.009779104505833192
  },
  "SC01_ShoppingFish_TS05_ClickonFish/actions/Catalog.action-43" : {
    "transaction" : "SC01_ShoppingFish_TS05_ClickonFish/actions/Catalog.action-43",
    "sampleCount" : 44,
    "errorCount" : 0,
    "errorPct" : 0.0,
    "meanResTime" : 217.22727272727272,
    "medianResTime" : 212.5,
    "minResTime" : 169.0,
    "maxResTime" : 345.0,
    "pct1ResTime" : 258.5,
    "pct2ResTime" : 276.25,
    "pct3ResTime" : 345.0,
    "throughput" : 0.08090004982707615,
    "receivedKBytesPerSec" : 0.31528323750967585,
    "sentKBytesPerSec" : 0.04984970000330955
  },
  "SC05_ShoppingBirds_TS05_ClickonBirds" : {
    "transaction" : "SC05_ShoppingBirds_TS05_ClickonBirds",
    "sampleCount" : 8,
    "errorCount" : 0,
    "errorPct" : 0.0,
    "meanResTime" : 214.99999999999997,
    "medianResTime" : 208.5,
    "minResTime" : 186.0,
    "maxResTime" : 259.0,
    "pct1ResTime" : 259.0,
    "pct2ResTime" : 259.0,
    "pct3ResTime" : 259.0,
    "throughput" : 0.015124360050515363,
    "receivedKBytesPerSec" : 0.0570412876123929,
    "sentKBytesPerSec" : 0.009319796085815618
  },
  "Login/actions/Catalog.action-41" : {
    "transaction" : "Login/actions/Catalog.action-41",
    "sampleCount" : 8,
    "errorCount" : 0,
    "errorPct" : 0.0,
    "meanResTime" : 193.37499999999997,
    "medianResTime" : 202.0,
    "minResTime" : 147.0,
    "maxResTime" : 232.0,
    "pct1ResTime" : 232.0,
    "pct2ResTime" : 232.0,
    "pct3ResTime" : 232.0,
    "throughput" : 0.015157285254424507,
    "receivedKBytesPerSec" : 0.07697058918262445,
    "sentKBytesPerSec" : 0.008881221828764359
  },
  "SC02_ShoppingDogs_TS07_SelectItemID" : {
    "transaction" : "SC02_ShoppingDogs_TS07_SelectItemID",
    "sampleCount" : 8,
    "errorCount" : 0,
    "errorPct" : 0.0,
    "meanResTime" : 663.1249999999999,
    "medianResTime" : 639.5,
    "minResTime" : 499.0,
    "maxResTime" : 1018.0,
    "pct1ResTime" : 1018.0,
    "pct2ResTime" : 1018.0,
    "pct3ResTime" : 1018.0,
    "throughput" : 0.015116129666160277,
    "receivedKBytesPerSec" : 0.05906398858448783,
    "sentKBytesPerSec" : 0.009678234875367512
  },
  "SC07_OpenMyOrders_TS06_ClickOnMyOrders" : {
    "transaction" : "SC07_OpenMyOrders_TS06_ClickOnMyOrders",
    "sampleCount" : 15,
    "errorCount" : 0,
    "errorPct" : 0.0,
    "meanResTime" : 264.66666666666663,
    "medianResTime" : 306.0,
    "minResTime" : 158.0,
    "maxResTime" : 335.0,
    "pct1ResTime" : 332.6,
    "pct2ResTime" : 335.0,
    "pct3ResTime" : 335.0,
    "throughput" : 0.02988345452734336,
    "receivedKBytesPerSec" : 0.1023741782050005,
    "sentKBytesPerSec" : 0.018297779285785437
  },
  "SC09_OpenCart_TS06_ClickonSignout" : {
    "transaction" : "SC09_OpenCart_TS06_ClickonSignout",
    "sampleCount" : 15,
    "errorCount" : 0,
    "errorPct" : 0.0,
    "meanResTime" : 609.3333333333334,
    "medianResTime" : 617.0,
    "minResTime" : 479.0,
    "maxResTime" : 807.0,
    "pct1ResTime" : 729.6,
    "pct2ResTime" : 807.0,
    "pct3ResTime" : 807.0,
    "throughput" : 0.032556039796503046,
    "receivedKBytesPerSec" : 0.325910121048782,
    "sentKBytesPerSec" : 0.05970726829866477
  },
  "SC11_CreateAccount_TS02_ClickonEntertheStore" : {
    "transaction" : "SC11_CreateAccount_TS02_ClickonEntertheStore",
    "sampleCount" : 3,
    "errorCount" : 0,
    "errorPct" : 0.0,
    "meanResTime" : 222.0,
    "medianResTime" : 238.0,
    "minResTime" : 188.0,
    "maxResTime" : 240.0,
    "pct1ResTime" : 240.0,
    "pct2ResTime" : 240.0,
    "pct3ResTime" : 240.0,
    "throughput" : 0.006443312807802423,
    "receivedKBytesPerSec" : 0.03274092217766791,
    "sentKBytesPerSec" : 0.003525784124321573
  },
  "SC05_ShoppingBirds_TS06_SelectProductID" : {
    "transaction" : "SC05_ShoppingBirds_TS06_SelectProductID",
    "sampleCount" : 8,
    "errorCount" : 0,
    "errorPct" : 0.0,
    "meanResTime" : 188.625,
    "medianResTime" : 184.5,
    "minResTime" : 168.0,
    "maxResTime" : 226.0,
    "pct1ResTime" : 226.0,
    "pct2ResTime" : 226.0,
    "pct3ResTime" : 226.0,
    "throughput" : 0.01512444583085198,
    "receivedKBytesPerSec" : 0.059441730709241976,
    "sentKBytesPerSec" : 0.009777717910179697
  },
  "SC01_ShoppingFish_TS09_UpdateQuantityandClickonUpdatecart" : {
    "transaction" : "SC01_ShoppingFish_TS09_UpdateQuantityandClickonUpdatecart",
    "sampleCount" : 6,
    "errorCount" : 0,
    "errorPct" : 0.0,
    "meanResTime" : 211.16666666666666,
    "medianResTime" : 213.5,
    "minResTime" : 168.0,
    "maxResTime" : 258.0,
    "pct1ResTime" : 258.0,
    "pct2ResTime" : 258.0,
    "pct3ResTime" : 258.0,
    "throughput" : 0.017007043750620048,
    "receivedKBytesPerSec" : 0.0808526596536232,
    "sentKBytesPerSec" : 0.01592749507504358
  },
  "SC04_ShoppingReptiles_TS10_ClickonProceedtoCheckout" : {
    "transaction" : "SC04_ShoppingReptiles_TS10_ClickonProceedtoCheckout",
    "sampleCount" : 6,
    "errorCount" : 0,
    "errorPct" : 0.0,
    "meanResTime" : 183.66666666666669,
    "medianResTime" : 181.0,
    "minResTime" : 148.0,
    "maxResTime" : 232.0,
    "pct1ResTime" : 232.0,
    "pct2ResTime" : 232.0,
    "pct3ResTime" : 232.0,
    "throughput" : 0.017011094068515014,
    "receivedKBytesPerSec" : 0.09309587027339664,
    "sentKBytesPerSec" : 0.010116949499732075
  },
  "SC01_ShoppingFish_TS13_ClickonSignout/actions/Account.action-56" : {
    "transaction" : "SC01_ShoppingFish_TS13_ClickonSignout/actions/Account.action-56",
    "sampleCount" : 90,
    "errorCount" : 0,
    "errorPct" : 0.0,
    "meanResTime" : 468.0777777777777,
    "medianResTime" : 431.0,
    "minResTime" : 319.0,
    "maxResTime" : 887.0,
    "pct1ResTime" : 738.1000000000003,
    "pct2ResTime" : 802.4000000000001,
    "pct3ResTime" : 887.0,
    "throughput" : 0.17417961401797533,
    "receivedKBytesPerSec" : 0.8977734402215565,
    "sentKBytesPerSec" : 0.21347208553960845
  },
  "SC05_ShoppingBirds_TS12_ClickonConfirm" : {
    "transaction" : "SC05_ShoppingBirds_TS12_ClickonConfirm",
    "sampleCount" : 6,
    "errorCount" : 0,
    "errorPct" : 0.0,
    "meanResTime" : 184.0,
    "medianResTime" : 181.5,
    "minResTime" : 170.0,
    "maxResTime" : 211.0,
    "pct1ResTime" : 211.0,
    "pct2ResTime" : 211.0,
    "pct3ResTime" : 211.0,
    "throughput" : 0.01690340829055832,
    "receivedKBytesPerSec" : 0.08956550405259213,
    "sentKBytesPerSec" : 0.01025099272308273
  },
  "SC01_ShoppingFish_TS07_SelectItemID" : {
    "transaction" : "SC01_ShoppingFish_TS07_SelectItemID",
    "sampleCount" : 8,
    "errorCount" : 0,
    "errorPct" : 0.0,
    "meanResTime" : 655.25,
    "medianResTime" : 644.5,
    "minResTime" : 453.0,
    "maxResTime" : 918.0,
    "pct1ResTime" : 918.0,
    "pct2ResTime" : 918.0,
    "pct3ResTime" : 918.0,
    "throughput" : 0.015140733114297393,
    "receivedKBytesPerSec" : 0.05914533696174694,
    "sentKBytesPerSec" : 0.009690290981233063
  },
  "SC01_ShoppingFish_TS09_UpdateQuantityandClickonUpdatecart/actions/Cart.action-49" : {
    "transaction" : "SC01_ShoppingFish_TS09_UpdateQuantityandClickonUpdatecart/actions/Cart.action-49",
    "sampleCount" : 33,
    "errorCount" : 0,
    "errorPct" : 0.0,
    "meanResTime" : 216.84848484848484,
    "medianResTime" : 213.0,
    "minResTime" : 165.0,
    "maxResTime" : 303.0,
    "pct1ResTime" : 298.0,
    "pct2ResTime" : 303.0,
    "pct3ResTime" : 303.0,
    "throughput" : 0.08735219611362138,
    "receivedKBytesPerSec" : 0.4161171998459425,
    "sentKBytesPerSec" : 0.08186166390051379
  },
  "SC04_ShoppingReptiles_TS08_ClickonAddtocart" : {
    "transaction" : "SC04_ShoppingReptiles_TS08_ClickonAddtocart",
    "sampleCount" : 8,
    "errorCount" : 0,
    "errorPct" : 0.0,
    "meanResTime" : 215.87499999999997,
    "medianResTime" : 228.0,
    "minResTime" : 173.0,
    "maxResTime" : 270.0,
    "pct1ResTime" : 270.0,
    "pct2ResTime" : 270.0,
    "pct3ResTime" : 270.0,
    "throughput" : 0.015179055938615899,
    "receivedKBytesPerSec" : 0.07222651373135347,
    "sentKBytesPerSec" : 0.009738906007490864
  },
  "SC05_ShoppingBirds_TS11_EnterPaymentsDetailsandClickonContinue" : {
    "transaction" : "SC05_ShoppingBirds_TS11_EnterPaymentsDetailsandClickonContinue",
    "sampleCount" : 6,
    "errorCount" : 0,
    "errorPct" : 0.0,
    "meanResTime" : 266.0,
    "medianResTime" : 200.5,
    "minResTime" : 170.0,
    "maxResTime" : 557.0,
    "pct1ResTime" : 557.0,
    "pct2ResTime" : 557.0,
    "pct3ResTime" : 557.0,
    "throughput" : 0.01690497992533634,
    "receivedKBytesPerSec" : 0.07790488307388885,
    "sentKBytesPerSec" : 0.020850575825878705
  },
  "SC06_Search_TS11_EnterPaymentsDetailsandClickonContinue" : {
    "transaction" : "SC06_Search_TS11_EnterPaymentsDetailsandClickonContinue",
    "sampleCount" : 9,
    "errorCount" : 0,
    "errorPct" : 0.0,
    "meanResTime" : 272.44444444444446,
    "medianResTime" : 206.0,
    "minResTime" : 164.0,
    "maxResTime" : 745.0,
    "pct1ResTime" : 745.0,
    "pct2ResTime" : 745.0,
    "pct3ResTime" : 745.0,
    "throughput" : 0.025094662644085188,
    "receivedKBytesPerSec" : 0.11634600102609287,
    "sentKBytesPerSec" : 0.03095171769480429
  },
  "SC04_ShoppingReptiles_TS02_ClickonEntertheStore" : {
    "transaction" : "SC04_ShoppingReptiles_TS02_ClickonEntertheStore",
    "sampleCount" : 8,
    "errorCount" : 0,
    "errorPct" : 0.0,
    "meanResTime" : 201.875,
    "medianResTime" : 192.0,
    "minResTime" : 171.0,
    "maxResTime" : 242.0,
    "pct1ResTime" : 242.0,
    "pct2ResTime" : 242.0,
    "pct3ResTime" : 242.0,
    "throughput" : 0.01517580218341854,
    "receivedKBytesPerSec" : 0.07626062898957613,
    "sentKBytesPerSec" : 0.008369662385825802
  },
  "SC03_ShoppingCats_TS09_UpdateQuantityandClickonUpdatecart" : {
    "transaction" : "SC03_ShoppingCats_TS09_UpdateQuantityandClickonUpdatecart",
    "sampleCount" : 6,
    "errorCount" : 0,
    "errorPct" : 0.0,
    "meanResTime" : 225.66666666666669,
    "medianResTime" : 224.0,
    "minResTime" : 171.0,
    "maxResTime" : 303.0,
    "pct1ResTime" : 303.0,
    "pct2ResTime" : 303.0,
    "pct3ResTime" : 303.0,
    "throughput" : 0.016900170691723986,
    "receivedKBytesPerSec" : 0.0804408515151003,
    "sentKBytesPerSec" : 0.015843910023491236
  },
  "SC02_ShoppingDogs_TS09_UpdateQuantityandClickonUpdatecart" : {
    "transaction" : "SC02_ShoppingDogs_TS09_UpdateQuantityandClickonUpdatecart",
    "sampleCount" : 6,
    "errorCount" : 0,
    "errorPct" : 0.0,
    "meanResTime" : 218.83333333333334,
    "medianResTime" : 219.0,
    "minResTime" : 172.0,
    "maxResTime" : 250.0,
    "pct1ResTime" : 250.0,
    "pct2ResTime" : 250.0,
    "pct3ResTime" : 250.0,
    "throughput" : 0.016962569263824494,
    "receivedKBytesPerSec" : 0.0808538091569603,
    "sentKBytesPerSec" : 0.015891365345470993
  },
  "SC08_AddToCartDeleteCart_TS08_ClickonAddtocart" : {
    "transaction" : "SC08_AddToCartDeleteCart_TS08_ClickonAddtocart",
    "sampleCount" : 12,
    "errorCount" : 0,
    "errorPct" : 0.0,
    "meanResTime" : 207.66666666666669,
    "medianResTime" : 197.0,
    "minResTime" : 166.0,
    "maxResTime" : 290.0,
    "pct1ResTime" : 275.00000000000006,
    "pct2ResTime" : 290.0,
    "pct3ResTime" : 290.0,
    "throughput" : 0.025455926245696356,
    "receivedKBytesPerSec" : 0.12115181304531367,
    "sentKBytesPerSec" : 0.016315989185474
  },
  "SC11_CreateAccount_TS05_EnterAccInfoandclickonSave" : {
    "transaction" : "SC11_CreateAccount_TS05_EnterAccInfoandclickonSave",
    "sampleCount" : 3,
    "errorCount" : 0,
    "errorPct" : 0.0,
    "meanResTime" : 615.6666666666666,
    "medianResTime" : 583.0,
    "minResTime" : 521.0,
    "maxResTime" : 743.0,
    "pct1ResTime" : 743.0,
    "pct2ResTime" : 743.0,
    "pct3ResTime" : 743.0,
    "throughput" : 0.006438168898922894,
    "receivedKBytesPerSec" : 0.06397930343304627,
    "sentKBytesPerSec" : 0.017790890554347804
  },
  "SC06_Search_TS12_ClickonConfirm" : {
    "transaction" : "SC06_Search_TS12_ClickonConfirm",
    "sampleCount" : 9,
    "errorCount" : 0,
    "errorPct" : 0.0,
    "meanResTime" : 193.22222222222223,
    "medianResTime" : 181.0,
    "minResTime" : 168.0,
    "maxResTime" : 235.0,
    "pct1ResTime" : 235.0,
    "pct2ResTime" : 235.0,
    "pct3ResTime" : 235.0,
    "throughput" : 0.02509760178471835,
    "receivedKBytesPerSec" : 0.13355431713608476,
    "sentKBytesPerSec" : 0.015220322957334076
  },
  "SC01_ShoppingFish_TS08_ClickonAddtocart/actions/Cart.action-48" : {
    "transaction" : "SC01_ShoppingFish_TS08_ClickonAddtocart/actions/Cart.action-48",
    "sampleCount" : 51,
    "errorCount" : 0,
    "errorPct" : 0.0,
    "meanResTime" : 211.84313725490196,
    "medianResTime" : 203.0,
    "minResTime" : 166.0,
    "maxResTime" : 295.0,
    "pct1ResTime" : 266.6,
    "pct2ResTime" : 280.4,
    "pct3ResTime" : 295.0,
    "throughput" : 0.09383417477443,
    "receivedKBytesPerSec" : 0.4467867947257835,
    "sentKBytesPerSec" : 0.06016462435512004
  },
  "SC01_ShoppingFish_TS04_Login/actions/Catalog.action-41" : {
    "transaction" : "SC01_ShoppingFish_TS04_Login/actions/Catalog.action-41",
    "sampleCount" : 100,
    "errorCount" : 0,
    "errorPct" : 0.0,
    "meanResTime" : 200.14999999999998,
    "medianResTime" : 200.5,
    "minResTime" : 144.0,
    "maxResTime" : 281.0,
    "pct1ResTime" : 241.9,
    "pct2ResTime" : 247.74999999999994,
    "pct3ResTime" : 280.8599999999999,
    "throughput" : 0.16579403738323956,
    "receivedKBytesPerSec" : 0.8420815161616028,
    "sentKBytesPerSec" : 0.09714494377924192
  },
  "SC01_ShoppingFish_TS13_ClickonSignout/actions/Catalog.action-57" : {
    "transaction" : "SC01_ShoppingFish_TS13_ClickonSignout/actions/Catalog.action-57",
    "sampleCount" : 90,
    "errorCount" : 0,
    "errorPct" : 0.0,
    "meanResTime" : 186.45555555555555,
    "medianResTime" : 186.0,
    "minResTime" : 143.0,
    "maxResTime" : 269.0,
    "pct1ResTime" : 220.0,
    "pct2ResTime" : 245.35000000000002,
    "pct3ResTime" : 269.0,
    "throughput" : 0.17423120480878124,
    "receivedKBytesPerSec" : 0.8461443178848332,
    "sentKBytesPerSec" : 0.10600199276940502
  },
  "SC08_AddToCartDeleteCart_TS07_SelectItemID" : {
    "transaction" : "SC08_AddToCartDeleteCart_TS07_SelectItemID",
    "sampleCount" : 12,
    "errorCount" : 0,
    "errorPct" : 0.0,
    "meanResTime" : 555.2500000000001,
    "medianResTime" : 563.5,
    "minResTime" : 442.0,
    "maxResTime" : 649.0,
    "pct1ResTime" : 640.6,
    "pct2ResTime" : 649.0,
    "pct3ResTime" : 649.0,
    "throughput" : 0.02544216360159268,
    "receivedKBytesPerSec" : 0.09972508218348888,
    "sentKBytesPerSec" : 0.01630095654584466
  },
  "SC09_OpenCart_TS01_Launch" : {
    "transaction" : "SC09_OpenCart_TS01_Launch",
    "sampleCount" : 18,
    "errorCount" : 0,
    "errorPct" : 0.0,
    "meanResTime" : 636.9444444444446,
    "medianResTime" : 610.0,
    "minResTime" : 513.0,
    "maxResTime" : 821.0,
    "pct1ResTime" : 803.9,
    "pct2ResTime" : 821.0,
    "pct3ResTime" : 821.0,
    "throughput" : 0.031383762390047865,
    "receivedKBytesPerSec" : 0.04450119432651318,
    "sentKBytesPerSec" : 0.016769676420333193
  },
  "SC07_OpenMyOrders_TS07_ClickonSignout" : {
    "transaction" : "SC07_OpenMyOrders_TS07_ClickonSignout",
    "sampleCount" : 15,
    "errorCount" : 0,
    "errorPct" : 0.0,
    "meanResTime" : 935.4,
    "medianResTime" : 930.0,
    "minResTime" : 760.0,
    "maxResTime" : 1081.0,
    "pct1ResTime" : 1079.2,
    "pct2ResTime" : 1081.0,
    "pct3ResTime" : 1081.0,
    "throughput" : 0.029846054053193627,
    "receivedKBytesPerSec" : 0.2987811524407108,
    "sentKBytesPerSec" : 0.05473719678896253
  },
  "SC10_LoginLogout_TS03_ClickonSignin" : {
    "transaction" : "SC10_LoginLogout_TS03_ClickonSignin",
    "sampleCount" : 12,
    "errorCount" : 0,
    "errorPct" : 0.0,
    "meanResTime" : 213.25,
    "medianResTime" : 211.5,
    "minResTime" : 170.0,
    "maxResTime" : 257.0,
    "pct1ResTime" : 255.8,
    "pct2ResTime" : 257.0,
    "pct3ResTime" : 257.0,
    "throughput" : 0.023232041631818606,
    "receivedKBytesPerSec" : 0.09289413521629031,
    "sentKBytesPerSec" : 0.014883026670383792
  },
  "SC03_ShoppingCats_TS08_ClickonAddtocart" : {
    "transaction" : "SC03_ShoppingCats_TS08_ClickonAddtocart",
    "sampleCount" : 7,
    "errorCount" : 0,
    "errorPct" : 0.0,
    "meanResTime" : 234.71428571428572,
    "medianResTime" : 238.0,
    "minResTime" : 182.0,
    "maxResTime" : 274.0,
    "pct1ResTime" : 274.0,
    "pct2ResTime" : 274.0,
    "pct3ResTime" : 274.0,
    "throughput" : 0.01335536332311966,
    "receivedKBytesPerSec" : 0.0635348617910687,
    "sentKBytesPerSec" : 0.008568821975868767
  },
  "SC01_ShoppingFish_TS04_Login/actions/Account.action-40-0" : {
    "transaction" : "SC01_ShoppingFish_TS04_Login/actions/Account.action-40-0",
    "sampleCount" : 100,
    "errorCount" : 0,
    "errorPct" : 0.0,
    "meanResTime" : 208.55,
    "medianResTime" : 207.0,
    "minResTime" : 159.0,
    "maxResTime" : 321.0,
    "pct1ResTime" : 257.0,
    "pct2ResTime" : 278.6499999999999,
    "pct3ResTime" : 320.6399999999998,
    "throughput" : 0.16578771546185972,
    "receivedKBytesPerSec" : 0.03723747515256614,
    "sentKBytesPerSec" : 0.15334230365760856
  },
  "SC01_ShoppingFish_TS04_Login/actions/Account.action-40-1" : {
    "transaction" : "SC01_ShoppingFish_TS04_Login/actions/Account.action-40-1",
    "sampleCount" : 100,
    "errorCount" : 0,
    "errorPct" : 0.0,
    "meanResTime" : 203.04,
    "medianResTime" : 199.0,
    "minResTime" : 143.0,
    "maxResTime" : 356.0,
    "pct1ResTime" : 252.0,
    "pct2ResTime" : 292.0,
    "pct3ResTime" : 355.53999999999974,
    "throughput" : 0.16579623642543315,
    "receivedKBytesPerSec" : 0.8420926852772942,
    "sentKBytesPerSec" : 0.11139434634833789
  },
  "ClickonSignout/actions/Account.action-56" : {
    "transaction" : "ClickonSignout/actions/Account.action-56",
    "sampleCount" : 6,
    "errorCount" : 0,
    "errorPct" : 0.0,
    "meanResTime" : 408.3333333333333,
    "medianResTime" : 411.0,
    "minResTime" : 325.0,
    "maxResTime" : 464.0,
    "pct1ResTime" : 464.0,
    "pct2ResTime" : 464.0,
    "pct3ResTime" : 464.0,
    "throughput" : 0.016997696812081964,
    "receivedKBytesPerSec" : 0.08761117556071153,
    "sentKBytesPerSec" : 0.020832138182776235
  },
  "SC03_ShoppingCats_TS12_ClickonConfirm" : {
    "transaction" : "SC03_ShoppingCats_TS12_ClickonConfirm",
    "sampleCount" : 6,
    "errorCount" : 0,
    "errorPct" : 0.0,
    "meanResTime" : 243.33333333333331,
    "medianResTime" : 224.5,
    "minResTime" : 174.0,
    "maxResTime" : 350.0,
    "pct1ResTime" : 350.0,
    "pct2ResTime" : 350.0,
    "pct3ResTime" : 350.0,
    "throughput" : 0.016900503916691782,
    "receivedKBytesPerSec" : 0.08962988600610108,
    "sentKBytesPerSec" : 0.010249231379165622
  },
  "SC07_OpenMyOrders_TS01_Launch" : {
    "transaction" : "SC07_OpenMyOrders_TS01_Launch",
    "sampleCount" : 15,
    "errorCount" : 0,
    "errorPct" : 0.0,
    "meanResTime" : 658.5999999999999,
    "medianResTime" : 628.0,
    "minResTime" : 534.0,
    "maxResTime" : 872.0,
    "pct1ResTime" : 859.4,
    "pct2ResTime" : 872.0,
    "pct3ResTime" : 872.0,
    "throughput" : 0.029835665156318997,
    "receivedKBytesPerSec" : 0.0423060408271242,
    "sentKBytesPerSec" : 0.01589098806275037
  },
  "SC08_AddToCartDeleteCart_TS05_SelectCatogory" : {
    "transaction" : "SC08_AddToCartDeleteCart_TS05_SelectCatogory",
    "sampleCount" : 12,
    "errorCount" : 0,
    "errorPct" : 0.0,
    "meanResTime" : 205.91666666666666,
    "medianResTime" : 201.5,
    "minResTime" : 171.0,
    "maxResTime" : 248.0,
    "pct1ResTime" : 244.4,
    "pct2ResTime" : 248.0,
    "pct3ResTime" : 248.0,
    "throughput" : 0.025469757846277277,
    "receivedKBytesPerSec" : 0.09877822102231364,
    "sentKBytesPerSec" : 0.015676088752554936
  },
  "Login/actions/Account.action-40" : {
    "transaction" : "Login/actions/Account.action-40",
    "sampleCount" : 8,
    "errorCount" : 0,
    "errorPct" : 0.0,
    "meanResTime" : 402.0,
    "medianResTime" : 415.0,
    "minResTime" : 333.0,
    "maxResTime" : 439.0,
    "pct1ResTime" : 439.0,
    "pct2ResTime" : 439.0,
    "pct3ResTime" : 439.0,
    "throughput" : 0.015151314281818233,
    "receivedKBytesPerSec" : 0.08034339506862599,
    "sentKBytesPerSec" : 0.02416220334200115
  },
  "SC03_ShoppingCats_TS05_ClickonCats" : {
    "transaction" : "SC03_ShoppingCats_TS05_ClickonCats",
    "sampleCount" : 8,
    "errorCount" : 0,
    "errorPct" : 0.0,
    "meanResTime" : 216.875,
    "medianResTime" : 217.5,
    "minResTime" : 169.0,
    "maxResTime" : 258.0,
    "pct1ResTime" : 258.0,
    "pct2ResTime" : 258.0,
    "pct3ResTime" : 258.0,
    "throughput" : 0.015113273988544139,
    "receivedKBytesPerSec" : 0.056940440476370396,
    "sentKBytesPerSec" : 0.00929820567654571
  },
  "SC04_ShoppingReptiles_TS03_ClickonSignin" : {
    "transaction" : "SC04_ShoppingReptiles_TS03_ClickonSignin",
    "sampleCount" : 8,
    "errorCount" : 0,
    "errorPct" : 0.0,
    "meanResTime" : 236.74999999999997,
    "medianResTime" : 248.0,
    "minResTime" : 173.0,
    "maxResTime" : 288.0,
    "pct1ResTime" : 288.0,
    "pct2ResTime" : 288.0,
    "pct3ResTime" : 288.0,
    "throughput" : 0.015174621962230366,
    "receivedKBytesPerSec" : 0.06067996414047147,
    "sentKBytesPerSec" : 0.009721242194553828
  },
  "SC11_CreateAccount_TS01_Launch" : {
    "transaction" : "SC11_CreateAccount_TS01_Launch",
    "sampleCount" : 3,
    "errorCount" : 0,
    "errorPct" : 0.0,
    "meanResTime" : 737.6666666666666,
    "medianResTime" : 763.0,
    "minResTime" : 629.0,
    "maxResTime" : 821.0,
    "pct1ResTime" : 821.0,
    "pct2ResTime" : 821.0,
    "pct3ResTime" : 821.0,
    "throughput" : 0.006434412956333929,
    "receivedKBytesPerSec" : 0.009123796496676625,
    "sentKBytesPerSec" : 0.003382674780103937
  },
  "SC03_ShoppingCats_TS04_Login" : {
    "transaction" : "SC03_ShoppingCats_TS04_Login",
    "sampleCount" : 8,
    "errorCount" : 0,
    "errorPct" : 0.0,
    "meanResTime" : 623.375,
    "medianResTime" : 640.5,
    "minResTime" : 494.0,
    "maxResTime" : 716.0,
    "pct1ResTime" : 716.0,
    "pct2ResTime" : 716.0,
    "pct3ResTime" : 716.0,
    "throughput" : 0.015099524742458731,
    "receivedKBytesPerSec" : 0.1567755342400598,
    "sentKBytesPerSec" : 0.03295648222597194
  },
  "SC01_ShoppingFish_TS10_ClickonProceedtoCheckout" : {
    "transaction" : "SC01_ShoppingFish_TS10_ClickonProceedtoCheckout",
    "sampleCount" : 6,
    "errorCount" : 0,
    "errorPct" : 0.0,
    "meanResTime" : 229.16666666666669,
    "medianResTime" : 205.0,
    "minResTime" : 174.0,
    "maxResTime" : 358.0,
    "pct1ResTime" : 358.0,
    "pct2ResTime" : 358.0,
    "pct3ResTime" : 358.0,
    "throughput" : 0.01700800793707037,
    "receivedKBytesPerSec" : 0.09294610587484942,
    "sentKBytesPerSec" : 0.010115114095386579
  },
  "SC02_ShoppingDogs_TS02_ClickonEntertheStore" : {
    "transaction" : "SC02_ShoppingDogs_TS02_ClickonEntertheStore",
    "sampleCount" : 8,
    "errorCount" : 0,
    "errorPct" : 0.0,
    "meanResTime" : 229.625,
    "medianResTime" : 222.5,
    "minResTime" : 204.0,
    "maxResTime" : 258.0,
    "pct1ResTime" : 258.0,
    "pct2ResTime" : 258.0,
    "pct3ResTime" : 258.0,
    "throughput" : 0.015128821918637195,
    "receivedKBytesPerSec" : 0.07602454627717514,
    "sentKBytesPerSec" : 0.008343752127490582
  },
  "SC06_Search_TS10_ClickonProceedtoCheckout" : {
    "transaction" : "SC06_Search_TS10_ClickonProceedtoCheckout",
    "sampleCount" : 9,
    "errorCount" : 0,
    "errorPct" : 0.0,
    "meanResTime" : 184.44444444444446,
    "medianResTime" : 175.0,
    "minResTime" : 150.0,
    "maxResTime" : 287.0,
    "pct1ResTime" : 287.0,
    "pct2ResTime" : 287.0,
    "pct3ResTime" : 287.0,
    "throughput" : 0.025104042308679304,
    "receivedKBytesPerSec" : 0.13788972718182022,
    "sentKBytesPerSec" : 0.014930040787095407
  },
  "SelectItemID/actions/Catalog.action-46" : {
    "transaction" : "SelectItemID/actions/Catalog.action-46",
    "sampleCount" : 8,
    "errorCount" : 0,
    "errorPct" : 0.0,
    "meanResTime" : 655.25,
    "medianResTime" : 644.5,
    "minResTime" : 453.0,
    "maxResTime" : 918.0,
    "pct1ResTime" : 918.0,
    "pct2ResTime" : 918.0,
    "pct3ResTime" : 918.0,
    "throughput" : 0.015140761769576532,
    "receivedKBytesPerSec" : 0.05914544889992903,
    "sentKBytesPerSec" : 0.009690309321031465
  },
  "SC03_ShoppingCats_TS11_EnterPaymentsDetailsandClickonContinue" : {
    "transaction" : "SC03_ShoppingCats_TS11_EnterPaymentsDetailsandClickonContinue",
    "sampleCount" : 6,
    "errorCount" : 0,
    "errorPct" : 0.0,
    "meanResTime" : 261.66666666666663,
    "medianResTime" : 258.0,
    "minResTime" : 222.0,
    "maxResTime" : 310.0,
    "pct1ResTime" : 310.0,
    "pct2ResTime" : 310.0,
    "pct3ResTime" : 310.0,
    "throughput" : 0.01689574480667044,
    "receivedKBytesPerSec" : 0.0779943219737609,
    "sentKBytesPerSec" : 0.02083918524494606
  },
  "SC07_OpenMyOrders_TS04_Login" : {
    "transaction" : "SC07_OpenMyOrders_TS04_Login",
    "sampleCount" : 15,
    "errorCount" : 0,
    "errorPct" : 0.0,
    "meanResTime" : 590.4,
    "medianResTime" : 613.0,
    "minResTime" : 486.0,
    "maxResTime" : 731.0,
    "pct1ResTime" : 702.8000000000001,
    "pct2ResTime" : 731.0,
    "pct3ResTime" : 731.0,
    "throughput" : 0.029854489219543943,
    "receivedKBytesPerSec" : 0.310031873399053,
    "sentKBytesPerSec" : 0.065219230843867
  },
  "Prp/actions/Catalog.action-3" : {
    "transaction" : "Prp/actions/Catalog.action-3",
    "sampleCount" : 12,
    "errorCount" : 0,
    "errorPct" : 0.0,
    "meanResTime" : 200.25,
    "medianResTime" : 196.0,
    "minResTime" : 175.0,
    "maxResTime" : 244.0,
    "pct1ResTime" : 238.9,
    "pct2ResTime" : 244.0,
    "pct3ResTime" : 244.0,
    "throughput" : 0.022517366518927724,
    "receivedKBytesPerSec" : 0.09508309846469089,
    "sentKBytesPerSec" : 0.013897437148400704
  },
  "SC10_LoginLogout_TS05_ClickonSignout" : {
    "transaction" : "SC10_LoginLogout_TS05_ClickonSignout",
    "sampleCount" : 12,
    "errorCount" : 0,
    "errorPct" : 0.0,
    "meanResTime" : 566.5833333333333,
    "medianResTime" : 578.5,
    "minResTime" : 483.0,
    "maxResTime" : 647.0,
    "pct1ResTime" : 643.4,
    "pct2ResTime" : 647.0,
    "pct3ResTime" : 647.0,
    "throughput" : 0.023214513713973976,
    "receivedKBytesPerSec" : 0.2323945117987766,
    "sentKBytesPerSec" : 0.04257505542465149
  },
  "SC05_ShoppingBirds_TS03_ClickonSignin" : {
    "transaction" : "SC05_ShoppingBirds_TS03_ClickonSignin",
    "sampleCount" : 8,
    "errorCount" : 0,
    "errorPct" : 0.0,
    "meanResTime" : 239.5,
    "medianResTime" : 236.5,
    "minResTime" : 174.0,
    "maxResTime" : 332.0,
    "pct1ResTime" : 332.0,
    "pct2ResTime" : 332.0,
    "pct3ResTime" : 332.0,
    "throughput" : 0.015123359351812818,
    "receivedKBytesPerSec" : 0.06048974518084703,
    "sentKBytesPerSec" : 0.009688402084755087
  },
  "ClickonProceedtoCheckout/actions/Order.action-50" : {
    "transaction" : "ClickonProceedtoCheckout/actions/Order.action-50",
    "sampleCount" : 6,
    "errorCount" : 0,
    "errorPct" : 0.0,
    "meanResTime" : 229.16666666666669,
    "medianResTime" : 205.0,
    "minResTime" : 174.0,
    "maxResTime" : 358.0,
    "pct1ResTime" : 358.0,
    "pct2ResTime" : 358.0,
    "pct3ResTime" : 358.0,
    "throughput" : 0.017007959725151373,
    "receivedKBytesPerSec" : 0.09294584240424518,
    "sentKBytesPerSec" : 0.010115085422477719
  },
  "SC05_ShoppingBirds_TS09_UpdateQuantityandClickonUpdatecart" : {
    "transaction" : "SC05_ShoppingBirds_TS09_UpdateQuantityandClickonUpdatecart",
    "sampleCount" : 6,
    "errorCount" : 0,
    "errorPct" : 0.0,
    "meanResTime" : 214.0,
    "medianResTime" : 194.5,
    "minResTime" : 169.0,
    "maxResTime" : 298.0,
    "pct1ResTime" : 298.0,
    "pct2ResTime" : 298.0,
    "pct3ResTime" : 298.0,
    "throughput" : 0.01692462617731931,
    "receivedKBytesPerSec" : 0.08060408310132493,
    "sentKBytesPerSec" : 0.015866837041236852
  },
  "SC01_ShoppingFish_TS04_Login/actions/Account.action-40" : {
    "transaction" : "SC01_ShoppingFish_TS04_Login/actions/Account.action-40",
    "sampleCount" : 100,
    "errorCount" : 0,
    "errorPct" : 0.0,
    "meanResTime" : 412.0,
    "medianResTime" : 417.0,
    "minResTime" : 309.0,
    "maxResTime" : 677.0,
    "pct1ResTime" : 480.0,
    "pct2ResTime" : 528.4999999999999,
    "pct3ResTime" : 676.1099999999996,
    "throughput" : 0.16573413592850894,
    "receivedKBytesPerSec" : 0.8790027124463021,
    "sentKBytesPerSec" : 0.26464536882888945
  },
  "SC10_LoginLogout_TS01_Launch" : {
    "transaction" : "SC10_LoginLogout_TS01_Launch",
    "sampleCount" : 12,
    "errorCount" : 0,
    "errorPct" : 0.0,
    "meanResTime" : 666.25,
    "medianResTime" : 624.0,
    "minResTime" : 442.0,
    "maxResTime" : 1100.0,
    "pct1ResTime" : 1011.5000000000003,
    "pct2ResTime" : 1100.0,
    "pct3ResTime" : 1100.0,
    "throughput" : 0.02320517630132695,
    "receivedKBytesPerSec" : 0.0329042148335222,
    "sentKBytesPerSec" : 0.012399510709188863
  },
  "SC01_ShoppingFish_TS06_SelectProductID" : {
    "transaction" : "SC01_ShoppingFish_TS06_SelectProductID",
    "sampleCount" : 8,
    "errorCount" : 0,
    "errorPct" : 0.0,
    "meanResTime" : 218.25,
    "medianResTime" : 223.5,
    "minResTime" : 167.0,
    "maxResTime" : 253.0,
    "pct1ResTime" : 253.0,
    "pct2ResTime" : 253.0,
    "pct3ResTime" : 253.0,
    "throughput" : 0.015154442714312233,
    "receivedKBytesPerSec" : 0.06369046731091992,
    "sentKBytesPerSec" : 0.009797110426635449
  },
  "SC02_ShoppingDogs_TS10_ClickonProceedtoCheckout" : {
    "transaction" : "SC02_ShoppingDogs_TS10_ClickonProceedtoCheckout",
    "sampleCount" : 6,
    "errorCount" : 0,
    "errorPct" : 0.0,
    "meanResTime" : 202.16666666666666,
    "medianResTime" : 204.5,
    "minResTime" : 161.0,
    "maxResTime" : 227.0,
    "pct1ResTime" : 227.0,
    "pct2ResTime" : 227.0,
    "pct3ResTime" : 227.0,
    "throughput" : 0.01696324065749521,
    "receivedKBytesPerSec" : 0.09296651032213193,
    "sentKBytesPerSec" : 0.010088489805092365
  },
  "ClickonEntertheStore/actions/Catalog.action-27" : {
    "transaction" : "ClickonEntertheStore/actions/Catalog.action-27",
    "sampleCount" : 8,
    "errorCount" : 0,
    "errorPct" : 0.0,
    "meanResTime" : 221.625,
    "medianResTime" : 222.5,
    "minResTime" : 189.0,
    "maxResTime" : 248.0,
    "pct1ResTime" : 248.0,
    "pct2ResTime" : 248.0,
    "pct3ResTime" : 248.0,
    "throughput" : 0.015158347891663287,
    "receivedKBytesPerSec" : 0.07617291861672497,
    "sentKBytesPerSec" : 0.008360036105289886
  },
  "SC03_ShoppingCats_TS03_ClickonSignin" : {
    "transaction" : "SC03_ShoppingCats_TS03_ClickonSignin",
    "sampleCount" : 8,
    "errorCount" : 0,
    "errorPct" : 0.0,
    "meanResTime" : 227.24999999999997,
    "medianResTime" : 231.5,
    "minResTime" : 163.0,
    "maxResTime" : 254.0,
    "pct1ResTime" : 254.0,
    "pct2ResTime" : 254.0,
    "pct3ResTime" : 254.0,
    "throughput" : 0.015113074131517749,
    "receivedKBytesPerSec" : 0.06044491709534272,
    "sentKBytesPerSec" : 0.009681813115503559
  },
  "Search/actions/Catalog.action-1" : {
    "transaction" : "Search/actions/Catalog.action-1",
    "sampleCount" : 12,
    "errorCount" : 0,
    "errorPct" : 0.0,
    "meanResTime" : 200.49999999999997,
    "medianResTime" : 199.5,
    "minResTime" : 169.0,
    "maxResTime" : 237.0,
    "pct1ResTime" : 236.4,
    "pct2ResTime" : 237.0,
    "pct3ResTime" : 237.0,
    "throughput" : 0.022517746799196117,
    "receivedKBytesPerSec" : 0.09045581197118478,
    "sentKBytesPerSec" : 0.020285763107674236
  },
  "SC03_ShoppingCats_TS10_ClickonProceedtoCheckout" : {
    "transaction" : "SC03_ShoppingCats_TS10_ClickonProceedtoCheckout",
    "sampleCount" : 6,
    "errorCount" : 0,
    "errorPct" : 0.0,
    "meanResTime" : 205.5,
    "medianResTime" : 214.0,
    "minResTime" : 161.0,
    "maxResTime" : 231.0,
    "pct1ResTime" : 231.0,
    "pct2ResTime" : 231.0,
    "pct3ResTime" : 231.0,
    "throughput" : 0.016899599479492336,
    "receivedKBytesPerSec" : 0.09248569871394048,
    "sentKBytesPerSec" : 0.010050640706065267
  },
  "SC07_OpenMyOrders_TS02_ClickonEntertheStore" : {
    "transaction" : "SC07_OpenMyOrders_TS02_ClickonEntertheStore",
    "sampleCount" : 15,
    "errorCount" : 0,
    "errorPct" : 0.0,
    "meanResTime" : 222.33333333333334,
    "medianResTime" : 233.0,
    "minResTime" : 167.0,
    "maxResTime" : 262.0,
    "pct1ResTime" : 253.6,
    "pct2ResTime" : 262.0,
    "pct3ResTime" : 262.0,
    "throughput" : 0.02987434849025001,
    "receivedKBytesPerSec" : 0.14911500976891195,
    "sentKBytesPerSec" : 0.016553423177117044
  },
  "SC01_ShoppingFish_TS04_Login" : {
    "transaction" : "SC01_ShoppingFish_TS04_Login",
    "sampleCount" : 8,
    "errorCount" : 0,
    "errorPct" : 0.0,
    "meanResTime" : 595.375,
    "medianResTime" : 625.0,
    "minResTime" : 482.0,
    "maxResTime" : 658.0,
    "pct1ResTime" : 658.0,
    "pct2ResTime" : 658.0,
    "pct3ResTime" : 658.0,
    "throughput" : 0.015144631228229592,
    "receivedKBytesPerSec" : 0.15721428706648494,
    "sentKBytesPerSec" : 0.03302535305921551
  },
  "SC01_ShoppingFish_TS12_ClickonConfirm" : {
    "transaction" : "SC01_ShoppingFish_TS12_ClickonConfirm",
    "sampleCount" : 6,
    "errorCount" : 0,
    "errorPct" : 0.0,
    "meanResTime" : 209.83333333333334,
    "medianResTime" : 212.0,
    "minResTime" : 174.0,
    "maxResTime" : 245.0,
    "pct1ResTime" : 245.0,
    "pct2ResTime" : 245.0,
    "pct3ResTime" : 245.0,
    "throughput" : 0.01700622427808578,
    "receivedKBytesPerSec" : 0.08998296631775562,
    "sentKBytesPerSec" : 0.010313344996768817
  },
  "SC05_ShoppingBirds_TS08_ClickonAddtocart" : {
    "transaction" : "SC05_ShoppingBirds_TS08_ClickonAddtocart",
    "sampleCount" : 7,
    "errorCount" : 0,
    "errorPct" : 0.0,
    "meanResTime" : 189.57142857142856,
    "medianResTime" : 187.0,
    "minResTime" : 173.0,
    "maxResTime" : 225.0,
    "pct1ResTime" : 225.0,
    "pct2ResTime" : 225.0,
    "pct3ResTime" : 225.0,
    "throughput" : 0.013404492036774266,
    "receivedKBytesPerSec" : 0.0638321611583779,
    "sentKBytesPerSec" : 0.008600343035313178
  },
  "SC06_Search_TS07_SelectItemID" : {
    "transaction" : "SC06_Search_TS07_SelectItemID",
    "sampleCount" : 12,
    "errorCount" : 0,
    "errorPct" : 0.0,
    "meanResTime" : 538.9166666666666,
    "medianResTime" : 556.5,
    "minResTime" : 434.0,
    "maxResTime" : 637.0,
    "pct1ResTime" : 620.5,
    "pct2ResTime" : 637.0,
    "pct3ResTime" : 637.0,
    "throughput" : 0.022504191405649302,
    "receivedKBytesPerSec" : 0.08820368379548191,
    "sentKBytesPerSec" : 0.014405759244534293
  },
  "SC08_AddToCartDeleteCart_TS01_Launch" : {
    "transaction" : "SC08_AddToCartDeleteCart_TS01_Launch",
    "sampleCount" : 12,
    "errorCount" : 0,
    "errorPct" : 0.0,
    "meanResTime" : 646.5,
    "medianResTime" : 626.0,
    "minResTime" : 467.0,
    "maxResTime" : 887.0,
    "pct1ResTime" : 860.0000000000001,
    "pct2ResTime" : 887.0,
    "pct3ResTime" : 887.0,
    "throughput" : 0.02542372881355932,
    "receivedKBytesPerSec" : 0.0360500529661017,
    "sentKBytesPerSec" : 0.013475321106991525
  },
  "SC04_ShoppingReptiles_TS09_UpdateQuantityandClickonUpdatecart" : {
    "transaction" : "SC04_ShoppingReptiles_TS09_UpdateQuantityandClickonUpdatecart",
    "sampleCount" : 6,
    "errorCount" : 0,
    "errorPct" : 0.0,
    "meanResTime" : 214.83333333333331,
    "medianResTime" : 191.0,
    "minResTime" : 170.0,
    "maxResTime" : 303.0,
    "pct1ResTime" : 303.0,
    "pct2ResTime" : 303.0,
    "pct3ResTime" : 303.0,
    "throughput" : 0.01700993663798602,
    "receivedKBytesPerSec" : 0.08093562624916723,
    "sentKBytesPerSec" : 0.015946815598111896
  },
  "SC03_ShoppingCats_TS13_ClickonSignout" : {
    "transaction" : "SC03_ShoppingCats_TS13_ClickonSignout",
    "sampleCount" : 6,
    "errorCount" : 0,
    "errorPct" : 0.0,
    "meanResTime" : 614.3333333333334,
    "medianResTime" : 638.0,
    "minResTime" : 517.0,
    "maxResTime" : 659.0,
    "pct1ResTime" : 659.0,
    "pct2ResTime" : 659.0,
    "pct3ResTime" : 659.0,
    "throughput" : 0.016889371799815908,
    "receivedKBytesPerSec" : 0.1690751467967899,
    "sentKBytesPerSec" : 0.030974843984428
  },
  "SC01_ShoppingFish_TS03_ClickonSignin/actions/Account.action;jsessionid=34F99D495B390338C9E133C417A8040F-37" : {
    "transaction" : "SC01_ShoppingFish_TS03_ClickonSignin/actions/Account.action;jsessionid=34F99D495B390338C9E133C417A8040F-37",
    "sampleCount" : 104,
    "errorCount" : 0,
    "errorPct" : 0.0,
    "meanResTime" : 224.74038461538458,
    "medianResTime" : 228.0,
    "minResTime" : 159.0,
    "maxResTime" : 359.0,
    "pct1ResTime" : 287.0,
    "pct2ResTime" : 316.75,
    "pct3ResTime" : 357.6500000000001,
    "throughput" : 0.1710810512930602,
    "receivedKBytesPerSec" : 0.6841699854745608,
    "sentKBytesPerSec" : 0.10959879848461669
  },
  "SC11_CreateAccount_TS04_ClickonRegisterNow/actions/Account.action-1" : {
    "transaction" : "SC11_CreateAccount_TS04_ClickonRegisterNow/actions/Account.action-1",
    "sampleCount" : 3,
    "errorCount" : 0,
    "errorPct" : 0.0,
    "meanResTime" : 220.0,
    "medianResTime" : 219.0,
    "minResTime" : 189.0,
    "maxResTime" : 252.0,
    "pct1ResTime" : 252.0,
    "pct2ResTime" : 252.0,
    "pct3ResTime" : 252.0,
    "throughput" : 0.0064423165711414284,
    "receivedKBytesPerSec" : 0.038112845496069116,
    "sentKBytesPerSec" : 0.003950951959645329
  },
  "Login/actions/Account.action-40-1" : {
    "transaction" : "Login/actions/Account.action-40-1",
    "sampleCount" : 8,
    "errorCount" : 0,
    "errorPct" : 0.0,
    "meanResTime" : 188.5,
    "medianResTime" : 191.5,
    "minResTime" : 154.0,
    "maxResTime" : 209.0,
    "pct1ResTime" : 209.0,
    "pct2ResTime" : 209.0,
    "pct3ResTime" : 209.0,
    "throughput" : 0.015157917074825163,
    "receivedKBytesPerSec" : 0.07697379764559652,
    "sentKBytesPerSec" : 0.010184225534648155
  },
  "Login/actions/Account.action-40-0" : {
    "transaction" : "Login/actions/Account.action-40-0",
    "sampleCount" : 8,
    "errorCount" : 0,
    "errorPct" : 0.0,
    "meanResTime" : 213.25,
    "medianResTime" : 223.0,
    "minResTime" : 167.0,
    "maxResTime" : 237.0,
    "pct1ResTime" : 237.0,
    "pct2ResTime" : 237.0,
    "pct3ResTime" : 237.0,
    "throughput" : 0.015156739633737386,
    "receivedKBytesPerSec" : 0.0034043458161714833,
    "sentKBytesPerSec" : 0.013987420853400226
  },
  "ClickonSignout/actions/Catalog.action-57" : {
    "transaction" : "ClickonSignout/actions/Catalog.action-57",
    "sampleCount" : 6,
    "errorCount" : 0,
    "errorPct" : 0.0,
    "meanResTime" : 211.16666666666666,
    "medianResTime" : 207.5,
    "minResTime" : 201.0,
    "maxResTime" : 234.0,
    "pct1ResTime" : 234.0,
    "pct2ResTime" : 234.0,
    "pct3ResTime" : 234.0,
    "throughput" : 0.01700742941208151,
    "receivedKBytesPerSec" : 0.08259565084597789,
    "sentKBytesPerSec" : 0.010347293480201936
  },
  "SC01_ShoppingFish_TS02_ClickonEntertheStore" : {
    "transaction" : "SC01_ShoppingFish_TS02_ClickonEntertheStore",
    "sampleCount" : 8,
    "errorCount" : 0,
    "errorPct" : 0.0,
    "meanResTime" : 221.625,
    "medianResTime" : 222.5,
    "minResTime" : 189.0,
    "maxResTime" : 248.0,
    "pct1ResTime" : 248.0,
    "pct2ResTime" : 248.0,
    "pct3ResTime" : 248.0,
    "throughput" : 0.015158347891663287,
    "receivedKBytesPerSec" : 0.07617291861672497,
    "sentKBytesPerSec" : 0.008360036105289886
  },
  "SC01_ShoppingFish_TS11_EnterPaymentsDetailsandClickonContinue" : {
    "transaction" : "SC01_ShoppingFish_TS11_EnterPaymentsDetailsandClickonContinue",
    "sampleCount" : 6,
    "errorCount" : 0,
    "errorPct" : 0.0,
    "meanResTime" : 237.0,
    "medianResTime" : 240.0,
    "minResTime" : 203.0,
    "maxResTime" : 256.0,
    "pct1ResTime" : 256.0,
    "pct2ResTime" : 256.0,
    "pct3ResTime" : 256.0,
    "throughput" : 0.017004489185144876,
    "receivedKBytesPerSec" : 0.0783634613913073,
    "sentKBytesPerSec" : 0.02097331039144334
  },
  "SC09_OpenCart_TS05_OpenCart" : {
    "transaction" : "SC09_OpenCart_TS05_OpenCart",
    "sampleCount" : 15,
    "errorCount" : 0,
    "errorPct" : 0.0,
    "meanResTime" : 200.33333333333334,
    "medianResTime" : 194.0,
    "minResTime" : 159.0,
    "maxResTime" : 237.0,
    "pct1ResTime" : 237.0,
    "pct2ResTime" : 237.0,
    "pct3ResTime" : 237.0,
    "throughput" : 0.032601466631312186,
    "receivedKBytesPerSec" : 0.1414215964612195,
    "sentKBytesPerSec" : 0.020630615602627245
  },
  "ClickonFish/actions/Catalog.action-43" : {
    "transaction" : "ClickonFish/actions/Catalog.action-43",
    "sampleCount" : 8,
    "errorCount" : 0,
    "errorPct" : 0.0,
    "meanResTime" : 224.375,
    "medianResTime" : 212.5,
    "minResTime" : 165.0,
    "maxResTime" : 345.0,
    "pct1ResTime" : 345.0,
    "pct2ResTime" : 345.0,
    "pct3ResTime" : 345.0,
    "throughput" : 0.01515372506975449,
    "receivedKBytesPerSec" : 0.06102925994889406,
    "sentKBytesPerSec" : 0.009323092572212236
  },
  "SC04_ShoppingReptiles_TS07_SelectItemID" : {
    "transaction" : "SC04_ShoppingReptiles_TS07_SelectItemID",
    "sampleCount" : 8,
    "errorCount" : 0,
    "errorPct" : 0.0,
    "meanResTime" : 598.125,
    "medianResTime" : 625.0,
    "minResTime" : 443.0,
    "maxResTime" : 686.0,
    "pct1ResTime" : 686.0,
    "pct2ResTime" : 686.0,
    "pct3ResTime" : 686.0,
    "throughput" : 0.01516576177621402,
    "receivedKBytesPerSec" : 0.059226446624101425,
    "sentKBytesPerSec" : 0.009715566137887106
  },
  "SC08_AddToCartDeleteCart_TS09_ClickonRemove/actions/Cart.action-1" : {
    "transaction" : "SC08_AddToCartDeleteCart_TS09_ClickonRemove/actions/Cart.action-1",
    "sampleCount" : 12,
    "errorCount" : 0,
    "errorPct" : 0.0,
    "meanResTime" : 204.66666666666663,
    "medianResTime" : 196.5,
    "minResTime" : 172.0,
    "maxResTime" : 269.0,
    "pct1ResTime" : 259.1,
    "pct2ResTime" : 269.0,
    "pct3ResTime" : 269.0,
    "throughput" : 0.025450257471771424,
    "receivedKBytesPerSec" : 0.11040043329063347,
    "sentKBytesPerSec" : 0.015773857495525
  },
  "SC04_ShoppingReptiles_TS05_ClickonReptiles" : {
    "transaction" : "SC04_ShoppingReptiles_TS05_ClickonReptiles",
    "sampleCount" : 8,
    "errorCount" : 0,
    "errorPct" : 0.0,
    "meanResTime" : 221.62499999999997,
    "medianResTime" : 224.0,
    "minResTime" : 186.0,
    "maxResTime" : 259.0,
    "pct1ResTime" : 259.0,
    "pct2ResTime" : 259.0,
    "pct3ResTime" : 259.0,
    "throughput" : 0.015177126552572617,
    "receivedKBytesPerSec" : 0.05726993847572323,
    "sentKBytesPerSec" : 0.009396775619463905
  },
  "SC10_LoginLogout_TS04_Login" : {
    "transaction" : "SC10_LoginLogout_TS04_Login",
    "sampleCount" : 12,
    "errorCount" : 0,
    "errorPct" : 0.0,
    "meanResTime" : 657.0833333333335,
    "medianResTime" : 648.5,
    "minResTime" : 515.0,
    "maxResTime" : 907.0,
    "pct1ResTime" : 872.5000000000001,
    "pct2ResTime" : 907.0,
    "pct3ResTime" : 907.0,
    "throughput" : 0.023213480842107708,
    "receivedKBytesPerSec" : 0.24097588022617666,
    "sentKBytesPerSec" : 0.05062080343791651
  },
  "SC04_ShoppingReptiles_TS04_Login" : {
    "transaction" : "SC04_ShoppingReptiles_TS04_Login",
    "sampleCount" : 8,
    "errorCount" : 0,
    "errorPct" : 0.0,
    "meanResTime" : 590.25,
    "medianResTime" : 589.5,
    "minResTime" : 480.0,
    "maxResTime" : 716.0,
    "pct1ResTime" : 716.0,
    "pct2ResTime" : 716.0,
    "pct3ResTime" : 716.0,
    "throughput" : 0.015165273041262813,
    "receivedKBytesPerSec" : 0.15745818649873655,
    "sentKBytesPerSec" : 0.03309998559299061
  },
  "SC08_AddToCartDeleteCart_TS04_Login" : {
    "transaction" : "SC08_AddToCartDeleteCart_TS04_Login",
    "sampleCount" : 12,
    "errorCount" : 0,
    "errorPct" : 0.0,
    "meanResTime" : 612.3333333333333,
    "medianResTime" : 621.0,
    "minResTime" : 532.0,
    "maxResTime" : 731.0,
    "pct1ResTime" : 710.3000000000001,
    "pct2ResTime" : 731.0,
    "pct3ResTime" : 731.0,
    "throughput" : 0.025440761187574733,
    "receivedKBytesPerSec" : 0.26414665326786574,
    "sentKBytesPerSec" : 0.05552744263108352
  },
  "SC11_CreateAccount_TS05_EnterAccInfoandclickonSave/actions/Account.action-2-0" : {
    "transaction" : "SC11_CreateAccount_TS05_EnterAccInfoandclickonSave/actions/Account.action-2-0",
    "sampleCount" : 3,
    "errorCount" : 0,
    "errorPct" : 0.0,
    "meanResTime" : 226.33333333333334,
    "medianResTime" : 221.0,
    "minResTime" : 200.0,
    "maxResTime" : 258.0,
    "pct1ResTime" : 258.0,
    "pct2ResTime" : 258.0,
    "pct3ResTime" : 258.0,
    "throughput" : 0.006442620944101673,
    "receivedKBytesPerSec" : 0.0014470730636165867,
    "sentKBytesPerSec" : 0.009498252036405103
  },
  "SC11_CreateAccount_TS05_EnterAccInfoandclickonSave/actions/Account.action-2-1" : {
    "transaction" : "SC11_CreateAccount_TS05_EnterAccInfoandclickonSave/actions/Account.action-2-1",
    "sampleCount" : 3,
    "errorCount" : 0,
    "errorPct" : 0.0,
    "meanResTime" : 198.33333333333334,
    "medianResTime" : 209.0,
    "minResTime" : 165.0,
    "maxResTime" : 221.0,
    "pct1ResTime" : 221.0,
    "pct2ResTime" : 221.0,
    "pct3ResTime" : 221.0,
    "throughput" : 0.006443409680578704,
    "receivedKBytesPerSec" : 0.03129206673976357,
    "sentKBytesPerSec" : 0.004429844155397859
  },
  "SC01_ShoppingFish_TS11_EnterPaymentsDetailsandClickonContinue/actions/Order.action-53" : {
    "transaction" : "SC01_ShoppingFish_TS11_EnterPaymentsDetailsandClickonContinue/actions/Order.action-53",
    "sampleCount" : 33,
    "errorCount" : 0,
    "errorPct" : 0.0,
    "meanResTime" : 255.75757575757572,
    "medianResTime" : 233.0,
    "minResTime" : 164.0,
    "maxResTime" : 745.0,
    "pct1ResTime" : 310.6,
    "pct2ResTime" : 613.3999999999994,
    "pct3ResTime" : 745.0,
    "throughput" : 0.08734687827550792,
    "receivedKBytesPerSec" : 0.4036898100602429,
    "sentKBytesPerSec" : 0.1077335031855142
  },
  "SC09_OpenCart_TS02_ClickonEntertheStore" : {
    "transaction" : "SC09_OpenCart_TS02_ClickonEntertheStore",
    "sampleCount" : 18,
    "errorCount" : 0,
    "errorPct" : 0.0,
    "meanResTime" : 242.05555555555554,
    "medianResTime" : 234.0,
    "minResTime" : 164.0,
    "maxResTime" : 420.0,
    "pct1ResTime" : 350.7000000000001,
    "pct2ResTime" : 420.0,
    "pct3ResTime" : 420.0,
    "throughput" : 0.03141459941149984,
    "receivedKBytesPerSec" : 0.15609640387917945,
    "sentKBytesPerSec" : 0.017461076984093743
  },
  "SC01_ShoppingFish_TS05_ClickonFish" : {
    "transaction" : "SC01_ShoppingFish_TS05_ClickonFish",
    "sampleCount" : 8,
    "errorCount" : 0,
    "errorPct" : 0.0,
    "meanResTime" : 224.375,
    "medianResTime" : 212.5,
    "minResTime" : 165.0,
    "maxResTime" : 345.0,
    "pct1ResTime" : 345.0,
    "pct2ResTime" : 345.0,
    "pct3ResTime" : 345.0,
    "throughput" : 0.01515372506975449,
    "receivedKBytesPerSec" : 0.06102925994889406,
    "sentKBytesPerSec" : 0.009323092572212236
  },
  "SC04_ShoppingReptiles_TS11_EnterPaymentsDetailsandClickonContinue" : {
    "transaction" : "SC04_ShoppingReptiles_TS11_EnterPaymentsDetailsandClickonContinue",
    "sampleCount" : 6,
    "errorCount" : 0,
    "errorPct" : 0.0,
    "meanResTime" : 210.66666666666666,
    "medianResTime" : 199.0,
    "minResTime" : 169.0,
    "maxResTime" : 289.0,
    "pct1ResTime" : 289.0,
    "pct2ResTime" : 289.0,
    "pct3ResTime" : 289.0,
    "throughput" : 0.017014133073206143,
    "receivedKBytesPerSec" : 0.07854082718461468,
    "sentKBytesPerSec" : 0.020985205147909528
  },
  "SC03_ShoppingCats_TS07_SelectItemID" : {
    "transaction" : "SC03_ShoppingCats_TS07_SelectItemID",
    "sampleCount" : 8,
    "errorCount" : 0,
    "errorPct" : 0.0,
    "meanResTime" : 622.7499999999999,
    "medianResTime" : 634.0,
    "minResTime" : 533.0,
    "maxResTime" : 651.0,
    "pct1ResTime" : 651.0,
    "pct2ResTime" : 651.0,
    "pct3ResTime" : 651.0,
    "throughput" : 0.01509844184080203,
    "receivedKBytesPerSec" : 0.059162595592009905,
    "sentKBytesPerSec" : 0.009687183876373958
  },
  "SC05_ShoppingBirds_TS10_ClickonProceedtoCheckout" : {
    "transaction" : "SC05_ShoppingBirds_TS10_ClickonProceedtoCheckout",
    "sampleCount" : 6,
    "errorCount" : 0,
    "errorPct" : 0.0,
    "meanResTime" : 194.0,
    "medianResTime" : 180.5,
    "minResTime" : 147.0,
    "maxResTime" : 287.0,
    "pct1ResTime" : 287.0,
    "pct2ResTime" : 287.0,
    "pct3ResTime" : 287.0,
    "throughput" : 0.016923719156521837,
    "receivedKBytesPerSec" : 0.09248548085927363,
    "sentKBytesPerSec" : 0.010064985318673633
  },
  "SC02_ShoppingDogs_TS03_ClickonSignin" : {
    "transaction" : "SC02_ShoppingDogs_TS03_ClickonSignin",
    "sampleCount" : 8,
    "errorCount" : 0,
    "errorPct" : 0.0,
    "meanResTime" : 230.875,
    "medianResTime" : 224.5,
    "minResTime" : 163.0,
    "maxResTime" : 317.0,
    "pct1ResTime" : 317.0,
    "pct2ResTime" : 317.0,
    "pct3ResTime" : 317.0,
    "throughput" : 0.015127763416907922,
    "receivedKBytesPerSec" : 0.06049628046116987,
    "sentKBytesPerSec" : 0.009691223438956639
  },
  "SC06_Search_TS02_ClickonEntertheStore" : {
    "transaction" : "SC06_Search_TS02_ClickonEntertheStore",
    "sampleCount" : 12,
    "errorCount" : 0,
    "errorPct" : 0.0,
    "meanResTime" : 205.66666666666669,
    "medianResTime" : 204.0,
    "minResTime" : 164.0,
    "maxResTime" : 239.0,
    "pct1ResTime" : 238.1,
    "pct2ResTime" : 239.0,
    "pct3ResTime" : 239.0,
    "throughput" : 0.02251757778415776,
    "receivedKBytesPerSec" : 0.11315412683870095,
    "sentKBytesPerSec" : 0.01241875200547177
  },
  "ClickonSignin/actions/Account.action;jsessionid=34F99D495B390338C9E133C417A8040F-37" : {
    "transaction" : "ClickonSignin/actions/Account.action;jsessionid=34F99D495B390338C9E133C417A8040F-37",
    "sampleCount" : 8,
    "errorCount" : 0,
    "errorPct" : 0.0,
    "meanResTime" : 234.75,
    "medianResTime" : 238.0,
    "minResTime" : 220.0,
    "maxResTime" : 247.0,
    "pct1ResTime" : 247.0,
    "pct2ResTime" : 247.0,
    "pct3ResTime" : 247.0,
    "throughput" : 0.015157112948911056,
    "receivedKBytesPerSec" : 0.06062475132861569,
    "sentKBytesPerSec" : 0.009710025482896146
  },
  "Total" : {
    "transaction" : "Total",
    "sampleCount" : 1631,
    "errorCount" : 0,
    "errorPct" : 0.0,
    "meanResTime" : 288.04169221336576,
    "medianResTime" : 224.0,
    "minResTime" : 143.0,
    "maxResTime" : 1646.0,
    "pct1ResTime" : 553.3999999999999,
    "pct2ResTime" : 635.0,
    "pct3ResTime" : 831.0,
    "throughput" : 2.55335670126979,
    "receivedKBytesPerSec" : 10.142067402902779,
    "sentKBytesPerSec" : 1.9428558872992812
  },
  "SC11_CreateAccount_TS05_EnterAccInfoandclickonSave/actions/Catalog.action-3" : {
    "transaction" : "SC11_CreateAccount_TS05_EnterAccInfoandclickonSave/actions/Catalog.action-3",
    "sampleCount" : 3,
    "errorCount" : 0,
    "errorPct" : 0.0,
    "meanResTime" : 190.33333333333334,
    "medianResTime" : 156.0,
    "minResTime" : 152.0,
    "maxResTime" : 263.0,
    "pct1ResTime" : 263.0,
    "pct2ResTime" : 263.0,
    "pct3ResTime" : 263.0,
    "throughput" : 0.0064441570827730495,
    "receivedKBytesPerSec" : 0.03129569645764685,
    "sentKBytesPerSec" : 0.0038765632451056627
  },
  "SC08_AddToCartDeleteCart_TS10_ClickonSignout" : {
    "transaction" : "SC08_AddToCartDeleteCart_TS10_ClickonSignout",
    "sampleCount" : 12,
    "errorCount" : 0,
    "errorPct" : 0.0,
    "meanResTime" : 583.6666666666667,
    "medianResTime" : 582.0,
    "minResTime" : 494.0,
    "maxResTime" : 700.0,
    "pct1ResTime" : 685.9000000000001,
    "pct2ResTime" : 700.0,
    "pct3ResTime" : 700.0,
    "throughput" : 0.025426099043131138,
    "receivedKBytesPerSec" : 0.25453412235462625,
    "sentKBytesPerSec" : 0.04663106836230496
  },
  "SC02_ShoppingDogs_TS05_ClickonDogs" : {
    "transaction" : "SC02_ShoppingDogs_TS05_ClickonDogs",
    "sampleCount" : 8,
    "errorCount" : 0,
    "errorPct" : 0.0,
    "meanResTime" : 232.375,
    "medianResTime" : 217.5,
    "minResTime" : 172.0,
    "maxResTime" : 345.0,
    "pct1ResTime" : 345.0,
    "pct2ResTime" : 345.0,
    "pct3ResTime" : 345.0,
    "throughput" : 0.015128821918637195,
    "receivedKBytesPerSec" : 0.06512485060288355,
    "sentKBytesPerSec" : 0.009307771297599056
  }
}