{
  "SC04_ShoppingReptiles_TS13_ClickonSignout" : {
    "transaction" : "SC04_ShoppingReptiles_TS13_ClickonSignout",
    "sampleCount" : 3,
    "errorCount" : 0,
    "errorPct" : 0.0,
    "meanResTime" : 626.0,
    "medianResTime" : 641.0,
    "minResTime" : 592.0,
    "maxResTime" : 645.0,
    "pct1ResTime" : 645.0,
    "pct2ResTime" : 645.0,
    "pct3ResTime" : 645.0,
    "throughput" : 0.008605950728063432,
    "receivedKBytesPerSec" : 0.08615195401697093,
    "sentKBytesPerSec" : 0.01578317916728821
  },
  "SC05_ShoppingBirds_TS01_Launch" : {
    "transaction" : "SC05_ShoppingBirds_TS01_Launch",
    "sampleCount" : 4,
    "errorCount" : 0,
    "errorPct" : 0.0,
    "meanResTime" : 664.0,
    "medianResTime" : 615.0,
    "minResTime" : 521.0,
    "maxResTime" : 905.0,
    "pct1ResTime" : 905.0,
    "pct2ResTime" : 905.0,
    "pct3ResTime" : 905.0,
    "throughput" : 0.007624203032526756,
    "receivedKBytesPerSec" : 0.010810881643778174,
    "sentKBytesPerSec" : 0.0040410509725623996
  },
  "SC08_AddToCartDeleteCart_TS03_ClickonSignin" : {
    "transaction" : "SC08_AddToCartDeleteCart_TS03_ClickonSignin",
    "sampleCount" : 8,
    "errorCount" : 0,
    "errorPct" : 0.0,
    "meanResTime" : 206.87500000000003,
    "medianResTime" : 218.0,
    "minResTime" : 161.0,
    "maxResTime" : 244.0,
    "pct1ResTime" : 244.0,
    "pct2ResTime" : 244.0,
    "pct3ResTime" : 244.0,
    "throughput" : 0.017163367366860544,
    "receivedKBytesPerSec" : 0.06864089864173402,
    "sentKBytesPerSec" : 0.010995282219395035
  },
  "SC06_Search_TS01_Launch" : {
    "transaction" : "SC06_Search_TS01_Launch",
    "sampleCount" : 8,
    "errorCount" : 0,
    "errorPct" : 0.0,
    "meanResTime" : 652.75,
    "medianResTime" : 621.0,
    "minResTime" : 475.0,
    "maxResTime" : 894.0,
    "pct1ResTime" : 894.0,
    "pct2ResTime" : 894.0,
    "pct3ResTime" : 894.0,
    "throughput" : 0.015140933703529163,
    "receivedKBytesPerSec" : 0.021469370837426116,
    "sentKBytesPerSec" : 0.00802513844491255
  },
  "SC06_Search_TS06_SelectProductID" : {
    "transaction" : "SC06_Search_TS06_SelectProductID",
    "sampleCount" : 8,
    "errorCount" : 0,
    "errorPct" : 0.0,
    "meanResTime" : 215.125,
    "medianResTime" : 211.0,
    "minResTime" : 175.0,
    "maxResTime" : 272.0,
    "pct1ResTime" : 272.0,
    "pct2ResTime" : 272.0,
    "pct3ResTime" : 272.0,
    "throughput" : 0.015169126277287837,
    "receivedKBytesPerSec" : 0.06260227309357266,
    "sentKBytesPerSec" : 0.009362195124263588
  },
  "SC01_ShoppingFish_TS03_ClickonSignin" : {
    "transaction" : "SC01_ShoppingFish_TS03_ClickonSignin",
    "sampleCount" : 4,
    "errorCount" : 0,
    "errorPct" : 0.0,
    "meanResTime" : 217.5,
    "medianResTime" : 227.0,
    "minResTime" : 175.0,
    "maxResTime" : 241.0,
    "pct1ResTime" : 241.0,
    "pct2ResTime" : 241.0,
    "pct3ResTime" : 241.0,
    "throughput" : 0.007634112267255002,
    "receivedKBytesPerSec" : 0.03053272147513951,
    "sentKBytesPerSec" : 0.0048906031712102355
  },
  "SC03_ShoppingCats_TS06_SelectProductID" : {
    "transaction" : "SC03_ShoppingCats_TS06_SelectProductID",
    "sampleCount" : 4,
    "errorCount" : 0,
    "errorPct" : 0.0,
    "meanResTime" : 221.0,
    "medianResTime" : 221.0,
    "minResTime" : 204.0,
    "maxResTime" : 238.0,
    "pct1ResTime" : 238.0,
    "pct2ResTime" : 238.0,
    "pct3ResTime" : 238.0,
    "throughput" : 0.007632247773291712,
    "receivedKBytesPerSec" : 0.03206438468818452,
    "sentKBytesPerSec" : 0.00494158229852774
  },
  "SC01_ShoppingFish_TS07_SelectItemID/actions/Catalog.action-46" : {
    "transaction" : "SC01_ShoppingFish_TS07_SelectItemID/actions/Catalog.action-46",
    "sampleCount" : 36,
    "errorCount" : 0,
    "errorPct" : 0.0,
    "meanResTime" : 568.3333333333333,
    "medianResTime" : 552.5,
    "minResTime" : 457.0,
    "maxResTime" : 662.0,
    "pct1ResTime" : 650.0,
    "pct2ResTime" : 653.5,
    "pct3ResTime" : 662.0,
    "throughput" : 0.0652832659041823,
    "receivedKBytesPerSec" : 0.25407771066093865,
    "sentKBytesPerSec" : 0.04180261207867359
  },
  "SC07_OpenMyOrders_TS05_ClickOnMyAccount" : {
    "transaction" : "SC07_OpenMyOrders_TS05_ClickOnMyAccount",
    "sampleCount" : 10,
    "errorCount" : 0,
    "errorPct" : 0.0,
    "meanResTime" : 220.8,
    "medianResTime" : 218.5,
    "minResTime" : 173.0,
    "maxResTime" : 279.0,
    "pct1ResTime" : 278.0,
    "pct2ResTime" : 279.0,
    "pct3ResTime" : 279.0,
    "throughput" : 0.020097028453372884,
    "receivedKBytesPerSec" : 0.12819313520677833,
    "sentKBytesPerSec" : 0.012109244683331122
  },
  "SC02_ShoppingDogs_TS12_ClickonConfirm" : {
    "transaction" : "SC02_ShoppingDogs_TS12_ClickonConfirm",
    "sampleCount" : 3,
    "errorCount" : 0,
    "errorPct" : 0.0,
    "meanResTime" : 191.33333333333334,
    "medianResTime" : 174.0,
    "minResTime" : 173.0,
    "maxResTime" : 227.0,
    "pct1ResTime" : 227.0,
    "pct2ResTime" : 227.0,
    "pct3ResTime" : 227.0,
    "throughput" : 0.008614352660112103,
    "receivedKBytesPerSec" : 0.04576655265810209,
    "sentKBytesPerSec" : 0.00522413379094689
  },
  "SC01_ShoppingFish_TS01_Launch" : {
    "transaction" : "SC01_ShoppingFish_TS01_Launch",
    "sampleCount" : 4,
    "errorCount" : 0,
    "errorPct" : 0.0,
    "meanResTime" : 710.25,
    "medianResTime" : 608.5,
    "minResTime" : 597.0,
    "maxResTime" : 1027.0,
    "pct1ResTime" : 1027.0,
    "pct2ResTime" : 1027.0,
    "pct3ResTime" : 1027.0,
    "throughput" : 0.007621079907022825,
    "receivedKBytesPerSec" : 0.010806453149411272,
    "sentKBytesPerSec" : 0.004039395624547498
  },
  "SC01_ShoppingFish_TS01_Launch/" : {
    "transaction" : "SC01_ShoppingFish_TS01_Launch/",
    "sampleCount" : 67,
    "errorCount" : 0,
    "errorPct" : 0.0,
    "meanResTime" : 648.1641791044776,
    "medianResTime" : 619.0,
    "minResTime" : 466.0,
    "maxResTime" : 1063.0,
    "pct1ResTime" : 839.2,
    "pct2ResTime" : 900.5999999999999,
    "pct3ResTime" : 1063.0,
    "throughput" : 0.10762827442961032,
    "receivedKBytesPerSec" : 0.15261352975761147,
    "sentKBytesPerSec" : 0.057191639471786127
  },
  "SC11_CreateAccount_TS04_ClickonRegisterNow" : {
    "transaction" : "SC11_CreateAccount_TS04_ClickonRegisterNow",
    "sampleCount" : 3,
    "errorCount" : 0,
    "errorPct" : 0.0,
    "meanResTime" : 253.66666666666666,
    "medianResTime" : 245.0,
    "minResTime" : 235.0,
    "maxResTime" : 281.0,
    "pct1ResTime" : 281.0,
    "pct2ResTime" : 281.0,
    "pct3ResTime" : 281.0,
    "throughput" : 0.006445375443119562,
    "receivedKBytesPerSec" : 0.038118353206574286,
    "sentKBytesPerSec" : 0.003952827908475669
  },
  "SC08_AddToCartDeleteCart_TS06_SelectProductID" : {
    "transaction" : "SC08_AddToCartDeleteCart_TS06_SelectProductID",
    "sampleCount" : 8,
    "errorCount" : 0,
    "errorPct" : 0.0,
    "meanResTime" : 211.37500000000003,
    "medianResTime" : 209.0,
    "minResTime" : 174.0,
    "maxResTime" : 247.0,
    "pct1ResTime" : 247.0,
    "pct2ResTime" : 247.0,
    "pct3ResTime" : 247.0,
    "throughput" : 0.01716082698025218,
    "receivedKBytesPerSec" : 0.06864540274852095,
    "sentKBytesPerSec" : 0.011094206504811467
  },
  "SC01_ShoppingFish_TS08_ClickonAddtocart" : {
    "transaction" : "SC01_ShoppingFish_TS08_ClickonAddtocart",
    "sampleCount" : 4,
    "errorCount" : 0,
    "errorPct" : 0.0,
    "meanResTime" : 203.25,
    "medianResTime" : 204.0,
    "minResTime" : 165.0,
    "maxResTime" : 240.0,
    "pct1ResTime" : 240.0,
    "pct2ResTime" : 240.0,
    "pct3ResTime" : 240.0,
    "throughput" : 0.007639054666984961,
    "receivedKBytesPerSec" : 0.036313484721890665,
    "sentKBytesPerSec" : 0.004890039388875627
  },
  "SC07_OpenMyOrders_TS03_ClickonSignin" : {
    "transaction" : "SC07_OpenMyOrders_TS03_ClickonSignin",
    "sampleCount" : 10,
    "errorCount" : 0,
    "errorPct" : 0.0,
    "meanResTime" : 227.20000000000002,
    "medianResTime" : 229.0,
    "minResTime" : 170.0,
    "maxResTime" : 309.0,
    "pct1ResTime" : 303.0,
    "pct2ResTime" : 309.0,
    "pct3ResTime" : 309.0,
    "throughput" : 0.020097230400678484,
    "receivedKBytesPerSec" : 0.08037322064146339,
    "sentKBytesPerSec" : 0.012874788225434652
  },
  "SC02_ShoppingDogs_TS08_ClickonAddtocart" : {
    "transaction" : "SC02_ShoppingDogs_TS08_ClickonAddtocart",
    "sampleCount" : 4,
    "errorCount" : 0,
    "errorPct" : 0.0,
    "meanResTime" : 192.0,
    "medianResTime" : 184.5,
    "minResTime" : 161.0,
    "maxResTime" : 238.0,
    "pct1ResTime" : 238.0,
    "pct2ResTime" : 238.0,
    "pct3ResTime" : 238.0,
    "throughput" : 0.007652792791069191,
    "receivedKBytesPerSec" : 0.03640494812841387,
    "sentKBytesPerSec" : 0.004898833666548687
  },
  "SC11_CreateAccount_TS06_ClickonSignout" : {
    "transaction" : "SC11_CreateAccount_TS06_ClickonSignout",
    "sampleCount" : 3,
    "errorCount" : 0,
    "errorPct" : 0.0,
    "meanResTime" : 598.3333333333334,
    "medianResTime" : 646.0,
    "minResTime" : 495.0,
    "maxResTime" : 654.0,
    "pct1ResTime" : 654.0,
    "pct2ResTime" : 654.0,
    "pct3ResTime" : 654.0,
    "throughput" : 0.006442468754026543,
    "receivedKBytesPerSec" : 0.06449389374758407,
    "sentKBytesPerSec" : 0.011815387031310397
  },
  "SC04_ShoppingReptiles_TS01_Launch" : {
    "transaction" : "SC04_ShoppingReptiles_TS01_Launch",
    "sampleCount" : 4,
    "errorCount" : 0,
    "errorPct" : 0.0,
    "meanResTime" : 649.75,
    "medianResTime" : 535.0,
    "minResTime" : 466.0,
    "maxResTime" : 1063.0,
    "pct1ResTime" : 1063.0,
    "pct2ResTime" : 1063.0,
    "pct3ResTime" : 1063.0,
    "throughput" : 0.00763997387128936,
    "receivedKBytesPerSec" : 0.010833244200304834,
    "sentKBytesPerSec" : 0.004049409979142871
  },
  "SC06_Search_TS09_UpdateQuantityandClickonUpdatecart" : {
    "transaction" : "SC06_Search_TS09_UpdateQuantityandClickonUpdatecart",
    "sampleCount" : 6,
    "errorCount" : 0,
    "errorPct" : 0.0,
    "meanResTime" : 215.0,
    "medianResTime" : 197.0,
    "minResTime" : 168.0,
    "maxResTime" : 293.0,
    "pct1ResTime" : 293.0,
    "pct2ResTime" : 293.0,
    "pct3ResTime" : 293.0,
    "throughput" : 0.016994278592873734,
    "receivedKBytesPerSec" : 0.07937301733416416,
    "sentKBytesPerSec" : 0.01591554020563077
  },
  "SC09_OpenCart_TS04_Login" : {
    "transaction" : "SC09_OpenCart_TS04_Login",
    "sampleCount" : 12,
    "errorCount" : 0,
    "errorPct" : 0.0,
    "meanResTime" : 618.9166666666667,
    "medianResTime" : 635.5,
    "minResTime" : 472.0,
    "maxResTime" : 659.0,
    "pct1ResTime" : 657.5,
    "pct2ResTime" : 659.0,
    "pct3ResTime" : 659.0,
    "throughput" : 0.021110221745287584,
    "receivedKBytesPerSec" : 0.21914224331289744,
    "sentKBytesPerSec" : 0.04603430191135466
  },
  "SC06_Search_TS04_Login" : {
    "transaction" : "SC06_Search_TS04_Login",
    "sampleCount" : 8,
    "errorCount" : 0,
    "errorPct" : 0.0,
    "meanResTime" : 501.75000000000006,
    "medianResTime" : 487.5,
    "minResTime" : 372.0,
    "maxResTime" : 622.0,
    "pct1ResTime" : 622.0,
    "pct2ResTime" : 622.0,
    "pct3ResTime" : 622.0,
    "throughput" : 0.015157888354573325,
    "receivedKBytesPerSec" : 0.14637946139285835,
    "sentKBytesPerSec" : 0.027962159279090827
  },
  "SC06_Search_TS03_ClickonSignin" : {
    "transaction" : "SC06_Search_TS03_ClickonSignin",
    "sampleCount" : 8,
    "errorCount" : 0,
    "errorPct" : 0.0,
    "meanResTime" : 202.0,
    "medianResTime" : 194.5,
    "minResTime" : 169.0,
    "maxResTime" : 240.0,
    "pct1ResTime" : 240.0,
    "pct2ResTime" : 240.0,
    "pct3ResTime" : 240.0,
    "throughput" : 0.015163145973710896,
    "receivedKBytesPerSec" : 0.06064147807503861,
    "sentKBytesPerSec" : 0.009713890389408541
  },
  "SC09_OpenCart_TS03_ClickonSignin" : {
    "transaction" : "SC09_OpenCart_TS03_ClickonSignin",
    "sampleCount" : 12,
    "errorCount" : 0,
    "errorPct" : 0.0,
    "meanResTime" : 230.08333333333331,
    "medianResTime" : 228.5,
    "minResTime" : 161.0,
    "maxResTime" : 270.0,
    "pct1ResTime" : 267.90000000000003,
    "pct2ResTime" : 270.0,
    "pct3ResTime" : 270.0,
    "throughput" : 0.021125161299408675,
    "receivedKBytesPerSec" : 0.08447657681724799,
    "sentKBytesPerSec" : 0.01353330645743368
  },
  "SC01_ShoppingFish_TS12_ClickonConfirm/actions/Order.action-55" : {
    "transaction" : "SC01_ShoppingFish_TS12_ClickonConfirm/actions/Order.action-55",
    "sampleCount" : 21,
    "errorCount" : 3,
    "errorPct" : 14.285714,
    "meanResTime" : 239.1428571428571,
    "medianResTime" : 227.0,
    "minResTime" : 166.0,
    "maxResTime" : 446.0,
    "pct1ResTime" : 413.4000000000001,
    "pct2ResTime" : 444.4,
    "pct3ResTime" : 446.0,
    "throughput" : 0.05574402344434357,
    "receivedKBytesPerSec" : 0.37338696953589123,
    "sentKBytesPerSec" : 0.033805701717712265
  },
  "SC05_ShoppingBirds_TS07_SelectItemID" : {
    "transaction" : "SC05_ShoppingBirds_TS07_SelectItemID",
    "sampleCount" : 4,
    "errorCount" : 0,
    "errorPct" : 0.0,
    "meanResTime" : 641.5,
    "medianResTime" : 637.5,
    "minResTime" : 629.0,
    "maxResTime" : 662.0,
    "pct1ResTime" : 662.0,
    "pct2ResTime" : 662.0,
    "pct3ResTime" : 662.0,
    "throughput" : 0.007625743748319954,
    "receivedKBytesPerSec" : 0.02990349025525271,
    "sentKBytesPerSec" : 0.0048852420887674705
  },
  "SC02_ShoppingDogs_TS04_Login" : {
    "transaction" : "SC02_ShoppingDogs_TS04_Login",
    "sampleCount" : 4,
    "errorCount" : 0,
    "errorPct" : 0.0,
    "meanResTime" : 617.5,
    "medianResTime" : 618.5,
    "minResTime" : 588.0,
    "maxResTime" : 645.0,
    "pct1ResTime" : 645.0,
    "pct2ResTime" : 645.0,
    "pct3ResTime" : 645.0,
    "throughput" : 0.007643755147591357,
    "receivedKBytesPerSec" : 0.07937860570262353,
    "sentKBytesPerSec" : 0.016698320571447135
  },
  "SC07_OpenMyOrders_TS05_ClickOnMyAccount/actions/Account.action-1" : {
    "transaction" : "SC07_OpenMyOrders_TS05_ClickOnMyAccount/actions/Account.action-1",
    "sampleCount" : 10,
    "errorCount" : 0,
    "errorPct" : 0.0,
    "meanResTime" : 220.8,
    "medianResTime" : 218.5,
    "minResTime" : 173.0,
    "maxResTime" : 279.0,
    "pct1ResTime" : 278.0,
    "pct2ResTime" : 279.0,
    "pct3ResTime" : 279.0,
    "throughput" : 0.020097068842509322,
    "receivedKBytesPerSec" : 0.12819339283740466,
    "sentKBytesPerSec" : 0.012109269019363527
  },
  "SC03_ShoppingCats_TS01_Launch" : {
    "transaction" : "SC03_ShoppingCats_TS01_Launch",
    "sampleCount" : 4,
    "errorCount" : 0,
    "errorPct" : 0.0,
    "meanResTime" : 674.0,
    "medianResTime" : 624.0,
    "minResTime" : 610.0,
    "maxResTime" : 838.0,
    "pct1ResTime" : 838.0,
    "pct2ResTime" : 838.0,
    "pct3ResTime" : 838.0,
    "throughput" : 0.007623069695820462,
    "receivedKBytesPerSec" : 0.01080927460774542,
    "sentKBytesPerSec" : 0.0040404502709048395
  },
  "SC02_ShoppingDogs_TS13_ClickonSignout" : {
    "transaction" : "SC02_ShoppingDogs_TS13_ClickonSignout",
    "sampleCount" : 3,
    "errorCount" : 0,
    "errorPct" : 0.0,
    "meanResTime" : 553.3333333333334,
    "medianResTime" : 557.0,
    "minResTime" : 532.0,
    "maxResTime" : 571.0,
    "pct1ResTime" : 571.0,
    "pct2ResTime" : 571.0,
    "pct3ResTime" : 571.0,
    "throughput" : 0.008606049479047138,
    "receivedKBytesPerSec" : 0.08615294258760958,
    "sentKBytesPerSec" : 0.01578336027504934
  },
  "SC01_ShoppingFish_TS13_ClickonSignout" : {
    "transaction" : "SC01_ShoppingFish_TS13_ClickonSignout",
    "sampleCount" : 3,
    "errorCount" : 0,
    "errorPct" : 0.0,
    "meanResTime" : 620.6666666666666,
    "medianResTime" : 629.0,
    "minResTime" : 567.0,
    "maxResTime" : 666.0,
    "pct1ResTime" : 666.0,
    "pct2ResTime" : 666.0,
    "pct3ResTime" : 666.0,
    "throughput" : 0.00857784970463604,
    "receivedKBytesPerSec" : 0.08587064191623443,
    "sentKBytesPerSec" : 0.015731642329400865
  },
  "SC06_Search_TS05_Search" : {
    "transaction" : "SC06_Search_TS05_Search",
    "sampleCount" : 8,
    "errorCount" : 0,
    "errorPct" : 0.0,
    "meanResTime" : 208.125,
    "medianResTime" : 208.0,
    "minResTime" : 168.0,
    "maxResTime" : 239.0,
    "pct1ResTime" : 239.0,
    "pct2ResTime" : 239.0,
    "pct3ResTime" : 239.0,
    "throughput" : 0.015169068751907983,
    "receivedKBytesPerSec" : 0.05948378473953761,
    "sentKBytesPerSec" : 0.013665494066049918
  },
  "SC04_ShoppingReptiles_TS06_SelectProductID" : {
    "transaction" : "SC04_ShoppingReptiles_TS06_SelectProductID",
    "sampleCount" : 4,
    "errorCount" : 0,
    "errorPct" : 0.0,
    "meanResTime" : 199.0,
    "medianResTime" : 197.0,
    "minResTime" : 182.0,
    "maxResTime" : 220.0,
    "pct1ResTime" : 220.0,
    "pct2ResTime" : 220.0,
    "pct3ResTime" : 220.0,
    "throughput" : 0.007655751478995488,
    "receivedKBytesPerSec" : 0.032379941069852994,
    "sentKBytesPerSec" : 0.004949323710053724
  },
  "SC05_ShoppingBirds_TS02_ClickonEntertheStore" : {
    "transaction" : "SC05_ShoppingBirds_TS02_ClickonEntertheStore",
    "sampleCount" : 4,
    "errorCount" : 0,
    "errorPct" : 0.0,
    "meanResTime" : 232.5,
    "medianResTime" : 225.5,
    "minResTime" : 212.0,
    "maxResTime" : 267.0,
    "pct1ResTime" : 267.0,
    "pct2ResTime" : 267.0,
    "pct3ResTime" : 267.0,
    "throughput" : 0.007633558650539502,
    "receivedKBytesPerSec" : 0.03835975041602895,
    "sentKBytesPerSec" : 0.004210011960832211
  },
  "SC10_LoginLogout_TS02_ClickonEntertheStore" : {
    "transaction" : "SC10_LoginLogout_TS02_ClickonEntertheStore",
    "sampleCount" : 6,
    "errorCount" : 0,
    "errorPct" : 0.0,
    "meanResTime" : 230.5,
    "medianResTime" : 235.0,
    "minResTime" : 197.0,
    "maxResTime" : 244.0,
    "pct1ResTime" : 244.0,
    "pct2ResTime" : 244.0,
    "pct3ResTime" : 244.0,
    "throughput" : 0.011730503414554035,
    "receivedKBytesPerSec" : 0.058287848102688826,
    "sentKBytesPerSec" : 0.006520128444124679
  },
  "SC07_OpenMyOrders_TS06_ClickOnMyOrders/actions/Order.action-2" : {
    "transaction" : "SC07_OpenMyOrders_TS06_ClickOnMyOrders/actions/Order.action-2",
    "sampleCount" : 10,
    "errorCount" : 0,
    "errorPct" : 0.0,
    "meanResTime" : 293.6,
    "medianResTime" : 316.5,
    "minResTime" : 197.0,
    "maxResTime" : 356.0,
    "pct1ResTime" : 353.1,
    "pct2ResTime" : 356.0,
    "pct3ResTime" : 356.0,
    "throughput" : 0.020093515219833106,
    "receivedKBytesPerSec" : 0.1802922049217056,
    "sentKBytesPerSec" : 0.012303353557456402
  },
  "SC11_CreateAccount_TS05_EnterAccInfoandclickonSave/actions/Account.action-2" : {
    "transaction" : "SC11_CreateAccount_TS05_EnterAccInfoandclickonSave/actions/Account.action-2",
    "sampleCount" : 3,
    "errorCount" : 0,
    "errorPct" : 0.0,
    "meanResTime" : 440.3333333333333,
    "medianResTime" : 436.0,
    "minResTime" : 423.0,
    "maxResTime" : 462.0,
    "pct1ResTime" : 462.0,
    "pct2ResTime" : 462.0,
    "pct3ResTime" : 462.0,
    "throughput" : 0.006442745468602354,
    "receivedKBytesPerSec" : 0.03273594206361138,
    "sentKBytesPerSec" : 0.013669861642041063
  },
  "SC01_ShoppingFish_TS02_ClickonEntertheStore/actions/Catalog.action-27" : {
    "transaction" : "SC01_ShoppingFish_TS02_ClickonEntertheStore/actions/Catalog.action-27",
    "sampleCount" : 67,
    "errorCount" : 0,
    "errorPct" : 0.0,
    "meanResTime" : 222.50746268656712,
    "medianResTime" : 232.0,
    "minResTime" : 155.0,
    "maxResTime" : 285.0,
    "pct1ResTime" : 250.8,
    "pct2ResTime" : 263.2,
    "pct3ResTime" : 285.0,
    "throughput" : 0.10776919377383588,
    "receivedKBytesPerSec" : 0.539656499769181,
    "sentKBytesPerSec" : 0.05958187513169557
  },
  "SC06_Search_TS13_ClickonSignout" : {
    "transaction" : "SC06_Search_TS13_ClickonSignout",
    "sampleCount" : 6,
    "errorCount" : 0,
    "errorPct" : 0.0,
    "meanResTime" : 579.8333333333333,
    "medianResTime" : 555.0,
    "minResTime" : 533.0,
    "maxResTime" : 667.0,
    "pct1ResTime" : 667.0,
    "pct2ResTime" : 667.0,
    "pct3ResTime" : 667.0,
    "throughput" : 0.0169726457525954,
    "receivedKBytesPerSec" : 0.16990878086899946,
    "sentKBytesPerSec" : 0.03112756711267008
  },
  "SC02_ShoppingDogs_TS01_Launch" : {
    "transaction" : "SC02_ShoppingDogs_TS01_Launch",
    "sampleCount" : 4,
    "errorCount" : 0,
    "errorPct" : 0.0,
    "meanResTime" : 670.75,
    "medianResTime" : 632.0,
    "minResTime" : 599.0,
    "maxResTime" : 820.0,
    "pct1ResTime" : 820.0,
    "pct2ResTime" : 820.0,
    "pct3ResTime" : 820.0,
    "throughput" : 0.007641010065120509,
    "receivedKBytesPerSec" : 0.010834713490776346,
    "sentKBytesPerSec" : 0.004049959192230621
  },
  "Cart/actions/Cart.action-2" : {
    "transaction" : "Cart/actions/Cart.action-2",
    "sampleCount" : 10,
    "errorCount" : 0,
    "errorPct" : 0.0,
    "meanResTime" : 239.9,
    "medianResTime" : 240.5,
    "minResTime" : 200.0,
    "maxResTime" : 275.0,
    "pct1ResTime" : 274.1,
    "pct2ResTime" : 275.0,
    "pct3ResTime" : 275.0,
    "throughput" : 0.021957271150341434,
    "receivedKBytesPerSec" : 0.09524824067364908,
    "sentKBytesPerSec" : 0.01389483564982544
  },
  "SC01_ShoppingFish_TS06_SelectProductID/actions/Catalog.action-44" : {
    "transaction" : "SC01_ShoppingFish_TS06_SelectProductID/actions/Catalog.action-44",
    "sampleCount" : 28,
    "errorCount" : 0,
    "errorPct" : 0.0,
    "meanResTime" : 214.82142857142856,
    "medianResTime" : 223.0,
    "minResTime" : 172.0,
    "maxResTime" : 260.0,
    "pct1ResTime" : 247.4,
    "pct2ResTime" : 255.95,
    "pct3ResTime" : 260.0,
    "throughput" : 0.051588939331407346,
    "receivedKBytesPerSec" : 0.2100298858871087,
    "sentKBytesPerSec" : 0.03335864031823006
  },
  "SC06_Search_TS08_ClickonAddtocart" : {
    "transaction" : "SC06_Search_TS08_ClickonAddtocart",
    "sampleCount" : 7,
    "errorCount" : 0,
    "errorPct" : 0.0,
    "meanResTime" : 200.42857142857142,
    "medianResTime" : 178.0,
    "minResTime" : 167.0,
    "maxResTime" : 250.0,
    "pct1ResTime" : 250.0,
    "pct2ResTime" : 250.0,
    "pct3ResTime" : 250.0,
    "throughput" : 0.013387136873912296,
    "receivedKBytesPerSec" : 0.0626943077176844,
    "sentKBytesPerSec" : 0.008578002184971983
  },
  "SC08_AddToCartDeleteCart_TS09_ClickonRemove" : {
    "transaction" : "SC08_AddToCartDeleteCart_TS09_ClickonRemove",
    "sampleCount" : 8,
    "errorCount" : 0,
    "errorPct" : 0.0,
    "meanResTime" : 209.75,
    "medianResTime" : 210.5,
    "minResTime" : 155.0,
    "maxResTime" : 269.0,
    "pct1ResTime" : 269.0,
    "pct2ResTime" : 269.0,
    "pct3ResTime" : 269.0,
    "throughput" : 0.0171617841390791,
    "receivedKBytesPerSec" : 0.07444594252518492,
    "sentKBytesPerSec" : 0.010631842591043265
  },
  "SC01_ShoppingFish_TS13_ClickonSignout/actions/Account.action-56-1" : {
    "transaction" : "SC01_ShoppingFish_TS13_ClickonSignout/actions/Account.action-56-1",
    "sampleCount" : 58,
    "errorCount" : 0,
    "errorPct" : 0.0,
    "meanResTime" : 198.39655172413796,
    "medianResTime" : 201.5,
    "minResTime" : 144.0,
    "maxResTime" : 277.0,
    "pct1ResTime" : 241.3,
    "pct2ResTime" : 251.59999999999997,
    "pct3ResTime" : 277.0,
    "throughput" : 0.11144244958189867,
    "receivedKBytesPerSec" : 0.5493764506732661,
    "sentKBytesPerSec" : 0.06780141219679968
  },
  "SC01_ShoppingFish_TS13_ClickonSignout/actions/Account.action-56-0" : {
    "transaction" : "SC01_ShoppingFish_TS13_ClickonSignout/actions/Account.action-56-0",
    "sampleCount" : 58,
    "errorCount" : 0,
    "errorPct" : 0.0,
    "meanResTime" : 276.9655172413793,
    "medianResTime" : 230.5,
    "minResTime" : 157.0,
    "maxResTime" : 669.0,
    "pct1ResTime" : 568.8,
    "pct2ResTime" : 642.15,
    "pct3ResTime" : 669.0,
    "throughput" : 0.11136477532156579,
    "receivedKBytesPerSec" : 0.025013572581992313,
    "sentKBytesPerSec" : 0.06873294726877888
  },
  "SC11_CreateAccount_TS03_ClickonSignin" : {
    "transaction" : "SC11_CreateAccount_TS03_ClickonSignin",
    "sampleCount" : 3,
    "errorCount" : 0,
    "errorPct" : 0.0,
    "meanResTime" : 231.0,
    "medianResTime" : 231.0,
    "minResTime" : 200.0,
    "maxResTime" : 262.0,
    "pct1ResTime" : 262.0,
    "pct2ResTime" : 262.0,
    "pct3ResTime" : 262.0,
    "throughput" : 0.006446054048014508,
    "receivedKBytesPerSec" : 0.025777921217401766,
    "sentKBytesPerSec" : 0.004129503374509294
  },
  "SC03_ShoppingCats_TS02_ClickonEntertheStore" : {
    "transaction" : "SC03_ShoppingCats_TS02_ClickonEntertheStore",
    "sampleCount" : 4,
    "errorCount" : 0,
    "errorPct" : 0.0,
    "meanResTime" : 245.75,
    "medianResTime" : 239.5,
    "minResTime" : 219.0,
    "maxResTime" : 285.0,
    "pct1ResTime" : 285.0,
    "pct2ResTime" : 285.0,
    "pct3ResTime" : 285.0,
    "throughput" : 0.0076316944269551445,
    "receivedKBytesPerSec" : 0.038350382419437924,
    "sentKBytesPerSec" : 0.004208983816038006
  },
  "SC02_ShoppingDogs_TS11_EnterPaymentsDetailsandClickonContinue" : {
    "transaction" : "SC02_ShoppingDogs_TS11_EnterPaymentsDetailsandClickonContinue",
    "sampleCount" : 3,
    "errorCount" : 0,
    "errorPct" : 0.0,
    "meanResTime" : 204.0,
    "medianResTime" : 172.0,
    "minResTime" : 163.0,
    "maxResTime" : 277.0,
    "pct1ResTime" : 277.0,
    "pct2ResTime" : 277.0,
    "pct3ResTime" : 277.0,
    "throughput" : 0.008611706754161608,
    "receivedKBytesPerSec" : 0.03982073386812032,
    "sentKBytesPerSec" : 0.010621665654791123
  },
  "SC08_AddToCartDeleteCart_TS02_ClickonEntertheStore" : {
    "transaction" : "SC08_AddToCartDeleteCart_TS02_ClickonEntertheStore",
    "sampleCount" : 8,
    "errorCount" : 0,
    "errorPct" : 0.0,
    "meanResTime" : 242.625,
    "medianResTime" : 243.5,
    "minResTime" : 207.0,
    "maxResTime" : 264.0,
    "pct1ResTime" : 264.0,
    "pct2ResTime" : 264.0,
    "pct3ResTime" : 264.0,
    "throughput" : 0.017160495680917744,
    "receivedKBytesPerSec" : 0.08623400454109617,
    "sentKBytesPerSec" : 0.009464247984178022
  },
  "SC05_ShoppingBirds_TS04_Login" : {
    "transaction" : "SC05_ShoppingBirds_TS04_Login",
    "sampleCount" : 4,
    "errorCount" : 0,
    "errorPct" : 0.0,
    "meanResTime" : 573.75,
    "medianResTime" : 585.0,
    "minResTime" : 491.0,
    "maxResTime" : 634.0,
    "pct1ResTime" : 634.0,
    "pct2ResTime" : 634.0,
    "pct3ResTime" : 634.0,
    "throughput" : 0.0076274596173684876,
    "receivedKBytesPerSec" : 0.07917958567639358,
    "sentKBytesPerSec" : 0.016632927075765462
  },
  "SC01_ShoppingFish_TS10_ClickonProceedtoCheckout/actions/Order.action-50" : {
    "transaction" : "SC01_ShoppingFish_TS10_ClickonProceedtoCheckout/actions/Order.action-50",
    "sampleCount" : 21,
    "errorCount" : 0,
    "errorPct" : 0.0,
    "meanResTime" : 198.57142857142858,
    "medianResTime" : 202.0,
    "minResTime" : 152.0,
    "maxResTime" : 263.0,
    "pct1ResTime" : 236.8,
    "pct2ResTime" : 260.4,
    "pct3ResTime" : 263.0,
    "throughput" : 0.05575823230472671,
    "receivedKBytesPerSec" : 0.2945846600805574,
    "sentKBytesPerSec" : 0.03316090182966657
  },
  "SC05_ShoppingBirds_TS13_ClickonSignout" : {
    "transaction" : "SC05_ShoppingBirds_TS13_ClickonSignout",
    "sampleCount" : 3,
    "errorCount" : 0,
    "errorPct" : 0.0,
    "meanResTime" : 639.0,
    "medianResTime" : 637.0,
    "minResTime" : 633.0,
    "maxResTime" : 647.0,
    "pct1ResTime" : 647.0,
    "pct2ResTime" : 647.0,
    "pct3ResTime" : 647.0,
    "throughput" : 0.008575740944017564,
    "receivedKBytesPerSec" : 0.0858495316573477,
    "sentKBytesPerSec" : 0.01572777489537596
  },
  "SC04_ShoppingReptiles_TS12_ClickonConfirm" : {
    "transaction" : "SC04_ShoppingReptiles_TS12_ClickonConfirm",
    "sampleCount" : 3,
    "errorCount" : 0,
    "errorPct" : 0.0,
    "meanResTime" : 204.33333333333334,
    "medianResTime" : 208.0,
    "minResTime" : 174.0,
    "maxResTime" : 231.0,
    "pct1ResTime" : 231.0,
    "pct2ResTime" : 231.0,
    "pct3ResTime" : 231.0,
    "throughput" : 0.008615837057289572,
    "receivedKBytesPerSec" : 0.04570993240875828,
    "sentKBytesPerSec" : 0.005225033996657055
  },
  "SC02_ShoppingDogs_TS06_SelectProductID" : {
    "transaction" : "SC02_ShoppingDogs_TS06_SelectProductID",
    "sampleCount" : 4,
    "errorCount" : 0,
    "errorPct" : 0.0,
    "meanResTime" : 210.0,
    "medianResTime" : 207.5,
    "minResTime" : 174.0,
    "maxResTime" : 251.0,
    "pct1ResTime" : 251.0,
    "pct2ResTime" : 251.0,
    "pct3ResTime" : 251.0,
    "throughput" : 0.007649646203863071,
    "receivedKBytesPerSec" : 0.030578041331994647,
    "sentKBytesPerSec" : 0.004945376745075541
  },
  "SC01_ShoppingFish_TS05_ClickonFish/actions/Catalog.action-43" : {
    "transaction" : "SC01_ShoppingFish_TS05_ClickonFish/actions/Catalog.action-43",
    "sampleCount" : 28,
    "errorCount" : 0,
    "errorPct" : 0.0,
    "meanResTime" : 218.60714285714283,
    "medianResTime" : 223.5,
    "minResTime" : 162.0,
    "maxResTime" : 291.0,
    "pct1ResTime" : 266.90000000000003,
    "pct2ResTime" : 283.79999999999995,
    "pct3ResTime" : 291.0,
    "throughput" : 0.05158941458911795,
    "receivedKBytesPerSec" : 0.20375227776477808,
    "sentKBytesPerSec" : 0.031786362937059075
  },
  "SC05_ShoppingBirds_TS05_ClickonBirds" : {
    "transaction" : "SC05_ShoppingBirds_TS05_ClickonBirds",
    "sampleCount" : 4,
    "errorCount" : 0,
    "errorPct" : 0.0,
    "meanResTime" : 247.75,
    "medianResTime" : 253.5,
    "minResTime" : 193.0,
    "maxResTime" : 291.0,
    "pct1ResTime" : 291.0,
    "pct2ResTime" : 291.0,
    "pct3ResTime" : 291.0,
    "throughput" : 0.0076316944269551445,
    "receivedKBytesPerSec" : 0.028782816286035906,
    "sentKBytesPerSec" : 0.004702733577547555
  },
  "SC02_ShoppingDogs_TS07_SelectItemID" : {
    "transaction" : "SC02_ShoppingDogs_TS07_SelectItemID",
    "sampleCount" : 4,
    "errorCount" : 0,
    "errorPct" : 0.0,
    "meanResTime" : 545.0,
    "medianResTime" : 545.5,
    "minResTime" : 457.0,
    "maxResTime" : 632.0,
    "pct1ResTime" : 632.0,
    "pct2ResTime" : 632.0,
    "pct3ResTime" : 632.0,
    "throughput" : 0.007646560672591477,
    "receivedKBytesPerSec" : 0.029837641413581438,
    "sentKBytesPerSec" : 0.004892977422573794
  },
  "SC07_OpenMyOrders_TS06_ClickOnMyOrders" : {
    "transaction" : "SC07_OpenMyOrders_TS06_ClickOnMyOrders",
    "sampleCount" : 10,
    "errorCount" : 0,
    "errorPct" : 0.0,
    "meanResTime" : 293.6,
    "medianResTime" : 316.5,
    "minResTime" : 197.0,
    "maxResTime" : 356.0,
    "pct1ResTime" : 353.1,
    "pct2ResTime" : 356.0,
    "pct3ResTime" : 356.0,
    "throughput" : 0.02009355559484962,
    "receivedKBytesPerSec" : 0.1802925671928499,
    "sentKBytesPerSec" : 0.012303378279268272
  },
  "SC09_OpenCart_TS06_ClickonSignout" : {
    "transaction" : "SC09_OpenCart_TS06_ClickonSignout",
    "sampleCount" : 10,
    "errorCount" : 0,
    "errorPct" : 0.0,
    "meanResTime" : 596.6999999999999,
    "medianResTime" : 612.0,
    "minResTime" : 505.0,
    "maxResTime" : 655.0,
    "pct1ResTime" : 653.7,
    "pct2ResTime" : 655.0,
    "pct3ResTime" : 655.0,
    "throughput" : 0.021938099458567707,
    "receivedKBytesPerSec" : 0.21961665776345465,
    "sentKBytesPerSec" : 0.040234131624209135
  },
  "SC11_CreateAccount_TS02_ClickonEntertheStore" : {
    "transaction" : "SC11_CreateAccount_TS02_ClickonEntertheStore",
    "sampleCount" : 3,
    "errorCount" : 0,
    "errorPct" : 0.0,
    "meanResTime" : 198.66666666666666,
    "medianResTime" : 196.0,
    "minResTime" : 188.0,
    "maxResTime" : 212.0,
    "pct1ResTime" : 212.0,
    "pct2ResTime" : 212.0,
    "pct3ResTime" : 212.0,
    "throughput" : 0.006445998646340285,
    "receivedKBytesPerSec" : 0.03275456994445698,
    "sentKBytesPerSec" : 0.0035272538165683656
  },
  "SC05_ShoppingBirds_TS06_SelectProductID" : {
    "transaction" : "SC05_ShoppingBirds_TS06_SelectProductID",
    "sampleCount" : 4,
    "errorCount" : 0,
    "errorPct" : 0.0,
    "meanResTime" : 243.75,
    "medianResTime" : 243.5,
    "minResTime" : 228.0,
    "maxResTime" : 260.0,
    "pct1ResTime" : 260.0,
    "pct2ResTime" : 260.0,
    "pct3ResTime" : 260.0,
    "throughput" : 0.007631301308577391,
    "receivedKBytesPerSec" : 0.030024028463799965,
    "sentKBytesPerSec" : 0.004933517056912337
  },
  "SC01_ShoppingFish_TS09_UpdateQuantityandClickonUpdatecart" : {
    "transaction" : "SC01_ShoppingFish_TS09_UpdateQuantityandClickonUpdatecart",
    "sampleCount" : 3,
    "errorCount" : 0,
    "errorPct" : 0.0,
    "meanResTime" : 257.0,
    "medianResTime" : 272.0,
    "minResTime" : 221.0,
    "maxResTime" : 278.0,
    "pct1ResTime" : 278.0,
    "pct2ResTime" : 278.0,
    "pct3ResTime" : 278.0,
    "throughput" : 0.008587179912868748,
    "receivedKBytesPerSec" : 0.04081985295169997,
    "sentKBytesPerSec" : 0.008033709332547129
  },
  "SC04_ShoppingReptiles_TS10_ClickonProceedtoCheckout" : {
    "transaction" : "SC04_ShoppingReptiles_TS10_ClickonProceedtoCheckout",
    "sampleCount" : 3,
    "errorCount" : 0,
    "errorPct" : 0.0,
    "meanResTime" : 191.66666666666666,
    "medianResTime" : 193.0,
    "minResTime" : 159.0,
    "maxResTime" : 223.0,
    "pct1ResTime" : 223.0,
    "pct2ResTime" : 223.0,
    "pct3ResTime" : 223.0,
    "throughput" : 0.008614105310308788,
    "receivedKBytesPerSec" : 0.04714203726461957,
    "sentKBytesPerSec" : 0.00512303724021294
  },
  "SC01_ShoppingFish_TS13_ClickonSignout/actions/Account.action-56" : {
    "transaction" : "SC01_ShoppingFish_TS13_ClickonSignout/actions/Account.action-56",
    "sampleCount" : 58,
    "errorCount" : 0,
    "errorPct" : 0.0,
    "meanResTime" : 475.6551724137931,
    "medianResTime" : 438.5,
    "minResTime" : 317.0,
    "maxResTime" : 870.0,
    "pct1ResTime" : 732.4000000000001,
    "pct2ResTime" : 841.1999999999999,
    "pct3ResTime" : 870.0,
    "throughput" : 0.11132095751378077,
    "receivedKBytesPerSec" : 0.573781263435288,
    "sentKBytesPerSec" : 0.13643340007792468
  },
  "SC05_ShoppingBirds_TS12_ClickonConfirm" : {
    "transaction" : "SC05_ShoppingBirds_TS12_ClickonConfirm",
    "sampleCount" : 3,
    "errorCount" : 0,
    "errorPct" : 0.0,
    "meanResTime" : 233.33333333333334,
    "medianResTime" : 235.0,
    "minResTime" : 225.0,
    "maxResTime" : 240.0,
    "pct1ResTime" : 240.0,
    "pct2ResTime" : 240.0,
    "pct3ResTime" : 240.0,
    "throughput" : 0.008585238540852858,
    "receivedKBytesPerSec" : 0.045505676810126,
    "sentKBytesPerSec" : 0.005206477669794555
  },
  "SC01_ShoppingFish_TS07_SelectItemID" : {
    "transaction" : "SC01_ShoppingFish_TS07_SelectItemID",
    "sampleCount" : 4,
    "errorCount" : 0,
    "errorPct" : 0.0,
    "meanResTime" : 589.0,
    "medianResTime" : 628.0,
    "minResTime" : 457.0,
    "maxResTime" : 643.0,
    "pct1ResTime" : 643.0,
    "pct2ResTime" : 643.0,
    "pct3ResTime" : 643.0,
    "throughput" : 0.00763239340408562,
    "receivedKBytesPerSec" : 0.02985316765792376,
    "sentKBytesPerSec" : 0.004883911892604592
  },
  "SC01_ShoppingFish_TS09_UpdateQuantityandClickonUpdatecart/actions/Cart.action-49" : {
    "transaction" : "SC01_ShoppingFish_TS09_UpdateQuantityandClickonUpdatecart/actions/Cart.action-49",
    "sampleCount" : 21,
    "errorCount" : 0,
    "errorPct" : 0.0,
    "meanResTime" : 216.3809523809524,
    "medianResTime" : 212.0,
    "minResTime" : 162.0,
    "maxResTime" : 293.0,
    "pct1ResTime" : 276.8,
    "pct2ResTime" : 291.5,
    "pct3ResTime" : 293.0,
    "throughput" : 0.055747279001858246,
    "receivedKBytesPerSec" : 0.26386630607910805,
    "sentKBytesPerSec" : 0.05222159543403239
  },
  "SC04_ShoppingReptiles_TS08_ClickonAddtocart" : {
    "transaction" : "SC04_ShoppingReptiles_TS08_ClickonAddtocart",
    "sampleCount" : 4,
    "errorCount" : 0,
    "errorPct" : 0.0,
    "meanResTime" : 178.5,
    "medianResTime" : 165.0,
    "minResTime" : 151.0,
    "maxResTime" : 233.0,
    "pct1ResTime" : 233.0,
    "pct2ResTime" : 233.0,
    "pct3ResTime" : 233.0,
    "throughput" : 0.007658697791614492,
    "receivedKBytesPerSec" : 0.03645360648079007,
    "sentKBytesPerSec" : 0.004913832469815157
  },
  "SC05_ShoppingBirds_TS11_EnterPaymentsDetailsandClickonContinue" : {
    "transaction" : "SC05_ShoppingBirds_TS11_EnterPaymentsDetailsandClickonContinue",
    "sampleCount" : 3,
    "errorCount" : 0,
    "errorPct" : 0.0,
    "meanResTime" : 239.33333333333334,
    "medianResTime" : 240.0,
    "minResTime" : 234.0,
    "maxResTime" : 244.0,
    "pct1ResTime" : 244.0,
    "pct2ResTime" : 244.0,
    "pct3ResTime" : 244.0,
    "throughput" : 0.008585140266883394,
    "receivedKBytesPerSec" : 0.039563746991623766,
    "sentKBytesPerSec" : 0.010588898590892312
  },
  "SC06_Search_TS11_EnterPaymentsDetailsandClickonContinue" : {
    "transaction" : "SC06_Search_TS11_EnterPaymentsDetailsandClickonContinue",
    "sampleCount" : 6,
    "errorCount" : 0,
    "errorPct" : 0.0,
    "meanResTime" : 224.0,
    "medianResTime" : 228.0,
    "minResTime" : 181.0,
    "maxResTime" : 276.0,
    "pct1ResTime" : 276.0,
    "pct2ResTime" : 276.0,
    "pct3ResTime" : 276.0,
    "throughput" : 0.01699668564629897,
    "receivedKBytesPerSec" : 0.07668426531826295,
    "sentKBytesPerSec" : 0.02096368551882383
  },
  "SC04_ShoppingReptiles_TS02_ClickonEntertheStore" : {
    "transaction" : "SC04_ShoppingReptiles_TS02_ClickonEntertheStore",
    "sampleCount" : 4,
    "errorCount" : 0,
    "errorPct" : 0.0,
    "meanResTime" : 209.25,
    "medianResTime" : 212.0,
    "minResTime" : 177.0,
    "maxResTime" : 236.0,
    "pct1ResTime" : 236.0,
    "pct2ResTime" : 236.0,
    "pct3ResTime" : 236.0,
    "throughput" : 0.007652851356754886,
    "receivedKBytesPerSec" : 0.038456699090841255,
    "sentKBytesPerSec" : 0.004220652152077462
  },
  "SC03_ShoppingCats_TS09_UpdateQuantityandClickonUpdatecart" : {
    "transaction" : "SC03_ShoppingCats_TS09_UpdateQuantityandClickonUpdatecart",
    "sampleCount" : 3,
    "errorCount" : 0,
    "errorPct" : 0.0,
    "meanResTime" : 221.0,
    "medianResTime" : 222.0,
    "minResTime" : 211.0,
    "maxResTime" : 230.0,
    "pct1ResTime" : 230.0,
    "pct2ResTime" : 230.0,
    "pct3ResTime" : 230.0,
    "throughput" : 0.008585533376261,
    "receivedKBytesPerSec" : 0.040820410316949274,
    "sentKBytesPerSec" : 0.008048937540244687
  },
  "SC02_ShoppingDogs_TS09_UpdateQuantityandClickonUpdatecart" : {
    "transaction" : "SC02_ShoppingDogs_TS09_UpdateQuantityandClickonUpdatecart",
    "sampleCount" : 3,
    "errorCount" : 0,
    "errorPct" : 0.0,
    "meanResTime" : 188.33333333333334,
    "medianResTime" : 170.0,
    "minResTime" : 162.0,
    "maxResTime" : 233.0,
    "pct1ResTime" : 233.0,
    "pct2ResTime" : 233.0,
    "pct3ResTime" : 233.0,
    "throughput" : 0.008609754277612916,
    "receivedKBytesPerSec" : 0.040972004487116936,
    "sentKBytesPerSec" : 0.008060434017713135
  },
  "SC08_AddToCartDeleteCart_TS08_ClickonAddtocart" : {
    "transaction" : "SC08_AddToCartDeleteCart_TS08_ClickonAddtocart",
    "sampleCount" : 8,
    "errorCount" : 0,
    "errorPct" : 0.0,
    "meanResTime" : 224.25,
    "medianResTime" : 232.5,
    "minResTime" : 176.0,
    "maxResTime" : 283.0,
    "pct1ResTime" : 283.0,
    "pct2ResTime" : 283.0,
    "pct3ResTime" : 283.0,
    "throughput" : 0.017162041853929572,
    "receivedKBytesPerSec" : 0.08165168228233705,
    "sentKBytesPerSec" : 0.010990243111049137
  },
  "SC11_CreateAccount_TS05_EnterAccInfoandclickonSave" : {
    "transaction" : "SC11_CreateAccount_TS05_EnterAccInfoandclickonSave",
    "sampleCount" : 3,
    "errorCount" : 0,
    "errorPct" : 0.0,
    "meanResTime" : 619.6666666666666,
    "medianResTime" : 631.0,
    "minResTime" : 593.0,
    "maxResTime" : 635.0,
    "pct1ResTime" : 635.0,
    "pct2ResTime" : 635.0,
    "pct3ResTime" : 635.0,
    "throughput" : 0.006440573898071477,
    "receivedKBytesPerSec" : 0.06400320311208531,
    "sentKBytesPerSec" : 0.01753966185913606
  },
  "SC06_Search_TS12_ClickonConfirm" : {
    "transaction" : "SC06_Search_TS12_ClickonConfirm",
    "sampleCount" : 6,
    "errorCount" : 3,
    "errorPct" : 50.0,
    "meanResTime" : 309.66666666666663,
    "medianResTime" : 294.5,
    "minResTime" : 166.0,
    "maxResTime" : 446.0,
    "pct1ResTime" : 446.0,
    "pct2ResTime" : 446.0,
    "pct3ResTime" : 446.0,
    "throughput" : 0.016993508479760732,
    "receivedKBytesPerSec" : 0.17316285569537435,
    "sentKBytesPerSec" : 0.010305633560479897
  },
  "SC01_ShoppingFish_TS08_ClickonAddtocart/actions/Cart.action-48" : {
    "transaction" : "SC01_ShoppingFish_TS08_ClickonAddtocart/actions/Cart.action-48",
    "sampleCount" : 35,
    "errorCount" : 0,
    "errorPct" : 0.0,
    "meanResTime" : 207.6285714285714,
    "medianResTime" : 215.0,
    "minResTime" : 151.0,
    "maxResTime" : 283.0,
    "pct1ResTime" : 249.4,
    "pct2ResTime" : 270.19999999999993,
    "pct3ResTime" : 283.0,
    "throughput" : 0.0640364165953118,
    "receivedKBytesPerSec" : 0.30371021566092904,
    "sentKBytesPerSec" : 0.0410358364939879
  },
  "SC01_ShoppingFish_TS04_Login/actions/Catalog.action-41" : {
    "transaction" : "SC01_ShoppingFish_TS04_Login/actions/Catalog.action-41",
    "sampleCount" : 64,
    "errorCount" : 0,
    "errorPct" : 0.0,
    "meanResTime" : 191.85937499999997,
    "medianResTime" : 197.5,
    "minResTime" : 142.0,
    "maxResTime" : 271.0,
    "pct1ResTime" : 225.0,
    "pct2ResTime" : 231.75,
    "pct3ResTime" : 271.0,
    "throughput" : 0.1029486752596639,
    "receivedKBytesPerSec" : 0.5213850236218953,
    "sentKBytesPerSec" : 0.06032148940995932
  },
  "SC01_ShoppingFish_TS13_ClickonSignout/actions/Catalog.action-57" : {
    "transaction" : "SC01_ShoppingFish_TS13_ClickonSignout/actions/Catalog.action-57",
    "sampleCount" : 58,
    "errorCount" : 0,
    "errorPct" : 0.0,
    "meanResTime" : 189.77586206896552,
    "medianResTime" : 200.0,
    "minResTime" : 145.0,
    "maxResTime" : 251.0,
    "pct1ResTime" : 216.3,
    "pct2ResTime" : 224.49999999999997,
    "pct3ResTime" : 251.0,
    "throughput" : 0.11143153012781964,
    "receivedKBytesPerSec" : 0.5411611321539522,
    "sentKBytesPerSec" : 0.06779476881799965
  },
  "SC08_AddToCartDeleteCart_TS07_SelectItemID" : {
    "transaction" : "SC08_AddToCartDeleteCart_TS07_SelectItemID",
    "sampleCount" : 8,
    "errorCount" : 0,
    "errorPct" : 0.0,
    "meanResTime" : 518.0,
    "medianResTime" : 527.5,
    "minResTime" : 482.0,
    "maxResTime" : 544.0,
    "pct1ResTime" : 544.0,
    "pct2ResTime" : 544.0,
    "pct3ResTime" : 544.0,
    "throughput" : 0.017149606738080487,
    "receivedKBytesPerSec" : 0.06709532421331538,
    "sentKBytesPerSec" : 0.010975999527313963
  },
  "SC09_OpenCart_TS01_Launch" : {
    "transaction" : "SC09_OpenCart_TS01_Launch",
    "sampleCount" : 12,
    "errorCount" : 0,
    "errorPct" : 0.0,
    "meanResTime" : 626.3333333333334,
    "medianResTime" : 618.5,
    "minResTime" : 500.0,
    "maxResTime" : 778.0,
    "pct1ResTime" : 752.8000000000001,
    "pct2ResTime" : 778.0,
    "pct3ResTime" : 778.0,
    "throughput" : 0.021103873264206426,
    "receivedKBytesPerSec" : 0.029924632792605203,
    "sentKBytesPerSec" : 0.011276695300519156
  },
  "SC07_OpenMyOrders_TS07_ClickonSignout" : {
    "transaction" : "SC07_OpenMyOrders_TS07_ClickonSignout",
    "sampleCount" : 10,
    "errorCount" : 0,
    "errorPct" : 0.0,
    "meanResTime" : 962.0000000000001,
    "medianResTime" : 956.5,
    "minResTime" : 823.0,
    "maxResTime" : 1085.0,
    "pct1ResTime" : 1083.3,
    "pct2ResTime" : 1085.0,
    "pct3ResTime" : 1085.0,
    "throughput" : 0.020064205457463884,
    "receivedKBytesPerSec" : 0.20085758803170145,
    "sentKBytesPerSec" : 0.036797439305778494
  },
  "SC03_ShoppingCats_TS08_ClickonAddtocart" : {
    "transaction" : "SC03_ShoppingCats_TS08_ClickonAddtocart",
    "sampleCount" : 4,
    "errorCount" : 0,
    "errorPct" : 0.0,
    "meanResTime" : 222.5,
    "medianResTime" : 234.0,
    "minResTime" : 155.0,
    "maxResTime" : 267.0,
    "pct1ResTime" : 267.0,
    "pct2ResTime" : 267.0,
    "pct3ResTime" : 267.0,
    "throughput" : 0.007633034245608143,
    "receivedKBytesPerSec" : 0.03628672920666059,
    "sentKBytesPerSec" : 0.004897366698598193
  },
  "SC10_LoginLogout_TS03_ClickonSignin" : {
    "transaction" : "SC10_LoginLogout_TS03_ClickonSignin",
    "sampleCount" : 6,
    "errorCount" : 0,
    "errorPct" : 0.0,
    "meanResTime" : 219.33333333333331,
    "medianResTime" : 233.5,
    "minResTime" : 167.0,
    "maxResTime" : 247.0,
    "pct1ResTime" : 247.0,
    "pct2ResTime" : 247.0,
    "pct3ResTime" : 247.0,
    "throughput" : 0.011731856683638754,
    "receivedKBytesPerSec" : 0.04691596984326239,
    "sentKBytesPerSec" : 0.007515720687956076
  },
  "SC01_ShoppingFish_TS04_Login/actions/Account.action-40-0" : {
    "transaction" : "SC01_ShoppingFish_TS04_Login/actions/Account.action-40-0",
    "sampleCount" : 60,
    "errorCount" : 0,
    "errorPct" : 0.0,
    "meanResTime" : 217.63333333333327,
    "medianResTime" : 226.0,
    "minResTime" : 160.0,
    "maxResTime" : 273.0,
    "pct1ResTime" : 244.7,
    "pct2ResTime" : 265.0,
    "pct3ResTime" : 273.0,
    "throughput" : 0.09650770774892554,
    "receivedKBytesPerSec" : 0.021676535920168823,
    "sentKBytesPerSec" : 0.08911255332050853
  },
  "SC01_ShoppingFish_TS04_Login/actions/Account.action-40-1" : {
    "transaction" : "SC01_ShoppingFish_TS04_Login/actions/Account.action-40-1",
    "sampleCount" : 60,
    "errorCount" : 0,
    "errorPct" : 0.0,
    "meanResTime" : 199.46666666666667,
    "medianResTime" : 202.0,
    "minResTime" : 145.0,
    "maxResTime" : 265.0,
    "pct1ResTime" : 240.8,
    "pct2ResTime" : 252.7,
    "pct3ResTime" : 265.0,
    "throughput" : 0.09651283057655156,
    "receivedKBytesPerSec" : 0.49012935132118024,
    "sentKBytesPerSec" : 0.06484455804362059
  },
  "SC03_ShoppingCats_TS12_ClickonConfirm" : {
    "transaction" : "SC03_ShoppingCats_TS12_ClickonConfirm",
    "sampleCount" : 3,
    "errorCount" : 0,
    "errorPct" : 0.0,
    "meanResTime" : 212.33333333333334,
    "medianResTime" : 228.0,
    "minResTime" : 168.0,
    "maxResTime" : 241.0,
    "pct1ResTime" : 241.0,
    "pct2ResTime" : 241.0,
    "pct3ResTime" : 241.0,
    "throughput" : 0.008585508805870199,
    "receivedKBytesPerSec" : 0.04548195648005587,
    "sentKBytesPerSec" : 0.005206641570747454
  },
  "SC07_OpenMyOrders_TS01_Launch" : {
    "transaction" : "SC07_OpenMyOrders_TS01_Launch",
    "sampleCount" : 10,
    "errorCount" : 0,
    "errorPct" : 0.0,
    "meanResTime" : 624.8,
    "medianResTime" : 619.5,
    "minResTime" : 499.0,
    "maxResTime" : 825.0,
    "pct1ResTime" : 824.0,
    "pct2ResTime" : 825.0,
    "pct3ResTime" : 825.0,
    "throughput" : 0.020072743622889352,
    "receivedKBytesPerSec" : 0.028462523184018883,
    "sentKBytesPerSec" : 0.010691088253831887
  },
  "SC08_AddToCartDeleteCart_TS05_SelectCatogory" : {
    "transaction" : "SC08_AddToCartDeleteCart_TS05_SelectCatogory",
    "sampleCount" : 8,
    "errorCount" : 0,
    "errorPct" : 0.0,
    "meanResTime" : 213.125,
    "medianResTime" : 219.5,
    "minResTime" : 181.0,
    "maxResTime" : 247.0,
    "pct1ResTime" : 247.0,
    "pct2ResTime" : 247.0,
    "pct3ResTime" : 247.0,
    "throughput" : 0.017161600061781763,
    "receivedKBytesPerSec" : 0.06866315962218737,
    "sentKBytesPerSec" : 0.010570975819305514
  },
  "SC03_ShoppingCats_TS05_ClickonCats" : {
    "transaction" : "SC03_ShoppingCats_TS05_ClickonCats",
    "sampleCount" : 4,
    "errorCount" : 0,
    "errorPct" : 0.0,
    "meanResTime" : 228.0,
    "medianResTime" : 232.5,
    "minResTime" : 172.0,
    "maxResTime" : 275.0,
    "pct1ResTime" : 275.0,
    "pct2ResTime" : 275.0,
    "pct3ResTime" : 275.0,
    "throughput" : 0.007631432343536558,
    "receivedKBytesPerSec" : 0.028752017559925822,
    "sentKBytesPerSec" : 0.0046951195082304996
  },
  "SC04_ShoppingReptiles_TS03_ClickonSignin" : {
    "transaction" : "SC04_ShoppingReptiles_TS03_ClickonSignin",
    "sampleCount" : 4,
    "errorCount" : 0,
    "errorPct" : 0.0,
    "meanResTime" : 204.5,
    "medianResTime" : 198.0,
    "minResTime" : 175.0,
    "maxResTime" : 247.0,
    "pct1ResTime" : 247.0,
    "pct2ResTime" : 247.0,
    "pct3ResTime" : 247.0,
    "throughput" : 0.007653832465261168,
    "receivedKBytesPerSec" : 0.030611592638161243,
    "sentKBytesPerSec" : 0.004903236423057935
  },
  "SC11_CreateAccount_TS01_Launch" : {
    "transaction" : "SC11_CreateAccount_TS01_Launch",
    "sampleCount" : 3,
    "errorCount" : 0,
    "errorPct" : 0.0,
    "meanResTime" : 652.6666666666666,
    "medianResTime" : 635.0,
    "minResTime" : 547.0,
    "maxResTime" : 776.0,
    "pct1ResTime" : 776.0,
    "pct2ResTime" : 776.0,
    "pct3ResTime" : 776.0,
    "throughput" : 0.006438251800027899,
    "receivedKBytesPerSec" : 0.009129239857070811,
    "sentKBytesPerSec" : 0.003384692922215188
  },
  "SC03_ShoppingCats_TS04_Login" : {
    "transaction" : "SC03_ShoppingCats_TS04_Login",
    "sampleCount" : 4,
    "errorCount" : 0,
    "errorPct" : 0.0,
    "meanResTime" : 629.25,
    "medianResTime" : 633.5,
    "minResTime" : 606.0,
    "maxResTime" : 644.0,
    "pct1ResTime" : 644.0,
    "pct2ResTime" : 644.0,
    "pct3ResTime" : 644.0,
    "throughput" : 0.007626078136796589,
    "receivedKBytesPerSec" : 0.07918013940470835,
    "sentKBytesPerSec" : 0.016644809214590214
  },
  "SC01_ShoppingFish_TS10_ClickonProceedtoCheckout" : {
    "transaction" : "SC01_ShoppingFish_TS10_ClickonProceedtoCheckout",
    "sampleCount" : 3,
    "errorCount" : 0,
    "errorPct" : 0.0,
    "meanResTime" : 201.0,
    "medianResTime" : 200.0,
    "minResTime" : 197.0,
    "maxResTime" : 206.0,
    "pct1ResTime" : 206.0,
    "pct2ResTime" : 206.0,
    "pct3ResTime" : 206.0,
    "throughput" : 0.008588999209812072,
    "receivedKBytesPerSec" : 0.04693753865049644,
    "sentKBytesPerSec" : 0.00510810597536675
  },
  "SC02_ShoppingDogs_TS02_ClickonEntertheStore" : {
    "transaction" : "SC02_ShoppingDogs_TS02_ClickonEntertheStore",
    "sampleCount" : 4,
    "errorCount" : 0,
    "errorPct" : 0.0,
    "meanResTime" : 216.25,
    "medianResTime" : 232.5,
    "minResTime" : 155.0,
    "maxResTime" : 245.0,
    "pct1ResTime" : 245.0,
    "pct2ResTime" : 245.0,
    "pct3ResTime" : 245.0,
    "throughput" : 0.007649733980500828,
    "receivedKBytesPerSec" : 0.03844103381851771,
    "sentKBytesPerSec" : 0.004218932876452972
  },
  "SC06_Search_TS10_ClickonProceedtoCheckout" : {
    "transaction" : "SC06_Search_TS10_ClickonProceedtoCheckout",
    "sampleCount" : 6,
    "errorCount" : 0,
    "errorPct" : 0.0,
    "meanResTime" : 193.5,
    "medianResTime" : 199.5,
    "minResTime" : 153.0,
    "maxResTime" : 236.0,
    "pct1ResTime" : 236.0,
    "pct2ResTime" : 236.0,
    "pct3ResTime" : 236.0,
    "throughput" : 0.016998563621373995,
    "receivedKBytesPerSec" : 0.08182495428094659,
    "sentKBytesPerSec" : 0.010109497309977306
  },
  "SC03_ShoppingCats_TS11_EnterPaymentsDetailsandClickonContinue" : {
    "transaction" : "SC03_ShoppingCats_TS11_EnterPaymentsDetailsandClickonContinue",
    "sampleCount" : 3,
    "errorCount" : 0,
    "errorPct" : 0.0,
    "meanResTime" : 231.0,
    "medianResTime" : 233.0,
    "minResTime" : 224.0,
    "maxResTime" : 236.0,
    "pct1ResTime" : 236.0,
    "pct2ResTime" : 236.0,
    "pct3ResTime" : 236.0,
    "throughput" : 0.008585582517464507,
    "receivedKBytesPerSec" : 0.039632859921928436,
    "sentKBytesPerSec" : 0.010589444062068038
  },
  "SC07_OpenMyOrders_TS04_Login" : {
    "transaction" : "SC07_OpenMyOrders_TS04_Login",
    "sampleCount" : 10,
    "errorCount" : 0,
    "errorPct" : 0.0,
    "meanResTime" : 613.8000000000001,
    "medianResTime" : 633.5,
    "minResTime" : 547.0,
    "maxResTime" : 653.0,
    "pct1ResTime" : 653.0,
    "pct2ResTime" : 653.0,
    "pct3ResTime" : 653.0,
    "throughput" : 0.020080039035595885,
    "receivedKBytesPerSec" : 0.2084480614730315,
    "sentKBytesPerSec" : 0.043787819498521105
  },
  "Prp/actions/Catalog.action-3" : {
    "transaction" : "Prp/actions/Catalog.action-3",
    "sampleCount" : 8,
    "errorCount" : 0,
    "errorPct" : 0.0,
    "meanResTime" : 215.125,
    "medianResTime" : 211.0,
    "minResTime" : 175.0,
    "maxResTime" : 272.0,
    "pct1ResTime" : 272.0,
    "pct2ResTime" : 272.0,
    "pct3ResTime" : 272.0,
    "throughput" : 0.015169126277287837,
    "receivedKBytesPerSec" : 0.06260227309357266,
    "sentKBytesPerSec" : 0.009362195124263588
  },
  "SC10_LoginLogout_TS05_ClickonSignout" : {
    "transaction" : "SC10_LoginLogout_TS05_ClickonSignout",
    "sampleCount" : 6,
    "errorCount" : 0,
    "errorPct" : 0.0,
    "meanResTime" : 617.6666666666666,
    "medianResTime" : 614.0,
    "minResTime" : 553.0,
    "maxResTime" : 680.0,
    "pct1ResTime" : 680.0,
    "pct2ResTime" : 680.0,
    "pct3ResTime" : 680.0,
    "throughput" : 0.011723008749272196,
    "receivedKBytesPerSec" : 0.11735601825077079,
    "sentKBytesPerSec" : 0.0214998148741535
  },
  "SC05_ShoppingBirds_TS03_ClickonSignin" : {
    "transaction" : "SC05_ShoppingBirds_TS03_ClickonSignin",
    "sampleCount" : 4,
    "errorCount" : 0,
    "errorPct" : 0.0,
    "meanResTime" : 226.25,
    "medianResTime" : 223.0,
    "minResTime" : 221.0,
    "maxResTime" : 238.0,
    "pct1ResTime" : 238.0,
    "pct2ResTime" : 238.0,
    "pct3ResTime" : 238.0,
    "throughput" : 0.007633471244713822,
    "receivedKBytesPerSec" : 0.030530157697974073,
    "sentKBytesPerSec" : 0.004890192516144792
  },
  "SC05_ShoppingBirds_TS09_UpdateQuantityandClickonUpdatecart" : {
    "transaction" : "SC05_ShoppingBirds_TS09_UpdateQuantityandClickonUpdatecart",
    "sampleCount" : 3,
    "errorCount" : 0,
    "errorPct" : 0.0,
    "meanResTime" : 208.33333333333334,
    "medianResTime" : 209.0,
    "minResTime" : 192.0,
    "maxResTime" : 224.0,
    "pct1ResTime" : 224.0,
    "pct2ResTime" : 224.0,
    "pct3ResTime" : 224.0,
    "throughput" : 0.008585901948999742,
    "receivedKBytesPerSec" : 0.04090600941587247,
    "sentKBytesPerSec" : 0.008049283077187257
  },
  "SC01_ShoppingFish_TS04_Login/actions/Account.action-40" : {
    "transaction" : "SC01_ShoppingFish_TS04_Login/actions/Account.action-40",
    "sampleCount" : 64,
    "errorCount" : 0,
    "errorPct" : 0.0,
    "meanResTime" : 404.84374999999983,
    "medianResTime" : 426.5,
    "minResTime" : 170.0,
    "maxResTime" : 477.0,
    "pct1ResTime" : 448.5,
    "pct2ResTime" : 455.0,
    "pct3ResTime" : 477.0,
    "throughput" : 0.10290679538591656,
    "receivedKBytesPerSec" : 0.53782681449603,
    "sentKBytesPerSec" : 0.15983716607548856
  },
  "SC01_ShoppingFish_TS06_SelectProductID" : {
    "transaction" : "SC01_ShoppingFish_TS06_SelectProductID",
    "sampleCount" : 4,
    "errorCount" : 0,
    "errorPct" : 0.0,
    "meanResTime" : 207.25,
    "medianResTime" : 214.5,
    "minResTime" : 172.0,
    "maxResTime" : 228.0,
    "pct1ResTime" : 228.0,
    "pct2ResTime" : 228.0,
    "pct3ResTime" : 228.0,
    "throughput" : 0.00763572987078436,
    "receivedKBytesPerSec" : 0.031581274350819796,
    "sentKBytesPerSec" : 0.004936380053182859
  },
  "SC10_LoginLogout_TS01_Launch" : {
    "transaction" : "SC10_LoginLogout_TS01_Launch",
    "sampleCount" : 6,
    "errorCount" : 0,
    "errorPct" : 0.0,
    "meanResTime" : 609.0,
    "medianResTime" : 613.5,
    "minResTime" : 471.0,
    "maxResTime" : 811.0,
    "pct1ResTime" : 811.0,
    "pct2ResTime" : 811.0,
    "pct3ResTime" : 811.0,
    "throughput" : 0.011716232840600653,
    "receivedKBytesPerSec" : 0.016613252035695455,
    "sentKBytesPerSec" : 0.006260480536408194
  },
  "SC02_ShoppingDogs_TS10_ClickonProceedtoCheckout" : {
    "transaction" : "SC02_ShoppingDogs_TS10_ClickonProceedtoCheckout",
    "sampleCount" : 3,
    "errorCount" : 0,
    "errorPct" : 0.0,
    "meanResTime" : 189.66666666666666,
    "medianResTime" : 154.0,
    "minResTime" : 152.0,
    "maxResTime" : 263.0,
    "pct1ResTime" : 263.0,
    "pct2ResTime" : 263.0,
    "pct3ResTime" : 263.0,
    "throughput" : 0.008611657313449973,
    "receivedKBytesPerSec" : 0.04719591879207153,
    "sentKBytesPerSec" : 0.005121581351456087
  },
  "SC03_ShoppingCats_TS03_ClickonSignin" : {
    "transaction" : "SC03_ShoppingCats_TS03_ClickonSignin",
    "sampleCount" : 4,
    "errorCount" : 0,
    "errorPct" : 0.0,
    "meanResTime" : 238.25,
    "medianResTime" : 241.0,
    "minResTime" : 224.0,
    "maxResTime" : 247.0,
    "pct1ResTime" : 247.0,
    "pct2ResTime" : 247.0,
    "pct3ResTime" : 247.0,
    "throughput" : 0.0076318545979062,
    "receivedKBytesPerSec" : 0.030519965408619034,
    "sentKBytesPerSec" : 0.00488915685178366
  },
  "Search/actions/Catalog.action-1" : {
    "transaction" : "Search/actions/Catalog.action-1",
    "sampleCount" : 8,
    "errorCount" : 0,
    "errorPct" : 0.0,
    "meanResTime" : 208.125,
    "medianResTime" : 208.0,
    "minResTime" : 168.0,
    "maxResTime" : 239.0,
    "pct1ResTime" : 239.0,
    "pct2ResTime" : 239.0,
    "pct3ResTime" : 239.0,
    "throughput" : 0.015169039989381673,
    "receivedKBytesPerSec" : 0.05948367195054893,
    "sentKBytesPerSec" : 0.013665468154496672
  },
  "SC03_ShoppingCats_TS10_ClickonProceedtoCheckout" : {
    "transaction" : "SC03_ShoppingCats_TS10_ClickonProceedtoCheckout",
    "sampleCount" : 3,
    "errorCount" : 0,
    "errorPct" : 0.0,
    "meanResTime" : 207.0,
    "medianResTime" : 204.0,
    "minResTime" : 202.0,
    "maxResTime" : 215.0,
    "pct1ResTime" : 215.0,
    "pct2ResTime" : 215.0,
    "pct3ResTime" : 215.0,
    "throughput" : 0.008585901948999742,
    "receivedKBytesPerSec" : 0.04698768996308062,
    "sentKBytesPerSec" : 0.0051062639520906665
  },
  "SC07_OpenMyOrders_TS02_ClickonEntertheStore" : {
    "transaction" : "SC07_OpenMyOrders_TS02_ClickonEntertheStore",
    "sampleCount" : 10,
    "errorCount" : 0,
    "errorPct" : 0.0,
    "meanResTime" : 211.2,
    "medianResTime" : 220.5,
    "minResTime" : 164.0,
    "maxResTime" : 256.0,
    "pct1ResTime" : 255.4,
    "pct2ResTime" : 256.0,
    "pct3ResTime" : 256.0,
    "throughput" : 0.020096543796397894,
    "receivedKBytesPerSec" : 0.10031001430873918,
    "sentKBytesPerSec" : 0.011135526318433755
  },
  "SC01_ShoppingFish_TS04_Login" : {
    "transaction" : "SC01_ShoppingFish_TS04_Login",
    "sampleCount" : 4,
    "errorCount" : 0,
    "errorPct" : 0.0,
    "meanResTime" : 621.75,
    "medianResTime" : 618.5,
    "minResTime" : 588.0,
    "maxResTime" : 662.0,
    "pct1ResTime" : 662.0,
    "pct2ResTime" : 662.0,
    "pct3ResTime" : 662.0,
    "throughput" : 0.0076287979493791114,
    "receivedKBytesPerSec" : 0.07919347871279293,
    "sentKBytesPerSec" : 0.016635845528284725
  },
  "SC01_ShoppingFish_TS12_ClickonConfirm" : {
    "transaction" : "SC01_ShoppingFish_TS12_ClickonConfirm",
    "sampleCount" : 3,
    "errorCount" : 0,
    "errorPct" : 0.0,
    "meanResTime" : 213.33333333333334,
    "medianResTime" : 223.0,
    "minResTime" : 186.0,
    "maxResTime" : 231.0,
    "pct1ResTime" : 231.0,
    "pct2ResTime" : 231.0,
    "pct3ResTime" : 231.0,
    "throughput" : 0.00858843367009536,
    "receivedKBytesPerSec" : 0.04544712817092128,
    "sentKBytesPerSec" : 0.005208415340946502
  },
  "SC05_ShoppingBirds_TS08_ClickonAddtocart" : {
    "transaction" : "SC05_ShoppingBirds_TS08_ClickonAddtocart",
    "sampleCount" : 4,
    "errorCount" : 0,
    "errorPct" : 0.0,
    "meanResTime" : 221.25,
    "medianResTime" : 241.0,
    "minResTime" : 154.0,
    "maxResTime" : 249.0,
    "pct1ResTime" : 249.0,
    "pct2ResTime" : 249.0,
    "pct3ResTime" : 249.0,
    "throughput" : 0.007633340139728291,
    "receivedKBytesPerSec" : 0.03636459134436478,
    "sentKBytesPerSec" : 0.004897562960743639
  },
  "SC06_Search_TS07_SelectItemID" : {
    "transaction" : "SC06_Search_TS07_SelectItemID",
    "sampleCount" : 8,
    "errorCount" : 0,
    "errorPct" : 0.0,
    "meanResTime" : 542.75,
    "medianResTime" : 539.0,
    "minResTime" : 482.0,
    "maxResTime" : 618.0,
    "pct1ResTime" : 618.0,
    "pct2ResTime" : 618.0,
    "pct3ResTime" : 618.0,
    "throughput" : 0.0151605310734035,
    "receivedKBytesPerSec" : 0.05796978458780411,
    "sentKBytesPerSec" : 0.009704812615835933
  },
  "SC08_AddToCartDeleteCart_TS01_Launch" : {
    "transaction" : "SC08_AddToCartDeleteCart_TS01_Launch",
    "sampleCount" : 8,
    "errorCount" : 0,
    "errorPct" : 0.0,
    "meanResTime" : 669.25,
    "medianResTime" : 616.0,
    "minResTime" : 528.0,
    "maxResTime" : 872.0,
    "pct1ResTime" : 872.0,
    "pct2ResTime" : 872.0,
    "pct3ResTime" : 872.0,
    "throughput" : 0.01713876832241451,
    "receivedKBytesPerSec" : 0.024302237894673697,
    "sentKBytesPerSec" : 0.009084049323232885
  },
  "SC04_ShoppingReptiles_TS09_UpdateQuantityandClickonUpdatecart" : {
    "transaction" : "SC04_ShoppingReptiles_TS09_UpdateQuantityandClickonUpdatecart",
    "sampleCount" : 3,
    "errorCount" : 0,
    "errorPct" : 0.0,
    "meanResTime" : 210.0,
    "medianResTime" : 212.0,
    "minResTime" : 179.0,
    "maxResTime" : 239.0,
    "pct1ResTime" : 239.0,
    "pct2ResTime" : 239.0,
    "pct3ResTime" : 239.0,
    "throughput" : 0.008612769866789159,
    "receivedKBytesPerSec" : 0.04100037322002756,
    "sentKBytesPerSec" : 0.008074471750114836
  },
  "SC03_ShoppingCats_TS13_ClickonSignout" : {
    "transaction" : "SC03_ShoppingCats_TS13_ClickonSignout",
    "sampleCount" : 3,
    "errorCount" : 0,
    "errorPct" : 0.0,
    "meanResTime" : 612.6666666666666,
    "medianResTime" : 604.0,
    "minResTime" : 591.0,
    "maxResTime" : 643.0,
    "pct1ResTime" : 643.0,
    "pct2ResTime" : 643.0,
    "pct3ResTime" : 643.0,
    "throughput" : 0.00857564288736179,
    "receivedKBytesPerSec" : 0.08584855003744699,
    "sentKBytesPerSec" : 0.01572759506100141
  },
  "SC01_ShoppingFish_TS03_ClickonSignin/actions/Account.action;jsessionid=34F99D495B390338C9E133C417A8040F-37" : {
    "transaction" : "SC01_ShoppingFish_TS03_ClickonSignin/actions/Account.action;jsessionid=34F99D495B390338C9E133C417A8040F-37",
    "sampleCount" : 67,
    "errorCount" : 0,
    "errorPct" : 0.0,
    "meanResTime" : 219.9402985074627,
    "medianResTime" : 228.0,
    "minResTime" : 161.0,
    "maxResTime" : 309.0,
    "pct1ResTime" : 247.0,
    "pct2ResTime" : 262.6,
    "pct3ResTime" : 309.0,
    "throughput" : 0.10776746033916189,
    "receivedKBytesPerSec" : 0.4309771658645766,
    "sentKBytesPerSec" : 0.06903852927977559
  },
  "SC11_CreateAccount_TS04_ClickonRegisterNow/actions/Account.action-1" : {
    "transaction" : "SC11_CreateAccount_TS04_ClickonRegisterNow/actions/Account.action-1",
    "sampleCount" : 3,
    "errorCount" : 0,
    "errorPct" : 0.0,
    "meanResTime" : 253.66666666666666,
    "medianResTime" : 245.0,
    "minResTime" : 235.0,
    "maxResTime" : 281.0,
    "pct1ResTime" : 281.0,
    "pct2ResTime" : 281.0,
    "pct3ResTime" : 281.0,
    "throughput" : 0.006445389290770848,
    "receivedKBytesPerSec" : 0.038118435102449465,
    "sentKBytesPerSec" : 0.003952836400980558
  },
  "SC01_ShoppingFish_TS02_ClickonEntertheStore" : {
    "transaction" : "SC01_ShoppingFish_TS02_ClickonEntertheStore",
    "sampleCount" : 4,
    "errorCount" : 0,
    "errorPct" : 0.0,
    "meanResTime" : 244.0,
    "medianResTime" : 245.0,
    "minResTime" : 232.0,
    "maxResTime" : 254.0,
    "pct1ResTime" : 254.0,
    "pct2ResTime" : 254.0,
    "pct3ResTime" : 254.0,
    "throughput" : 0.0076333255727856686,
    "receivedKBytesPerSec" : 0.038358579166173676,
    "sentKBytesPerSec" : 0.004209883415264361
  },
  "SC01_ShoppingFish_TS11_EnterPaymentsDetailsandClickonContinue" : {
    "transaction" : "SC01_ShoppingFish_TS11_EnterPaymentsDetailsandClickonContinue",
    "sampleCount" : 3,
    "errorCount" : 0,
    "errorPct" : 0.0,
    "meanResTime" : 217.33333333333334,
    "medianResTime" : 233.0,
    "minResTime" : 181.0,
    "maxResTime" : 238.0,
    "pct1ResTime" : 238.0,
    "pct2ResTime" : 238.0,
    "pct3ResTime" : 238.0,
    "throughput" : 0.00858813863545928,
    "receivedKBytesPerSec" : 0.03957756466868392,
    "sentKBytesPerSec" : 0.010592596774008856
  },
  "SC09_OpenCart_TS05_OpenCart" : {
    "transaction" : "SC09_OpenCart_TS05_OpenCart",
    "sampleCount" : 10,
    "errorCount" : 0,
    "errorPct" : 0.0,
    "meanResTime" : 239.9,
    "medianResTime" : 240.5,
    "minResTime" : 200.0,
    "maxResTime" : 275.0,
    "pct1ResTime" : 274.1,
    "pct2ResTime" : 275.0,
    "pct3ResTime" : 275.0,
    "throughput" : 0.021957271150341434,
    "receivedKBytesPerSec" : 0.09524824067364908,
    "sentKBytesPerSec" : 0.01389483564982544
  },
  "SC04_ShoppingReptiles_TS07_SelectItemID" : {
    "transaction" : "SC04_ShoppingReptiles_TS07_SelectItemID",
    "sampleCount" : 4,
    "errorCount" : 0,
    "errorPct" : 0.0,
    "meanResTime" : 576.5,
    "medianResTime" : 562.5,
    "minResTime" : 531.0,
    "maxResTime" : 650.0,
    "pct1ResTime" : 650.0,
    "pct2ResTime" : 650.0,
    "pct3ResTime" : 650.0,
    "throughput" : 0.007651211856317892,
    "receivedKBytesPerSec" : 0.029909961973477072,
    "sentKBytesPerSec" : 0.00490155759545365
  },
  "SC08_AddToCartDeleteCart_TS09_ClickonRemove/actions/Cart.action-1" : {
    "transaction" : "SC08_AddToCartDeleteCart_TS09_ClickonRemove/actions/Cart.action-1",
    "sampleCount" : 8,
    "errorCount" : 0,
    "errorPct" : 0.0,
    "meanResTime" : 209.75,
    "medianResTime" : 210.5,
    "minResTime" : 155.0,
    "maxResTime" : 269.0,
    "pct1ResTime" : 269.0,
    "pct2ResTime" : 269.0,
    "pct3ResTime" : 269.0,
    "throughput" : 0.0171617841390791,
    "receivedKBytesPerSec" : 0.07444594252518492,
    "sentKBytesPerSec" : 0.010631842591043265
  },
  "SC04_ShoppingReptiles_TS05_ClickonReptiles" : {
    "transaction" : "SC04_ShoppingReptiles_TS05_ClickonReptiles",
    "sampleCount" : 4,
    "errorCount" : 0,
    "errorPct" : 0.0,
    "meanResTime" : 192.25,
    "medianResTime" : 178.5,
    "minResTime" : 172.0,
    "maxResTime" : 240.0,
    "pct1ResTime" : 240.0,
    "pct2ResTime" : 240.0,
    "pct3ResTime" : 240.0,
    "throughput" : 0.007655209369976269,
    "receivedKBytesPerSec" : 0.02888645410701983,
    "sentKBytesPerSec" : 0.004739651113832963
  },
  "SC10_LoginLogout_TS04_Login" : {
    "transaction" : "SC10_LoginLogout_TS04_Login",
    "sampleCount" : 6,
    "errorCount" : 0,
    "errorPct" : 0.0,
    "meanResTime" : 594.1666666666666,
    "medianResTime" : 595.0,
    "minResTime" : 522.0,
    "maxResTime" : 649.0,
    "pct1ResTime" : 649.0,
    "pct2ResTime" : 649.0,
    "pct3ResTime" : 649.0,
    "throughput" : 0.01172328361358494,
    "receivedKBytesPerSec" : 0.12169775860586711,
    "sentKBytesPerSec" : 0.025564543270639818
  },
  "SC04_ShoppingReptiles_TS04_Login" : {
    "transaction" : "SC04_ShoppingReptiles_TS04_Login",
    "sampleCount" : 4,
    "errorCount" : 0,
    "errorPct" : 0.0,
    "meanResTime" : 566.0,
    "medianResTime" : 572.0,
    "minResTime" : 475.0,
    "maxResTime" : 645.0,
    "pct1ResTime" : 645.0,
    "pct2ResTime" : 645.0,
    "pct3ResTime" : 645.0,
    "throughput" : 0.007648285923520964,
    "receivedKBytesPerSec" : 0.07941071869030751,
    "sentKBytesPerSec" : 0.016693280311591167
  },
  "SC08_AddToCartDeleteCart_TS04_Login" : {
    "transaction" : "SC08_AddToCartDeleteCart_TS04_Login",
    "sampleCount" : 8,
    "errorCount" : 0,
    "errorPct" : 0.0,
    "meanResTime" : 626.5,
    "medianResTime" : 624.5,
    "minResTime" : 552.0,
    "maxResTime" : 707.0,
    "pct1ResTime" : 707.0,
    "pct2ResTime" : 707.0,
    "pct3ResTime" : 707.0,
    "throughput" : 0.017145710678991576,
    "receivedKBytesPerSec" : 0.1779872114430473,
    "sentKBytesPerSec" : 0.037389035103699404
  },
  "SC11_CreateAccount_TS05_EnterAccInfoandclickonSave/actions/Account.action-2-0" : {
    "transaction" : "SC11_CreateAccount_TS05_EnterAccInfoandclickonSave/actions/Account.action-2-0",
    "sampleCount" : 3,
    "errorCount" : 0,
    "errorPct" : 0.0,
    "meanResTime" : 201.0,
    "medianResTime" : 202.0,
    "minResTime" : 171.0,
    "maxResTime" : 230.0,
    "pct1ResTime" : 230.0,
    "pct2ResTime" : 230.0,
    "pct3ResTime" : 230.0,
    "throughput" : 0.006445597012680638,
    "receivedKBytesPerSec" : 0.001447741516520065,
    "sentKBytesPerSec" : 0.00924456394461943
  },
  "SC01_ShoppingFish_TS11_EnterPaymentsDetailsandClickonContinue/actions/Order.action-53" : {
    "transaction" : "SC01_ShoppingFish_TS11_EnterPaymentsDetailsandClickonContinue/actions/Order.action-53",
    "sampleCount" : 21,
    "errorCount" : 0,
    "errorPct" : 0.0,
    "meanResTime" : 219.28571428571433,
    "medianResTime" : 231.0,
    "minResTime" : 163.0,
    "maxResTime" : 277.0,
    "pct1ResTime" : 269.6,
    "pct2ResTime" : 276.9,
    "pct3ResTime" : 277.0,
    "throughput" : 0.055759416703397076,
    "receivedKBytesPerSec" : 0.25567030535582475,
    "sentKBytesPerSec" : 0.06877357743788136
  },
  "SC11_CreateAccount_TS05_EnterAccInfoandclickonSave/actions/Account.action-2-1" : {
    "transaction" : "SC11_CreateAccount_TS05_EnterAccInfoandclickonSave/actions/Account.action-2-1",
    "sampleCount" : 3,
    "errorCount" : 0,
    "errorPct" : 0.0,
    "meanResTime" : 238.66666666666666,
    "medianResTime" : 251.0,
    "minResTime" : 206.0,
    "maxResTime" : 259.0,
    "pct1ResTime" : 259.0,
    "pct2ResTime" : 259.0,
    "pct3ResTime" : 259.0,
    "throughput" : 0.006445555467227573,
    "receivedKBytesPerSec" : 0.03130248763527609,
    "sentKBytesPerSec" : 0.004431319383718956
  },
  "SC09_OpenCart_TS02_ClickonEntertheStore" : {
    "transaction" : "SC09_OpenCart_TS02_ClickonEntertheStore",
    "sampleCount" : 12,
    "errorCount" : 0,
    "errorPct" : 0.0,
    "meanResTime" : 226.91666666666666,
    "medianResTime" : 235.5,
    "minResTime" : 160.0,
    "maxResTime" : 246.0,
    "pct1ResTime" : 245.7,
    "pct2ResTime" : 246.0,
    "pct3ResTime" : 246.0,
    "throughput" : 0.021124900977026673,
    "receivedKBytesPerSec" : 0.10496779002728635,
    "sentKBytesPerSec" : 0.011741786594489923
  },
  "SC01_ShoppingFish_TS05_ClickonFish" : {
    "transaction" : "SC01_ShoppingFish_TS05_ClickonFish",
    "sampleCount" : 4,
    "errorCount" : 0,
    "errorPct" : 0.0,
    "meanResTime" : 230.75,
    "medianResTime" : 229.0,
    "minResTime" : 221.0,
    "maxResTime" : 244.0,
    "pct1ResTime" : 244.0,
    "pct2ResTime" : 244.0,
    "pct3ResTime" : 244.0,
    "throughput" : 0.007634942842909142,
    "receivedKBytesPerSec" : 0.030748539339997362,
    "sentKBytesPerSec" : 0.004697279288117929
  },
  "SC04_ShoppingReptiles_TS11_EnterPaymentsDetailsandClickonContinue" : {
    "transaction" : "SC04_ShoppingReptiles_TS11_EnterPaymentsDetailsandClickonContinue",
    "sampleCount" : 3,
    "errorCount" : 0,
    "errorPct" : 0.0,
    "meanResTime" : 195.33333333333334,
    "medianResTime" : 189.0,
    "minResTime" : 170.0,
    "maxResTime" : 227.0,
    "pct1ResTime" : 227.0,
    "pct2ResTime" : 227.0,
    "pct3ResTime" : 227.0,
    "throughput" : 0.008615169015257464,
    "receivedKBytesPerSec" : 0.03976943743664261,
    "sentKBytesPerSec" : 0.01062593600221697
  },
  "SC03_ShoppingCats_TS07_SelectItemID" : {
    "transaction" : "SC03_ShoppingCats_TS07_SelectItemID",
    "sampleCount" : 4,
    "errorCount" : 0,
    "errorPct" : 0.0,
    "meanResTime" : 641.5,
    "medianResTime" : 642.5,
    "minResTime" : 629.0,
    "maxResTime" : 652.0,
    "pct1ResTime" : 652.0,
    "pct2ResTime" : 652.0,
    "pct3ResTime" : 652.0,
    "throughput" : 0.007625772824414674,
    "receivedKBytesPerSec" : 0.02982541031423903,
    "sentKBytesPerSec" : 0.004892707759414493
  },
  "SC05_ShoppingBirds_TS10_ClickonProceedtoCheckout" : {
    "transaction" : "SC05_ShoppingBirds_TS10_ClickonProceedtoCheckout",
    "sampleCount" : 3,
    "errorCount" : 0,
    "errorPct" : 0.0,
    "meanResTime" : 213.66666666666666,
    "medianResTime" : 202.0,
    "minResTime" : 202.0,
    "maxResTime" : 237.0,
    "pct1ResTime" : 237.0,
    "pct2ResTime" : 237.0,
    "pct3ResTime" : 237.0,
    "throughput" : 0.00858612310783312,
    "receivedKBytesPerSec" : 0.0469218212025724,
    "sentKBytesPerSec" : 0.005106395481123408
  },
  "SC02_ShoppingDogs_TS03_ClickonSignin" : {
    "transaction" : "SC02_ShoppingDogs_TS03_ClickonSignin",
    "sampleCount" : 4,
    "errorCount" : 0,
    "errorPct" : 0.0,
    "meanResTime" : 219.25,
    "medianResTime" : 231.5,
    "minResTime" : 179.0,
    "maxResTime" : 235.0,
    "pct1ResTime" : 235.0,
    "pct2ResTime" : 235.0,
    "pct3ResTime" : 235.0,
    "throughput" : 0.007649777869575112,
    "receivedKBytesPerSec" : 0.030587905748999316,
    "sentKBytesPerSec" : 0.004900638947696556
  },
  "SC06_Search_TS02_ClickonEntertheStore" : {
    "transaction" : "SC06_Search_TS02_ClickonEntertheStore",
    "sampleCount" : 8,
    "errorCount" : 0,
    "errorPct" : 0.0,
    "meanResTime" : 195.25,
    "medianResTime" : 183.0,
    "minResTime" : 168.0,
    "maxResTime" : 234.0,
    "pct1ResTime" : 234.0,
    "pct2ResTime" : 234.0,
    "pct3ResTime" : 234.0,
    "throughput" : 0.015161824043241522,
    "receivedKBytesPerSec" : 0.07619038678760749,
    "sentKBytesPerSec" : 0.008361953250410791
  },
  "Total" : {
    "transaction" : "Total",
    "sampleCount" : 961,
    "errorCount" : 3,
    "errorPct" : 0.31217483,
    "meanResTime" : 288.4516129032258,
    "medianResTime" : 229.0,
    "minResTime" : 142.0,
    "maxResTime" : 1063.0,
    "pct1ResTime" : 535.8000000000001,
    "pct2ResTime" : 629.0,
    "pct3ResTime" : 838.76,
    "throughput" : 1.4702642497827498,
    "receivedKBytesPerSec" : 5.953857239597995,
    "sentKBytesPerSec" : 1.1156727243032691
  },
  "SC11_CreateAccount_TS05_EnterAccInfoandclickonSave/actions/Catalog.action-3" : {
    "transaction" : "SC11_CreateAccount_TS05_EnterAccInfoandclickonSave/actions/Catalog.action-3",
    "sampleCount" : 3,
    "errorCount" : 0,
    "errorPct" : 0.0,
    "meanResTime" : 179.33333333333334,
    "medianResTime" : 169.0,
    "minResTime" : 157.0,
    "maxResTime" : 212.0,
    "pct1ResTime" : 212.0,
    "pct2ResTime" : 212.0,
    "pct3ResTime" : 212.0,
    "throughput" : 0.0064469683131507406,
    "receivedKBytesPerSec" : 0.03130934904423695,
    "sentKBytesPerSec" : 0.0038782543758797425
  },
  "SC08_AddToCartDeleteCart_TS10_ClickonSignout" : {
    "transaction" : "SC08_AddToCartDeleteCart_TS10_ClickonSignout",
    "sampleCount" : 8,
    "errorCount" : 0,
    "errorPct" : 0.0,
    "meanResTime" : 609.125,
    "medianResTime" : 600.5,
    "minResTime" : 545.0,
    "maxResTime" : 689.0,
    "pct1ResTime" : 689.0,
    "pct2ResTime" : 689.0,
    "pct3ResTime" : 689.0,
    "throughput" : 0.017148062804780023,
    "receivedKBytesPerSec" : 0.17166483575371094,
    "sentKBytesPerSec" : 0.03144927924548524
  },
  "SC02_ShoppingDogs_TS05_ClickonDogs" : {
    "transaction" : "SC02_ShoppingDogs_TS05_ClickonDogs",
    "sampleCount" : 4,
    "errorCount" : 0,
    "errorPct" : 0.0,
    "meanResTime" : 205.25,
    "medianResTime" : 196.5,
    "minResTime" : 162.0,
    "maxResTime" : 266.0,
    "pct1ResTime" : 266.0,
    "pct2ResTime" : 266.0,
    "pct3ResTime" : 266.0,
    "throughput" : 0.0076492951174549255,
    "receivedKBytesPerSec" : 0.03292782507591926,
    "sentKBytesPerSec" : 0.004706109300777934
  }
}