{
  "ClickonAddtocart/actions/Cart.action-48" : {
    "transaction" : "ClickonAddtocart/actions/Cart.action-48",
    "sampleCount" : 7,
    "errorCount" : 0,
    "errorPct" : 0.0,
    "meanResTime" : 231.7142857142857,
    "medianResTime" : 237.0,
    "minResTime" : 201.0,
    "maxResTime" : 252.0,
    "pct1ResTime" : 252.0,
    "pct2ResTime" : 252.0,
    "pct3ResTime" : 252.0,
    "throughput" : 0.013358906096432217,
    "receivedKBytesPerSec" : 0.06347344082481703,
    "sentKBytesPerSec" : 0.008548730784644892
  },
  "SC04_ShoppingReptiles_TS13_ClickonSignout" : {
    "transaction" : "SC04_ShoppingReptiles_TS13_ClickonSignout",
    "sampleCount" : 6,
    "errorCount" : 0,
    "errorPct" : 0.0,
    "meanResTime" : 626.5,
    "medianResTime" : 620.0,
    "minResTime" : 596.0,
    "maxResTime" : 673.0,
    "pct1ResTime" : 673.0,
    "pct2ResTime" : 673.0,
    "pct3ResTime" : 673.0,
    "throughput" : 0.01693838661867457,
    "receivedKBytesPerSec" : 0.169565821511751,
    "sentKBytesPerSec" : 0.031064736396358244
  },
  "SC05_ShoppingBirds_TS01_Launch" : {
    "transaction" : "SC05_ShoppingBirds_TS01_Launch",
    "sampleCount" : 8,
    "errorCount" : 0,
    "errorPct" : 0.0,
    "meanResTime" : 679.5,
    "medianResTime" : 615.0,
    "minResTime" : 527.0,
    "maxResTime" : 935.0,
    "pct1ResTime" : 935.0,
    "pct2ResTime" : 935.0,
    "pct3ResTime" : 935.0,
    "throughput" : 0.015115044381549064,
    "receivedKBytesPerSec" : 0.021432660587899652,
    "sentKBytesPerSec" : 0.00801141634578687
  },
  "SC08_AddToCartDeleteCart_TS03_ClickonSignin" : {
    "transaction" : "SC08_AddToCartDeleteCart_TS03_ClickonSignin",
    "sampleCount" : 8,
    "errorCount" : 0,
    "errorPct" : 0.0,
    "meanResTime" : 267.75,
    "medianResTime" : 250.0,
    "minResTime" : 167.0,
    "maxResTime" : 379.0,
    "pct1ResTime" : 379.0,
    "pct2ResTime" : 379.0,
    "pct3ResTime" : 379.0,
    "throughput" : 0.01713465698558547,
    "receivedKBytesPerSec" : 0.06851771161301377,
    "sentKBytesPerSec" : 0.010976889631390692
  },
  "SC06_Search_TS01_Launch" : {
    "transaction" : "SC06_Search_TS01_Launch",
    "sampleCount" : 8,
    "errorCount" : 0,
    "errorPct" : 0.0,
    "meanResTime" : 618.75,
    "medianResTime" : 617.5,
    "minResTime" : 447.0,
    "maxResTime" : 796.0,
    "pct1ResTime" : 796.0,
    "pct2ResTime" : 796.0,
    "pct3ResTime" : 796.0,
    "throughput" : 0.015119672205506585,
    "receivedKBytesPerSec" : 0.021439222697651916,
    "sentKBytesPerSec" : 0.008013869228065136
  },
  "SelectProductID/actions/Catalog.action-44" : {
    "transaction" : "SelectProductID/actions/Catalog.action-44",
    "sampleCount" : 8,
    "errorCount" : 0,
    "errorPct" : 0.0,
    "meanResTime" : 218.875,
    "medianResTime" : 221.0,
    "minResTime" : 170.0,
    "maxResTime" : 251.0,
    "pct1ResTime" : 251.0,
    "pct2ResTime" : 251.0,
    "pct3ResTime" : 251.0,
    "throughput" : 0.015114130578531133,
    "receivedKBytesPerSec" : 0.06293249438887902,
    "sentKBytesPerSec" : 0.009771049260730087
  },
  "SC06_Search_TS06_SelectProductID" : {
    "transaction" : "SC06_Search_TS06_SelectProductID",
    "sampleCount" : 8,
    "errorCount" : 0,
    "errorPct" : 0.0,
    "meanResTime" : 226.25,
    "medianResTime" : 239.5,
    "minResTime" : 169.0,
    "maxResTime" : 285.0,
    "pct1ResTime" : 285.0,
    "pct2ResTime" : 285.0,
    "pct3ResTime" : 285.0,
    "throughput" : 0.015143771177617506,
    "receivedKBytesPerSec" : 0.0624976337857535,
    "sentKBytesPerSec" : 0.009346546273685806
  },
  "UpdateQuantityandClickonUpdatecart/actions/Cart.action-49" : {
    "transaction" : "UpdateQuantityandClickonUpdatecart/actions/Cart.action-49",
    "sampleCount" : 6,
    "errorCount" : 0,
    "errorPct" : 0.0,
    "meanResTime" : 234.33333333333334,
    "medianResTime" : 235.5,
    "minResTime" : 218.0,
    "maxResTime" : 250.0,
    "pct1ResTime" : 250.0,
    "pct2ResTime" : 250.0,
    "pct3ResTime" : 250.0,
    "throughput" : 0.016918899256414377,
    "receivedKBytesPerSec" : 0.08038955501180094,
    "sentKBytesPerSec" : 0.015833930781963327
  },
  "SC01_ShoppingFish_TS03_ClickonSignin" : {
    "transaction" : "SC01_ShoppingFish_TS03_ClickonSignin",
    "sampleCount" : 8,
    "errorCount" : 0,
    "errorPct" : 0.0,
    "meanResTime" : 255.125,
    "medianResTime" : 238.5,
    "minResTime" : 196.0,
    "maxResTime" : 398.0,
    "pct1ResTime" : 398.0,
    "pct2ResTime" : 398.0,
    "pct3ResTime" : 398.0,
    "throughput" : 0.0151101625286857,
    "receivedKBytesPerSec" : 0.06044065011474279,
    "sentKBytesPerSec" : 0.009679947869939275
  },
  "SC03_ShoppingCats_TS06_SelectProductID" : {
    "transaction" : "SC03_ShoppingCats_TS06_SelectProductID",
    "sampleCount" : 8,
    "errorCount" : 0,
    "errorPct" : 0.0,
    "meanResTime" : 225.74999999999997,
    "medianResTime" : 223.0,
    "minResTime" : 208.0,
    "maxResTime" : 255.0,
    "pct1ResTime" : 255.0,
    "pct2ResTime" : 255.0,
    "pct3ResTime" : 255.0,
    "throughput" : 0.015112417495645734,
    "receivedKBytesPerSec" : 0.06351569023133333,
    "sentKBytesPerSec" : 0.00978469999962219
  },
  "SC01_ShoppingFish_TS07_SelectItemID/actions/Catalog.action-46" : {
    "transaction" : "SC01_ShoppingFish_TS07_SelectItemID/actions/Catalog.action-46",
    "sampleCount" : 48,
    "errorCount" : 0,
    "errorPct" : 0.0,
    "meanResTime" : 613.0625,
    "medianResTime" : 628.0,
    "minResTime" : 461.0,
    "maxResTime" : 769.0,
    "pct1ResTime" : 743.0,
    "pct2ResTime" : 765.4,
    "pct3ResTime" : 769.0,
    "throughput" : 0.08768628769140273,
    "receivedKBytesPerSec" : 0.3416290022853239,
    "sentKBytesPerSec" : 0.05617046008812472
  },
  "SC07_OpenMyOrders_TS05_ClickOnMyAccount" : {
    "transaction" : "SC07_OpenMyOrders_TS05_ClickOnMyAccount",
    "sampleCount" : 10,
    "errorCount" : 0,
    "errorPct" : 0.0,
    "meanResTime" : 217.4,
    "medianResTime" : 214.5,
    "minResTime" : 167.0,
    "maxResTime" : 292.0,
    "pct1ResTime" : 288.5,
    "pct2ResTime" : 292.0,
    "pct3ResTime" : 292.0,
    "throughput" : 0.020100583318927914,
    "receivedKBytesPerSec" : 0.12820795887621658,
    "sentKBytesPerSec" : 0.012111386628689965
  },
  "SC02_ShoppingDogs_TS12_ClickonConfirm" : {
    "transaction" : "SC02_ShoppingDogs_TS12_ClickonConfirm",
    "sampleCount" : 6,
    "errorCount" : 0,
    "errorPct" : 0.0,
    "meanResTime" : 223.83333333333331,
    "medianResTime" : 234.5,
    "minResTime" : 165.0,
    "maxResTime" : 294.0,
    "pct1ResTime" : 294.0,
    "pct2ResTime" : 294.0,
    "pct3ResTime" : 294.0,
    "throughput" : 0.017014953308132297,
    "receivedKBytesPerSec" : 0.09042240241924278,
    "sentKBytesPerSec" : 0.0103186386761232
  },
  "SC01_ShoppingFish_TS01_Launch" : {
    "transaction" : "SC01_ShoppingFish_TS01_Launch",
    "sampleCount" : 8,
    "errorCount" : 0,
    "errorPct" : 0.0,
    "meanResTime" : 670.75,
    "medianResTime" : 607.0,
    "minResTime" : 540.0,
    "maxResTime" : 1033.0,
    "pct1ResTime" : 1033.0,
    "pct2ResTime" : 1033.0,
    "pct3ResTime" : 1033.0,
    "throughput" : 0.015085203112831663,
    "receivedKBytesPerSec" : 0.02139034660139802,
    "sentKBytesPerSec" : 0.007995599599110727
  },
  "SC01_ShoppingFish_TS01_Launch/" : {
    "transaction" : "SC01_ShoppingFish_TS01_Launch/",
    "sampleCount" : 79,
    "errorCount" : 0,
    "errorPct" : 0.0,
    "meanResTime" : 640.1772151898736,
    "medianResTime" : 613.0,
    "minResTime" : 447.0,
    "maxResTime" : 935.0,
    "pct1ResTime" : 842.0,
    "pct2ResTime" : 882.0,
    "pct3ResTime" : 935.0,
    "throughput" : 0.13086685208898283,
    "receivedKBytesPerSec" : 0.18556510667304987,
    "sentKBytesPerSec" : 0.06951330886896252
  },
  "SC11_CreateAccount_TS04_ClickonRegisterNow" : {
    "transaction" : "SC11_CreateAccount_TS04_ClickonRegisterNow",
    "sampleCount" : 3,
    "errorCount" : 0,
    "errorPct" : 0.0,
    "meanResTime" : 247.0,
    "medianResTime" : 237.0,
    "minResTime" : 231.0,
    "maxResTime" : 273.0,
    "pct1ResTime" : 273.0,
    "pct2ResTime" : 273.0,
    "pct3ResTime" : 273.0,
    "throughput" : 0.00644921351841143,
    "receivedKBytesPerSec" : 0.03815364794388324,
    "sentKBytesPerSec" : 0.003955181728088259
  },
  "SC08_AddToCartDeleteCart_TS06_SelectProductID" : {
    "transaction" : "SC08_AddToCartDeleteCart_TS06_SelectProductID",
    "sampleCount" : 8,
    "errorCount" : 0,
    "errorPct" : 0.0,
    "meanResTime" : 204.625,
    "medianResTime" : 178.0,
    "minResTime" : 171.0,
    "maxResTime" : 337.0,
    "pct1ResTime" : 337.0,
    "pct2ResTime" : 337.0,
    "pct3ResTime" : 337.0,
    "throughput" : 0.01713520749665328,
    "receivedKBytesPerSec" : 0.07035015060240964,
    "sentKBytesPerSec" : 0.011079735609103079
  },
  "SC01_ShoppingFish_TS08_ClickonAddtocart" : {
    "transaction" : "SC01_ShoppingFish_TS08_ClickonAddtocart",
    "sampleCount" : 7,
    "errorCount" : 0,
    "errorPct" : 0.0,
    "meanResTime" : 231.7142857142857,
    "medianResTime" : 237.0,
    "minResTime" : 201.0,
    "maxResTime" : 252.0,
    "pct1ResTime" : 252.0,
    "pct2ResTime" : 252.0,
    "pct3ResTime" : 252.0,
    "throughput" : 0.013358880602142001,
    "receivedKBytesPerSec" : 0.0634733196913717,
    "sentKBytesPerSec" : 0.008548714470148627
  },
  "SC07_OpenMyOrders_TS03_ClickonSignin" : {
    "transaction" : "SC07_OpenMyOrders_TS03_ClickonSignin",
    "sampleCount" : 10,
    "errorCount" : 0,
    "errorPct" : 0.0,
    "meanResTime" : 207.7,
    "medianResTime" : 211.0,
    "minResTime" : 162.0,
    "maxResTime" : 256.0,
    "pct1ResTime" : 255.5,
    "pct2ResTime" : 256.0,
    "pct3ResTime" : 256.0,
    "throughput" : 0.020091981089427398,
    "receivedKBytesPerSec" : 0.08034830328242695,
    "sentKBytesPerSec" : 0.012871425385414427
  },
  "SC02_ShoppingDogs_TS08_ClickonAddtocart" : {
    "transaction" : "SC02_ShoppingDogs_TS08_ClickonAddtocart",
    "sampleCount" : 7,
    "errorCount" : 0,
    "errorPct" : 0.0,
    "meanResTime" : 210.85714285714286,
    "medianResTime" : 210.0,
    "minResTime" : 177.0,
    "maxResTime" : 252.0,
    "pct1ResTime" : 252.0,
    "pct2ResTime" : 252.0,
    "pct3ResTime" : 252.0,
    "throughput" : 0.01335780992981425,
    "receivedKBytesPerSec" : 0.06360427046798132,
    "sentKBytesPerSec" : 0.008559210520038623
  },
  "SC11_CreateAccount_TS06_ClickonSignout" : {
    "transaction" : "SC11_CreateAccount_TS06_ClickonSignout",
    "sampleCount" : 3,
    "errorCount" : 0,
    "errorPct" : 0.0,
    "meanResTime" : 626.0,
    "medianResTime" : 633.0,
    "minResTime" : 611.0,
    "maxResTime" : 634.0,
    "pct1ResTime" : 634.0,
    "pct2ResTime" : 634.0,
    "pct3ResTime" : 634.0,
    "throughput" : 0.006442759304955126,
    "receivedKBytesPerSec" : 0.06449680237802245,
    "sentKBytesPerSec" : 0.01181591989717356
  },
  "SC04_ShoppingReptiles_TS01_Launch" : {
    "transaction" : "SC04_ShoppingReptiles_TS01_Launch",
    "sampleCount" : 8,
    "errorCount" : 0,
    "errorPct" : 0.0,
    "meanResTime" : 691.5,
    "medianResTime" : 621.5,
    "minResTime" : 528.0,
    "maxResTime" : 935.0,
    "pct1ResTime" : 935.0,
    "pct2ResTime" : 935.0,
    "pct3ResTime" : 935.0,
    "throughput" : 0.015118329273431994,
    "receivedKBytesPerSec" : 0.02143731846193677,
    "sentKBytesPerSec" : 0.008013157434721889
  },
  "SC06_Search_TS09_UpdateQuantityandClickonUpdatecart" : {
    "transaction" : "SC06_Search_TS09_UpdateQuantityandClickonUpdatecart",
    "sampleCount" : 6,
    "errorCount" : 0,
    "errorPct" : 0.0,
    "meanResTime" : 223.5,
    "medianResTime" : 230.0,
    "minResTime" : 168.0,
    "maxResTime" : 261.0,
    "pct1ResTime" : 261.0,
    "pct2ResTime" : 261.0,
    "pct3ResTime" : 261.0,
    "throughput" : 0.016953798074613665,
    "receivedKBytesPerSec" : 0.07918395012192606,
    "sentKBytesPerSec" : 0.01587762925151807
  },
  "SC09_OpenCart_TS04_Login" : {
    "transaction" : "SC09_OpenCart_TS04_Login",
    "sampleCount" : 12,
    "errorCount" : 0,
    "errorPct" : 0.0,
    "meanResTime" : 614.6666666666666,
    "medianResTime" : 629.5,
    "minResTime" : 536.0,
    "maxResTime" : 651.0,
    "pct1ResTime" : 651.0,
    "pct2ResTime" : 651.0,
    "pct3ResTime" : 651.0,
    "throughput" : 0.02110673146433226,
    "receivedKBytesPerSec" : 0.21910601119712106,
    "sentKBytesPerSec" : 0.04602669078110737
  },
  "SC06_Search_TS04_Login" : {
    "transaction" : "SC06_Search_TS04_Login",
    "sampleCount" : 8,
    "errorCount" : 0,
    "errorPct" : 0.0,
    "meanResTime" : 496.37499999999994,
    "medianResTime" : 468.5,
    "minResTime" : 368.0,
    "maxResTime" : 636.0,
    "pct1ResTime" : 636.0,
    "pct2ResTime" : 636.0,
    "pct3ResTime" : 636.0,
    "throughput" : 0.01513196969066471,
    "receivedKBytesPerSec" : 0.14612916531109438,
    "sentKBytesPerSec" : 0.0279143464313141
  },
  "SC06_Search_TS03_ClickonSignin" : {
    "transaction" : "SC06_Search_TS03_ClickonSignin",
    "sampleCount" : 8,
    "errorCount" : 0,
    "errorPct" : 0.0,
    "meanResTime" : 219.75,
    "medianResTime" : 221.5,
    "minResTime" : 186.0,
    "maxResTime" : 240.0,
    "pct1ResTime" : 240.0,
    "pct2ResTime" : 240.0,
    "pct3ResTime" : 240.0,
    "throughput" : 0.015135720110263722,
    "receivedKBytesPerSec" : 0.06051701373188206,
    "sentKBytesPerSec" : 0.009696320695637695
  },
  "SC09_OpenCart_TS03_ClickonSignin" : {
    "transaction" : "SC09_OpenCart_TS03_ClickonSignin",
    "sampleCount" : 12,
    "errorCount" : 0,
    "errorPct" : 0.0,
    "meanResTime" : 212.25,
    "medianResTime" : 227.5,
    "minResTime" : 167.0,
    "maxResTime" : 243.0,
    "pct1ResTime" : 242.4,
    "pct2ResTime" : 243.0,
    "pct3ResTime" : 243.0,
    "throughput" : 0.021123859751653824,
    "receivedKBytesPerSec" : 0.08448856275018572,
    "sentKBytesPerSec" : 0.013532472653403231
  },
  "SC01_ShoppingFish_TS12_ClickonConfirm/actions/Order.action-55" : {
    "transaction" : "SC01_ShoppingFish_TS12_ClickonConfirm/actions/Order.action-55",
    "sampleCount" : 30,
    "errorCount" : 3,
    "errorPct" : 10.0,
    "meanResTime" : 237.8333333333333,
    "medianResTime" : 229.0,
    "minResTime" : 165.0,
    "maxResTime" : 436.0,
    "pct1ResTime" : 371.4000000000002,
    "pct2ResTime" : 432.7,
    "pct3ResTime" : 436.0,
    "throughput" : 0.08049002326161672,
    "receivedKBytesPerSec" : 0.5055858189658642,
    "sentKBytesPerSec" : 0.04881279731002342
  },
  "SC05_ShoppingBirds_TS07_SelectItemID" : {
    "transaction" : "SC05_ShoppingBirds_TS07_SelectItemID",
    "sampleCount" : 8,
    "errorCount" : 0,
    "errorPct" : 0.0,
    "meanResTime" : 584.75,
    "medianResTime" : 588.0,
    "minResTime" : 523.0,
    "maxResTime" : 669.0,
    "pct1ResTime" : 669.0,
    "pct2ResTime" : 669.0,
    "pct3ResTime" : 669.0,
    "throughput" : 0.015129193859816672,
    "receivedKBytesPerSec" : 0.05927201510460892,
    "sentKBytesPerSec" : 0.009692139816445056
  },
  "SC02_ShoppingDogs_TS04_Login" : {
    "transaction" : "SC02_ShoppingDogs_TS04_Login",
    "sampleCount" : 8,
    "errorCount" : 0,
    "errorPct" : 0.0,
    "meanResTime" : 631.875,
    "medianResTime" : 630.5,
    "minResTime" : 549.0,
    "maxResTime" : 734.0,
    "pct1ResTime" : 734.0,
    "pct2ResTime" : 734.0,
    "pct3ResTime" : 734.0,
    "throughput" : 0.015165129301683709,
    "receivedKBytesPerSec" : 0.15748631347080524,
    "sentKBytesPerSec" : 0.03312929125768209
  },
  "SC07_OpenMyOrders_TS05_ClickOnMyAccount/actions/Account.action-1" : {
    "transaction" : "SC07_OpenMyOrders_TS05_ClickOnMyAccount/actions/Account.action-1",
    "sampleCount" : 10,
    "errorCount" : 0,
    "errorPct" : 0.0,
    "meanResTime" : 217.4,
    "medianResTime" : 214.5,
    "minResTime" : 167.0,
    "maxResTime" : 292.0,
    "pct1ResTime" : 288.5,
    "pct2ResTime" : 292.0,
    "pct3ResTime" : 292.0,
    "throughput" : 0.020100623722354105,
    "receivedKBytesPerSec" : 0.12820821658221054,
    "sentKBytesPerSec" : 0.012111410973332503
  },
  "SC03_ShoppingCats_TS01_Launch" : {
    "transaction" : "SC03_ShoppingCats_TS01_Launch",
    "sampleCount" : 8,
    "errorCount" : 0,
    "errorPct" : 0.0,
    "meanResTime" : 630.75,
    "medianResTime" : 615.0,
    "minResTime" : 454.0,
    "maxResTime" : 842.0,
    "pct1ResTime" : 842.0,
    "pct2ResTime" : 842.0,
    "pct3ResTime" : 842.0,
    "throughput" : 0.015097045696870193,
    "receivedKBytesPerSec" : 0.021407139015483908,
    "sentKBytesPerSec" : 0.008001876515601854
  },
  "EnterPaymentsDetailsandClickonContinue/actions/Order.action-53" : {
    "transaction" : "EnterPaymentsDetailsandClickonContinue/actions/Order.action-53",
    "sampleCount" : 6,
    "errorCount" : 0,
    "errorPct" : 0.0,
    "meanResTime" : 229.5,
    "medianResTime" : 225.5,
    "minResTime" : 187.0,
    "maxResTime" : 291.0,
    "pct1ResTime" : 291.0,
    "pct2ResTime" : 291.0,
    "pct3ResTime" : 291.0,
    "throughput" : 0.01691904238220117,
    "receivedKBytesPerSec" : 0.07796968847813214,
    "sentKBytesPerSec" : 0.020867920438203198
  },
  "SC02_ShoppingDogs_TS13_ClickonSignout" : {
    "transaction" : "SC02_ShoppingDogs_TS13_ClickonSignout",
    "sampleCount" : 6,
    "errorCount" : 0,
    "errorPct" : 0.0,
    "meanResTime" : 604.1666666666666,
    "medianResTime" : 624.0,
    "minResTime" : 510.0,
    "maxResTime" : 650.0,
    "pct1ResTime" : 650.0,
    "pct2ResTime" : 650.0,
    "pct3ResTime" : 650.0,
    "throughput" : 0.017004151847075995,
    "receivedKBytesPerSec" : 0.1702241802581797,
    "sentKBytesPerSec" : 0.031185348797664762
  },
  "Launch/" : {
    "transaction" : "Launch/",
    "sampleCount" : 8,
    "errorCount" : 0,
    "errorPct" : 0.0,
    "meanResTime" : 670.75,
    "medianResTime" : 607.0,
    "minResTime" : 540.0,
    "maxResTime" : 1033.0,
    "pct1ResTime" : 1033.0,
    "pct2ResTime" : 1033.0,
    "pct3ResTime" : 1033.0,
    "throughput" : 0.015086483265318439,
    "receivedKBytesPerSec" : 0.021392161817619507,
    "sentKBytesPerSec" : 0.007996278117433187
  },
  "SC01_ShoppingFish_TS13_ClickonSignout" : {
    "transaction" : "SC01_ShoppingFish_TS13_ClickonSignout",
    "sampleCount" : 6,
    "errorCount" : 0,
    "errorPct" : 0.0,
    "meanResTime" : 608.0,
    "medianResTime" : 606.5,
    "minResTime" : 572.0,
    "maxResTime" : 649.0,
    "pct1ResTime" : 649.0,
    "pct2ResTime" : 649.0,
    "pct3ResTime" : 649.0,
    "throughput" : 0.016891654115229235,
    "receivedKBytesPerSec" : 0.1690979944679833,
    "sentKBytesPerSec" : 0.030979029715234866
  },
  "SC06_Search_TS05_Search" : {
    "transaction" : "SC06_Search_TS05_Search",
    "sampleCount" : 8,
    "errorCount" : 0,
    "errorPct" : 0.0,
    "meanResTime" : 197.375,
    "medianResTime" : 191.0,
    "minResTime" : 159.0,
    "maxResTime" : 259.0,
    "pct1ResTime" : 259.0,
    "pct2ResTime" : 259.0,
    "pct3ResTime" : 259.0,
    "throughput" : 0.015145089961834373,
    "receivedKBytesPerSec" : 0.059389754630611254,
    "sentKBytesPerSec" : 0.013643892079875203
  },
  "SC04_ShoppingReptiles_TS06_SelectProductID" : {
    "transaction" : "SC04_ShoppingReptiles_TS06_SelectProductID",
    "sampleCount" : 8,
    "errorCount" : 0,
    "errorPct" : 0.0,
    "meanResTime" : 237.75,
    "medianResTime" : 229.0,
    "minResTime" : 210.0,
    "maxResTime" : 288.0,
    "pct1ResTime" : 288.0,
    "pct2ResTime" : 288.0,
    "pct3ResTime" : 288.0,
    "throughput" : 0.0151431978648091,
    "receivedKBytesPerSec" : 0.061785430350754324,
    "sentKBytesPerSec" : 0.009789840807132447
  },
  "SC05_ShoppingBirds_TS02_ClickonEntertheStore" : {
    "transaction" : "SC05_ShoppingBirds_TS02_ClickonEntertheStore",
    "sampleCount" : 8,
    "errorCount" : 0,
    "errorPct" : 0.0,
    "meanResTime" : 233.5,
    "medianResTime" : 233.0,
    "minResTime" : 176.0,
    "maxResTime" : 290.0,
    "pct1ResTime" : 290.0,
    "pct2ResTime" : 290.0,
    "pct3ResTime" : 290.0,
    "throughput" : 0.015133658580879,
    "receivedKBytesPerSec" : 0.07604885121343566,
    "sentKBytesPerSec" : 0.008346419612843178
  },
  "ClickonSignout/actions/Account.action-56-0" : {
    "transaction" : "ClickonSignout/actions/Account.action-56-0",
    "sampleCount" : 6,
    "errorCount" : 0,
    "errorPct" : 0.0,
    "meanResTime" : 208.5,
    "medianResTime" : 208.5,
    "minResTime" : 173.0,
    "maxResTime" : 247.0,
    "pct1ResTime" : 247.0,
    "pct2ResTime" : 247.0,
    "pct3ResTime" : 247.0,
    "throughput" : 0.01691069742534632,
    "receivedKBytesPerSec" : 0.0037983011795211454,
    "sentKBytesPerSec" : 0.01043707106720593
  },
  "SC10_LoginLogout_TS02_ClickonEntertheStore" : {
    "transaction" : "SC10_LoginLogout_TS02_ClickonEntertheStore",
    "sampleCount" : 6,
    "errorCount" : 0,
    "errorPct" : 0.0,
    "meanResTime" : 227.5,
    "medianResTime" : 225.5,
    "minResTime" : 185.0,
    "maxResTime" : 280.0,
    "pct1ResTime" : 280.0,
    "pct2ResTime" : 280.0,
    "pct3ResTime" : 280.0,
    "throughput" : 0.01172486433354894,
    "receivedKBytesPerSec" : 0.058259828001125585,
    "sentKBytesPerSec" : 0.006516994091645448
  },
  "SC07_OpenMyOrders_TS06_ClickOnMyOrders/actions/Order.action-2" : {
    "transaction" : "SC07_OpenMyOrders_TS06_ClickOnMyOrders/actions/Order.action-2",
    "sampleCount" : 10,
    "errorCount" : 0,
    "errorPct" : 0.0,
    "meanResTime" : 400.5,
    "medianResTime" : 420.5,
    "minResTime" : 174.0,
    "maxResTime" : 553.0,
    "pct1ResTime" : 551.6,
    "pct2ResTime" : 553.0,
    "pct3ResTime" : 553.0,
    "throughput" : 0.020095009203514216,
    "receivedKBytesPerSec" : 0.18943078500148702,
    "sentKBytesPerSec" : 0.012304268330667395
  },
  "SC11_CreateAccount_TS05_EnterAccInfoandclickonSave/actions/Account.action-2" : {
    "transaction" : "SC11_CreateAccount_TS05_EnterAccInfoandclickonSave/actions/Account.action-2",
    "sampleCount" : 3,
    "errorCount" : 0,
    "errorPct" : 0.0,
    "meanResTime" : 423.0,
    "medianResTime" : 432.0,
    "minResTime" : 388.0,
    "maxResTime" : 449.0,
    "pct1ResTime" : 449.0,
    "pct2ResTime" : 449.0,
    "pct3ResTime" : 449.0,
    "throughput" : 0.006446954458713704,
    "receivedKBytesPerSec" : 0.032757328172546285,
    "sentKBytesPerSec" : 0.013718665786657383
  },
  "SC01_ShoppingFish_TS02_ClickonEntertheStore/actions/Catalog.action-27" : {
    "transaction" : "SC01_ShoppingFish_TS02_ClickonEntertheStore/actions/Catalog.action-27",
    "sampleCount" : 79,
    "errorCount" : 0,
    "errorPct" : 0.0,
    "meanResTime" : 238.39240506329116,
    "medianResTime" : 236.0,
    "minResTime" : 172.0,
    "maxResTime" : 360.0,
    "pct1ResTime" : 290.0,
    "pct2ResTime" : 349.0,
    "pct3ResTime" : 360.0,
    "throughput" : 0.1309901027857781,
    "receivedKBytesPerSec" : 0.6562863875789878,
    "sentKBytesPerSec" : 0.07239301714975484
  },
  "ClickonSignout/actions/Account.action-56-1" : {
    "transaction" : "ClickonSignout/actions/Account.action-56-1",
    "sampleCount" : 6,
    "errorCount" : 0,
    "errorPct" : 0.0,
    "meanResTime" : 201.83333333333334,
    "medianResTime" : 197.0,
    "minResTime" : 155.0,
    "maxResTime" : 254.0,
    "pct1ResTime" : 254.0,
    "pct2ResTime" : 254.0,
    "pct3ResTime" : 254.0,
    "throughput" : 0.016910411458494805,
    "receivedKBytesPerSec" : 0.08336304398679861,
    "sentKBytesPerSec" : 0.010288267908830336
  },
  "SC06_Search_TS13_ClickonSignout" : {
    "transaction" : "SC06_Search_TS13_ClickonSignout",
    "sampleCount" : 6,
    "errorCount" : 0,
    "errorPct" : 0.0,
    "meanResTime" : 645.1666666666667,
    "medianResTime" : 638.0,
    "minResTime" : 631.0,
    "maxResTime" : 677.0,
    "pct1ResTime" : 677.0,
    "pct2ResTime" : 677.0,
    "pct3ResTime" : 677.0,
    "throughput" : 0.01692400557363917,
    "receivedKBytesPerSec" : 0.16942185657751477,
    "sentKBytesPerSec" : 0.031038361784467148
  },
  "SC02_ShoppingDogs_TS01_Launch" : {
    "transaction" : "SC02_ShoppingDogs_TS01_Launch",
    "sampleCount" : 8,
    "errorCount" : 0,
    "errorPct" : 0.0,
    "meanResTime" : 619.25,
    "medianResTime" : 609.5,
    "minResTime" : 459.0,
    "maxResTime" : 842.0,
    "pct1ResTime" : 842.0,
    "pct2ResTime" : 842.0,
    "pct3ResTime" : 842.0,
    "throughput" : 0.01512393116342731,
    "receivedKBytesPerSec" : 0.021445261766891068,
    "sentKBytesPerSec" : 0.008016126600537278
  },
  "Cart/actions/Cart.action-2" : {
    "transaction" : "Cart/actions/Cart.action-2",
    "sampleCount" : 10,
    "errorCount" : 0,
    "errorPct" : 0.0,
    "meanResTime" : 220.5,
    "medianResTime" : 226.0,
    "minResTime" : 174.0,
    "maxResTime" : 248.0,
    "pct1ResTime" : 247.5,
    "pct2ResTime" : 248.0,
    "pct3ResTime" : 248.0,
    "throughput" : 0.021948789085306165,
    "receivedKBytesPerSec" : 0.09521144640325194,
    "sentKBytesPerSec" : 0.013889468093045306
  },
  "SC01_ShoppingFish_TS06_SelectProductID/actions/Catalog.action-44" : {
    "transaction" : "SC01_ShoppingFish_TS06_SelectProductID/actions/Catalog.action-44",
    "sampleCount" : 40,
    "errorCount" : 0,
    "errorPct" : 0.0,
    "meanResTime" : 227.54999999999998,
    "medianResTime" : 227.5,
    "minResTime" : 169.0,
    "maxResTime" : 337.0,
    "pct1ResTime" : 285.5,
    "pct2ResTime" : 288.0,
    "pct3ResTime" : 337.0,
    "throughput" : 0.07376970573264384,
    "receivedKBytesPerSec" : 0.3048835660460176,
    "sentKBytesPerSec" : 0.04770717126835944
  },
  "SC06_Search_TS08_ClickonAddtocart" : {
    "transaction" : "SC06_Search_TS08_ClickonAddtocart",
    "sampleCount" : 7,
    "errorCount" : 0,
    "errorPct" : 0.0,
    "meanResTime" : 252.2857142857143,
    "medianResTime" : 279.0,
    "minResTime" : 165.0,
    "maxResTime" : 316.0,
    "pct1ResTime" : 316.0,
    "pct2ResTime" : 316.0,
    "pct3ResTime" : 316.0,
    "throughput" : 0.013368524382278684,
    "receivedKBytesPerSec" : 0.06260714215802358,
    "sentKBytesPerSec" : 0.008566075960910434
  },
  "SC08_AddToCartDeleteCart_TS09_ClickonRemove" : {
    "transaction" : "SC08_AddToCartDeleteCart_TS09_ClickonRemove",
    "sampleCount" : 8,
    "errorCount" : 0,
    "errorPct" : 0.0,
    "meanResTime" : 213.625,
    "medianResTime" : 207.0,
    "minResTime" : 165.0,
    "maxResTime" : 298.0,
    "pct1ResTime" : 298.0,
    "pct2ResTime" : 298.0,
    "pct3ResTime" : 298.0,
    "throughput" : 0.017130254170146252,
    "receivedKBytesPerSec" : 0.07430916896854457,
    "sentKBytesPerSec" : 0.010614400655232222
  },
  "SC01_ShoppingFish_TS13_ClickonSignout/actions/Account.action-56-1" : {
    "transaction" : "SC01_ShoppingFish_TS13_ClickonSignout/actions/Account.action-56-1",
    "sampleCount" : 67,
    "errorCount" : 0,
    "errorPct" : 0.0,
    "meanResTime" : 195.40298507462683,
    "medianResTime" : 201.0,
    "minResTime" : 144.0,
    "maxResTime" : 297.0,
    "pct1ResTime" : 227.4,
    "pct2ResTime" : 243.39999999999998,
    "pct3ResTime" : 297.0,
    "throughput" : 0.13097756178426628,
    "receivedKBytesPerSec" : 0.6456784491083751,
    "sentKBytesPerSec" : 0.07968654393710731
  },
  "SC01_ShoppingFish_TS13_ClickonSignout/actions/Account.action-56-0" : {
    "transaction" : "SC01_ShoppingFish_TS13_ClickonSignout/actions/Account.action-56-0",
    "sampleCount" : 67,
    "errorCount" : 0,
    "errorPct" : 0.0,
    "meanResTime" : 261.34328358208967,
    "medianResTime" : 228.0,
    "minResTime" : 157.0,
    "maxResTime" : 641.0,
    "pct1ResTime" : 492.20000000000005,
    "pct2ResTime" : 592.7999999999996,
    "pct3ResTime" : 641.0,
    "throughput" : 0.13098421933405277,
    "receivedKBytesPerSec" : 0.02942028363948451,
    "sentKBytesPerSec" : 0.0808418228702357
  },
  "SC11_CreateAccount_TS03_ClickonSignin" : {
    "transaction" : "SC11_CreateAccount_TS03_ClickonSignin",
    "sampleCount" : 3,
    "errorCount" : 0,
    "errorPct" : 0.0,
    "meanResTime" : 216.33333333333334,
    "medianResTime" : 231.0,
    "minResTime" : 180.0,
    "maxResTime" : 238.0,
    "pct1ResTime" : 238.0,
    "pct2ResTime" : 238.0,
    "pct3ResTime" : 238.0,
    "throughput" : 0.006449851330926822,
    "receivedKBytesPerSec" : 0.02579730576272717,
    "sentKBytesPerSec" : 0.0041319360088749955
  },
  "SC03_ShoppingCats_TS02_ClickonEntertheStore" : {
    "transaction" : "SC03_ShoppingCats_TS02_ClickonEntertheStore",
    "sampleCount" : 8,
    "errorCount" : 0,
    "errorPct" : 0.0,
    "meanResTime" : 266.75,
    "medianResTime" : 243.0,
    "minResTime" : 206.0,
    "maxResTime" : 360.0,
    "pct1ResTime" : 360.0,
    "pct2ResTime" : 360.0,
    "pct3ResTime" : 360.0,
    "throughput" : 0.015112531689089886,
    "receivedKBytesPerSec" : 0.07594268548743582,
    "sentKBytesPerSec" : 0.008334767843177259
  },
  "SC02_ShoppingDogs_TS11_EnterPaymentsDetailsandClickonContinue" : {
    "transaction" : "SC02_ShoppingDogs_TS11_EnterPaymentsDetailsandClickonContinue",
    "sampleCount" : 6,
    "errorCount" : 0,
    "errorPct" : 0.0,
    "meanResTime" : 200.5,
    "medianResTime" : 203.0,
    "minResTime" : 164.0,
    "maxResTime" : 237.0,
    "pct1ResTime" : 237.0,
    "pct2ResTime" : 237.0,
    "pct3ResTime" : 237.0,
    "throughput" : 0.017013795352398234,
    "receivedKBytesPerSec" : 0.07867218847031802,
    "sentKBytesPerSec" : 0.02098478860359275
  },
  "SC08_AddToCartDeleteCart_TS02_ClickonEntertheStore" : {
    "transaction" : "SC08_AddToCartDeleteCart_TS02_ClickonEntertheStore",
    "sampleCount" : 8,
    "errorCount" : 0,
    "errorPct" : 0.0,
    "meanResTime" : 226.37499999999997,
    "medianResTime" : 235.5,
    "minResTime" : 174.0,
    "maxResTime" : 257.0,
    "pct1ResTime" : 257.0,
    "pct2ResTime" : 257.0,
    "pct3ResTime" : 257.0,
    "throughput" : 0.0171350973916098,
    "receivedKBytesPerSec" : 0.08610637441687122,
    "sentKBytesPerSec" : 0.009450240480382456
  },
  "SC05_ShoppingBirds_TS04_Login" : {
    "transaction" : "SC05_ShoppingBirds_TS04_Login",
    "sampleCount" : 8,
    "errorCount" : 0,
    "errorPct" : 0.0,
    "meanResTime" : 583.875,
    "medianResTime" : 607.0,
    "minResTime" : 448.0,
    "maxResTime" : 636.0,
    "pct1ResTime" : 636.0,
    "pct2ResTime" : 636.0,
    "pct3ResTime" : 636.0,
    "throughput" : 0.015127877842386422,
    "receivedKBytesPerSec" : 0.15704037252399186,
    "sentKBytesPerSec" : 0.03298881955278211
  },
  "SC01_ShoppingFish_TS10_ClickonProceedtoCheckout/actions/Order.action-50" : {
    "transaction" : "SC01_ShoppingFish_TS10_ClickonProceedtoCheckout/actions/Order.action-50",
    "sampleCount" : 30,
    "errorCount" : 0,
    "errorPct" : 0.0,
    "meanResTime" : 180.46666666666667,
    "medianResTime" : 194.5,
    "minResTime" : 147.0,
    "maxResTime" : 242.0,
    "pct1ResTime" : 209.9,
    "pct2ResTime" : 224.39999999999998,
    "pct3ResTime" : 242.0,
    "throughput" : 0.08055313150298718,
    "receivedKBytesPerSec" : 0.43022242313888703,
    "sentKBytesPerSec" : 0.04790708699738202
  },
  "SC05_ShoppingBirds_TS13_ClickonSignout" : {
    "transaction" : "SC05_ShoppingBirds_TS13_ClickonSignout",
    "sampleCount" : 6,
    "errorCount" : 0,
    "errorPct" : 0.0,
    "meanResTime" : 633.0,
    "medianResTime" : 633.0,
    "minResTime" : 611.0,
    "maxResTime" : 652.0,
    "pct1ResTime" : 652.0,
    "pct2ResTime" : 652.0,
    "pct3ResTime" : 652.0,
    "throughput" : 0.016915035775300662,
    "receivedKBytesPerSec" : 0.16933206223887415,
    "sentKBytesPerSec" : 0.03102191131446743
  },
  "SC04_ShoppingReptiles_TS12_ClickonConfirm" : {
    "transaction" : "SC04_ShoppingReptiles_TS12_ClickonConfirm",
    "sampleCount" : 6,
    "errorCount" : 0,
    "errorPct" : 0.0,
    "meanResTime" : 215.83333333333331,
    "medianResTime" : 205.0,
    "minResTime" : 173.0,
    "maxResTime" : 291.0,
    "pct1ResTime" : 291.0,
    "pct2ResTime" : 291.0,
    "pct3ResTime" : 291.0,
    "throughput" : 0.01695504370162514,
    "receivedKBytesPerSec" : 0.08994396799594209,
    "sentKBytesPerSec" : 0.010282306776083215
  },
  "ClickonConfirm/actions/Order.action-55" : {
    "transaction" : "ClickonConfirm/actions/Order.action-55",
    "sampleCount" : 6,
    "errorCount" : 1,
    "errorPct" : 16.666666,
    "meanResTime" : 271.6666666666667,
    "medianResTime" : 245.5,
    "minResTime" : 185.0,
    "maxResTime" : 435.0,
    "pct1ResTime" : 435.0,
    "pct2ResTime" : 435.0,
    "pct3ResTime" : 435.0,
    "throughput" : 0.016908552909680147,
    "receivedKBytesPerSec" : 0.11693155999013667,
    "sentKBytesPerSec" : 0.01025411265323376
  },
  "SC02_ShoppingDogs_TS06_SelectProductID" : {
    "transaction" : "SC02_ShoppingDogs_TS06_SelectProductID",
    "sampleCount" : 8,
    "errorCount" : 0,
    "errorPct" : 0.0,
    "meanResTime" : 222.125,
    "medianResTime" : 230.0,
    "minResTime" : 185.0,
    "maxResTime" : 244.0,
    "pct1ResTime" : 244.0,
    "pct2ResTime" : 244.0,
    "pct3ResTime" : 244.0,
    "throughput" : 0.015180957007529755,
    "receivedKBytesPerSec" : 0.06594228200145737,
    "sentKBytesPerSec" : 0.009814251502914744
  },
  "SC01_ShoppingFish_TS05_ClickonFish/actions/Catalog.action-43" : {
    "transaction" : "SC01_ShoppingFish_TS05_ClickonFish/actions/Catalog.action-43",
    "sampleCount" : 40,
    "errorCount" : 0,
    "errorPct" : 0.0,
    "meanResTime" : 227.2,
    "medianResTime" : 233.0,
    "minResTime" : 164.0,
    "maxResTime" : 280.0,
    "pct1ResTime" : 261.8,
    "pct2ResTime" : 278.0,
    "pct3ResTime" : 280.0,
    "throughput" : 0.07377664489640837,
    "receivedKBytesPerSec" : 0.2884854138961999,
    "sentKBytesPerSec" : 0.04547818620579626
  },
  "SC05_ShoppingBirds_TS05_ClickonBirds" : {
    "transaction" : "SC05_ShoppingBirds_TS05_ClickonBirds",
    "sampleCount" : 8,
    "errorCount" : 0,
    "errorPct" : 0.0,
    "meanResTime" : 209.875,
    "medianResTime" : 217.5,
    "minResTime" : 164.0,
    "maxResTime" : 239.0,
    "pct1ResTime" : 239.0,
    "pct2ResTime" : 239.0,
    "pct3ResTime" : 239.0,
    "throughput" : 0.015140962359567574,
    "receivedKBytesPerSec" : 0.05710390296157223,
    "sentKBytesPerSec" : 0.009330026610241345
  },
  "Login/actions/Catalog.action-41" : {
    "transaction" : "Login/actions/Catalog.action-41",
    "sampleCount" : 8,
    "errorCount" : 0,
    "errorPct" : 0.0,
    "meanResTime" : 213.5,
    "medianResTime" : 211.0,
    "minResTime" : 182.0,
    "maxResTime" : 268.0,
    "pct1ResTime" : 268.0,
    "pct2ResTime" : 268.0,
    "pct3ResTime" : 268.0,
    "throughput" : 0.015111132938303134,
    "receivedKBytesPerSec" : 0.0767362219523206,
    "sentKBytesPerSec" : 0.008854179456036993
  },
  "SC02_ShoppingDogs_TS07_SelectItemID" : {
    "transaction" : "SC02_ShoppingDogs_TS07_SelectItemID",
    "sampleCount" : 8,
    "errorCount" : 0,
    "errorPct" : 0.0,
    "meanResTime" : 652.7500000000001,
    "medianResTime" : 638.5,
    "minResTime" : 477.0,
    "maxResTime" : 769.0,
    "pct1ResTime" : 769.0,
    "pct2ResTime" : 769.0,
    "pct3ResTime" : 769.0,
    "throughput" : 0.015168349721471177,
    "receivedKBytesPerSec" : 0.05927914017735593,
    "sentKBytesPerSec" : 0.009711669224745647
  },
  "SC07_OpenMyOrders_TS06_ClickOnMyOrders" : {
    "transaction" : "SC07_OpenMyOrders_TS06_ClickOnMyOrders",
    "sampleCount" : 10,
    "errorCount" : 0,
    "errorPct" : 0.0,
    "meanResTime" : 400.5,
    "medianResTime" : 420.5,
    "minResTime" : 174.0,
    "maxResTime" : 553.0,
    "pct1ResTime" : 551.6,
    "pct2ResTime" : 553.0,
    "pct3ResTime" : 553.0,
    "throughput" : 0.020095009203514216,
    "receivedKBytesPerSec" : 0.18943078500148702,
    "sentKBytesPerSec" : 0.012304268330667395
  },
  "SC09_OpenCart_TS06_ClickonSignout" : {
    "transaction" : "SC09_OpenCart_TS06_ClickonSignout",
    "sampleCount" : 10,
    "errorCount" : 0,
    "errorPct" : 0.0,
    "meanResTime" : 609.1000000000001,
    "medianResTime" : 627.5,
    "minResTime" : 473.0,
    "maxResTime" : 747.0,
    "pct1ResTime" : 736.2,
    "pct2ResTime" : 747.0,
    "pct3ResTime" : 747.0,
    "throughput" : 0.02192641058080869,
    "receivedKBytesPerSec" : 0.2194996434217479,
    "sentKBytesPerSec" : 0.04021269440503781
  },
  "SC11_CreateAccount_TS02_ClickonEntertheStore" : {
    "transaction" : "SC11_CreateAccount_TS02_ClickonEntertheStore",
    "sampleCount" : 3,
    "errorCount" : 0,
    "errorPct" : 0.0,
    "meanResTime" : 200.66666666666666,
    "medianResTime" : 183.0,
    "minResTime" : 179.0,
    "maxResTime" : 240.0,
    "pct1ResTime" : 240.0,
    "pct2ResTime" : 240.0,
    "pct3ResTime" : 240.0,
    "throughput" : 0.006449851330926822,
    "receivedKBytesPerSec" : 0.032774146899663965,
    "sentKBytesPerSec" : 0.0035293620075807254
  },
  "SC05_ShoppingBirds_TS06_SelectProductID" : {
    "transaction" : "SC05_ShoppingBirds_TS06_SelectProductID",
    "sampleCount" : 8,
    "errorCount" : 0,
    "errorPct" : 0.0,
    "meanResTime" : 247.49999999999997,
    "medianResTime" : 247.5,
    "minResTime" : 169.0,
    "maxResTime" : 288.0,
    "pct1ResTime" : 288.0,
    "pct2ResTime" : 288.0,
    "pct3ResTime" : 288.0,
    "throughput" : 0.015139644294057312,
    "receivedKBytesPerSec" : 0.05953288106011574,
    "sentKBytesPerSec" : 0.009787543479165958
  },
  "SC01_ShoppingFish_TS09_UpdateQuantityandClickonUpdatecart" : {
    "transaction" : "SC01_ShoppingFish_TS09_UpdateQuantityandClickonUpdatecart",
    "sampleCount" : 6,
    "errorCount" : 0,
    "errorPct" : 0.0,
    "meanResTime" : 234.33333333333334,
    "medianResTime" : 235.5,
    "minResTime" : 218.0,
    "maxResTime" : 250.0,
    "pct1ResTime" : 250.0,
    "pct2ResTime" : 250.0,
    "pct3ResTime" : 250.0,
    "throughput" : 0.016918851548356897,
    "receivedKBytesPerSec" : 0.08038932832864305,
    "sentKBytesPerSec" : 0.015833886133309272
  },
  "SC04_ShoppingReptiles_TS10_ClickonProceedtoCheckout" : {
    "transaction" : "SC04_ShoppingReptiles_TS10_ClickonProceedtoCheckout",
    "sampleCount" : 6,
    "errorCount" : 0,
    "errorPct" : 0.0,
    "meanResTime" : 176.66666666666669,
    "medianResTime" : 175.5,
    "minResTime" : 151.0,
    "maxResTime" : 210.0,
    "pct1ResTime" : 210.0,
    "pct2ResTime" : 210.0,
    "pct3ResTime" : 210.0,
    "throughput" : 0.01695073269542076,
    "receivedKBytesPerSec" : 0.09276553322767377,
    "sentKBytesPerSec" : 0.010081050987803947
  },
  "SC01_ShoppingFish_TS13_ClickonSignout/actions/Account.action-56" : {
    "transaction" : "SC01_ShoppingFish_TS13_ClickonSignout/actions/Account.action-56",
    "sampleCount" : 67,
    "errorCount" : 0,
    "errorPct" : 0.0,
    "meanResTime" : 456.9402985074626,
    "medianResTime" : 429.0,
    "minResTime" : 322.0,
    "maxResTime" : 858.0,
    "pct1ResTime" : 670.0,
    "pct2ResTime" : 796.9999999999995,
    "pct3ResTime" : 858.0,
    "throughput" : 0.13091997662980714,
    "receivedKBytesPerSec" : 0.6748004264180881,
    "sentKBytesPerSec" : 0.1604536822953203
  },
  "SC05_ShoppingBirds_TS12_ClickonConfirm" : {
    "transaction" : "SC05_ShoppingBirds_TS12_ClickonConfirm",
    "sampleCount" : 6,
    "errorCount" : 0,
    "errorPct" : 0.0,
    "meanResTime" : 214.0,
    "medianResTime" : 225.5,
    "minResTime" : 176.0,
    "maxResTime" : 245.0,
    "pct1ResTime" : 245.0,
    "pct2ResTime" : 245.0,
    "pct3ResTime" : 245.0,
    "throughput" : 0.016936378494186586,
    "receivedKBytesPerSec" : 0.08972917584053836,
    "sentKBytesPerSec" : 0.010270987348525265
  },
  "SC01_ShoppingFish_TS07_SelectItemID" : {
    "transaction" : "SC01_ShoppingFish_TS07_SelectItemID",
    "sampleCount" : 8,
    "errorCount" : 0,
    "errorPct" : 0.0,
    "meanResTime" : 637.5,
    "medianResTime" : 634.0,
    "minResTime" : 557.0,
    "maxResTime" : 761.0,
    "pct1ResTime" : 761.0,
    "pct2ResTime" : 761.0,
    "pct3ResTime" : 761.0,
    "throughput" : 0.01510431416973473,
    "receivedKBytesPerSec" : 0.05899016449542151,
    "sentKBytesPerSec" : 0.009663294746530729
  },
  "SC01_ShoppingFish_TS09_UpdateQuantityandClickonUpdatecart/actions/Cart.action-49" : {
    "transaction" : "SC01_ShoppingFish_TS09_UpdateQuantityandClickonUpdatecart/actions/Cart.action-49",
    "sampleCount" : 30,
    "errorCount" : 0,
    "errorPct" : 0.0,
    "meanResTime" : 208.06666666666666,
    "medianResTime" : 210.5,
    "minResTime" : 166.0,
    "maxResTime" : 277.0,
    "pct1ResTime" : 251.20000000000002,
    "pct2ResTime" : 268.2,
    "pct3ResTime" : 277.0,
    "throughput" : 0.08054275074971877,
    "receivedKBytesPerSec" : 0.38192785114625755,
    "sentKBytesPerSec" : 0.07547736681584974
  },
  "SC04_ShoppingReptiles_TS08_ClickonAddtocart" : {
    "transaction" : "SC04_ShoppingReptiles_TS08_ClickonAddtocart",
    "sampleCount" : 7,
    "errorCount" : 0,
    "errorPct" : 0.0,
    "meanResTime" : 201.42857142857142,
    "medianResTime" : 220.0,
    "minResTime" : 167.0,
    "maxResTime" : 228.0,
    "pct1ResTime" : 228.0,
    "pct2ResTime" : 228.0,
    "pct3ResTime" : 228.0,
    "throughput" : 0.013353401588291737,
    "receivedKBytesPerSec" : 0.06353670683179101,
    "sentKBytesPerSec" : 0.00856756332373796
  },
  "SC05_ShoppingBirds_TS11_EnterPaymentsDetailsandClickonContinue" : {
    "transaction" : "SC05_ShoppingBirds_TS11_EnterPaymentsDetailsandClickonContinue",
    "sampleCount" : 6,
    "errorCount" : 0,
    "errorPct" : 0.0,
    "meanResTime" : 202.5,
    "medianResTime" : 176.5,
    "minResTime" : 173.0,
    "maxResTime" : 282.0,
    "pct1ResTime" : 282.0,
    "pct2ResTime" : 282.0,
    "pct3ResTime" : 282.0,
    "throughput" : 0.016939056099330625,
    "receivedKBytesPerSec" : 0.0780619196608801,
    "sentKBytesPerSec" : 0.020892605325639236
  },
  "SC06_Search_TS11_EnterPaymentsDetailsandClickonContinue" : {
    "transaction" : "SC06_Search_TS11_EnterPaymentsDetailsandClickonContinue",
    "sampleCount" : 6,
    "errorCount" : 0,
    "errorPct" : 0.0,
    "meanResTime" : 220.33333333333331,
    "medianResTime" : 227.5,
    "minResTime" : 173.0,
    "maxResTime" : 286.0,
    "pct1ResTime" : 286.0,
    "pct2ResTime" : 286.0,
    "pct3ResTime" : 286.0,
    "throughput" : 0.016952265246443558,
    "receivedKBytesPerSec" : 0.07648385296735276,
    "sentKBytesPerSec" : 0.020908897467049034
  },
  "SC04_ShoppingReptiles_TS02_ClickonEntertheStore" : {
    "transaction" : "SC04_ShoppingReptiles_TS02_ClickonEntertheStore",
    "sampleCount" : 8,
    "errorCount" : 0,
    "errorPct" : 0.0,
    "meanResTime" : 257.25,
    "medianResTime" : 239.5,
    "minResTime" : 176.0,
    "maxResTime" : 360.0,
    "pct1ResTime" : 360.0,
    "pct2ResTime" : 360.0,
    "pct3ResTime" : 360.0,
    "throughput" : 0.015136321495468563,
    "receivedKBytesPerSec" : 0.0760622327493236,
    "sentKBytesPerSec" : 0.008347888246646359
  },
  "SC03_ShoppingCats_TS09_UpdateQuantityandClickonUpdatecart" : {
    "transaction" : "SC03_ShoppingCats_TS09_UpdateQuantityandClickonUpdatecart",
    "sampleCount" : 6,
    "errorCount" : 0,
    "errorPct" : 0.0,
    "meanResTime" : 201.5,
    "medianResTime" : 201.5,
    "minResTime" : 166.0,
    "maxResTime" : 240.0,
    "pct1ResTime" : 240.0,
    "pct2ResTime" : 240.0,
    "pct3ResTime" : 240.0,
    "throughput" : 0.016912270415929104,
    "receivedKBytesPerSec" : 0.08044339040285028,
    "sentKBytesPerSec" : 0.015855253514933536
  },
  "SC02_ShoppingDogs_TS09_UpdateQuantityandClickonUpdatecart" : {
    "transaction" : "SC02_ShoppingDogs_TS09_UpdateQuantityandClickonUpdatecart",
    "sampleCount" : 6,
    "errorCount" : 0,
    "errorPct" : 0.0,
    "meanResTime" : 202.33333333333334,
    "medianResTime" : 196.5,
    "minResTime" : 167.0,
    "maxResTime" : 244.0,
    "pct1ResTime" : 244.0,
    "pct2ResTime" : 244.0,
    "pct3ResTime" : 244.0,
    "throughput" : 0.017011238758406388,
    "receivedKBytesPerSec" : 0.0809861220187804,
    "sentKBytesPerSec" : 0.01593142379815598
  },
  "SC08_AddToCartDeleteCart_TS08_ClickonAddtocart" : {
    "transaction" : "SC08_AddToCartDeleteCart_TS08_ClickonAddtocart",
    "sampleCount" : 8,
    "errorCount" : 0,
    "errorPct" : 0.0,
    "meanResTime" : 210.375,
    "medianResTime" : 215.5,
    "minResTime" : 163.0,
    "maxResTime" : 245.0,
    "pct1ResTime" : 245.0,
    "pct2ResTime" : 245.0,
    "pct3ResTime" : 245.0,
    "throughput" : 0.017128457004361334,
    "receivedKBytesPerSec" : 0.0814584419473771,
    "sentKBytesPerSec" : 0.010972917768418978
  },
  "SC11_CreateAccount_TS05_EnterAccInfoandclickonSave" : {
    "transaction" : "SC11_CreateAccount_TS05_EnterAccInfoandclickonSave",
    "sampleCount" : 3,
    "errorCount" : 0,
    "errorPct" : 0.0,
    "meanResTime" : 611.3333333333334,
    "medianResTime" : 642.0,
    "minResTime" : 537.0,
    "maxResTime" : 655.0,
    "pct1ResTime" : 655.0,
    "pct2ResTime" : 655.0,
    "pct3ResTime" : 655.0,
    "throughput" : 0.0064438525646533205,
    "receivedKBytesPerSec" : 0.06403578486124238,
    "sentKBytesPerSec" : 0.017588445232623078
  },
  "SC06_Search_TS12_ClickonConfirm" : {
    "transaction" : "SC06_Search_TS12_ClickonConfirm",
    "sampleCount" : 6,
    "errorCount" : 3,
    "errorPct" : 50.0,
    "meanResTime" : 321.6666666666667,
    "medianResTime" : 312.5,
    "minResTime" : 216.0,
    "maxResTime" : 436.0,
    "pct1ResTime" : 436.0,
    "pct2ResTime" : 436.0,
    "pct3ResTime" : 436.0,
    "throughput" : 0.016942691346520395,
    "receivedKBytesPerSec" : 0.17264503208522175,
    "sentKBytesPerSec" : 0.010274815748231607
  },
  "SC01_ShoppingFish_TS08_ClickonAddtocart/actions/Cart.action-48" : {
    "transaction" : "SC01_ShoppingFish_TS08_ClickonAddtocart/actions/Cart.action-48",
    "sampleCount" : 43,
    "errorCount" : 0,
    "errorPct" : 0.0,
    "meanResTime" : 215.99999999999997,
    "medianResTime" : 220.0,
    "minResTime" : 163.0,
    "maxResTime" : 316.0,
    "pct1ResTime" : 279.0,
    "pct2ResTime" : 291.59999999999997,
    "pct3ResTime" : 316.0,
    "throughput" : 0.07931355044341808,
    "receivedKBytesPerSec" : 0.3764313473204931,
    "sentKBytesPerSec" : 0.050851672478382445
  },
  "SC01_ShoppingFish_TS04_Login/actions/Catalog.action-41" : {
    "transaction" : "SC01_ShoppingFish_TS04_Login/actions/Catalog.action-41",
    "sampleCount" : 76,
    "errorCount" : 0,
    "errorPct" : 0.0,
    "meanResTime" : 187.4078947368421,
    "medianResTime" : 196.0,
    "minResTime" : 144.0,
    "maxResTime" : 270.0,
    "pct1ResTime" : 217.6,
    "pct2ResTime" : 249.94999999999987,
    "pct3ResTime" : 270.0,
    "throughput" : 0.12627248605602842,
    "receivedKBytesPerSec" : 0.6398061239663516,
    "sentKBytesPerSec" : 0.07398778479845415
  },
  "SC01_ShoppingFish_TS13_ClickonSignout/actions/Catalog.action-57" : {
    "transaction" : "SC01_ShoppingFish_TS13_ClickonSignout/actions/Catalog.action-57",
    "sampleCount" : 67,
    "errorCount" : 0,
    "errorPct" : 0.0,
    "meanResTime" : 202.865671641791,
    "medianResTime" : 203.0,
    "minResTime" : 145.0,
    "maxResTime" : 300.0,
    "pct1ResTime" : 246.0,
    "pct2ResTime" : 277.39999999999986,
    "pct3ResTime" : 300.0,
    "throughput" : 0.13095503355967053,
    "receivedKBytesPerSec" : 0.6359759588791423,
    "sentKBytesPerSec" : 0.07967283780046362
  },
  "SC08_AddToCartDeleteCart_TS07_SelectItemID" : {
    "transaction" : "SC08_AddToCartDeleteCart_TS07_SelectItemID",
    "sampleCount" : 8,
    "errorCount" : 0,
    "errorPct" : 0.0,
    "meanResTime" : 590.625,
    "medianResTime" : 620.5,
    "minResTime" : 461.0,
    "maxResTime" : 679.0,
    "pct1ResTime" : 679.0,
    "pct2ResTime" : 679.0,
    "pct3ResTime" : 679.0,
    "throughput" : 0.01711951346342737,
    "receivedKBytesPerSec" : 0.06691698493803806,
    "sentKBytesPerSec" : 0.010960918959433174
  },
  "SC09_OpenCart_TS01_Launch" : {
    "transaction" : "SC09_OpenCart_TS01_Launch",
    "sampleCount" : 12,
    "errorCount" : 0,
    "errorPct" : 0.0,
    "meanResTime" : 632.0,
    "medianResTime" : 607.0,
    "minResTime" : 531.0,
    "maxResTime" : 851.0,
    "pct1ResTime" : 844.4,
    "pct2ResTime" : 851.0,
    "pct3ResTime" : 851.0,
    "throughput" : 0.02110212902896795,
    "receivedKBytesPerSec" : 0.029922159521544395,
    "sentKBytesPerSec" : 0.011275763281592086
  },
  "SC07_OpenMyOrders_TS07_ClickonSignout" : {
    "transaction" : "SC07_OpenMyOrders_TS07_ClickonSignout",
    "sampleCount" : 10,
    "errorCount" : 0,
    "errorPct" : 0.0,
    "meanResTime" : 920.9,
    "medianResTime" : 894.5,
    "minResTime" : 784.0,
    "maxResTime" : 1063.0,
    "pct1ResTime" : 1061.4,
    "pct2ResTime" : 1063.0,
    "pct3ResTime" : 1063.0,
    "throughput" : 0.020072743622889352,
    "receivedKBytesPerSec" : 0.20094306140453003,
    "sentKBytesPerSec" : 0.03681309816775996
  },
  "SC10_LoginLogout_TS03_ClickonSignin" : {
    "transaction" : "SC10_LoginLogout_TS03_ClickonSignin",
    "sampleCount" : 6,
    "errorCount" : 0,
    "errorPct" : 0.0,
    "meanResTime" : 243.5,
    "medianResTime" : 252.5,
    "minResTime" : 170.0,
    "maxResTime" : 336.0,
    "pct1ResTime" : 336.0,
    "pct2ResTime" : 336.0,
    "pct3ResTime" : 336.0,
    "throughput" : 0.011725987132683453,
    "receivedKBytesPerSec" : 0.04689631442452764,
    "sentKBytesPerSec" : 0.007511960506875337
  },
  "SC03_ShoppingCats_TS08_ClickonAddtocart" : {
    "transaction" : "SC03_ShoppingCats_TS08_ClickonAddtocart",
    "sampleCount" : 7,
    "errorCount" : 0,
    "errorPct" : 0.0,
    "meanResTime" : 213.28571428571428,
    "medianResTime" : 220.0,
    "minResTime" : 174.0,
    "maxResTime" : 254.0,
    "pct1ResTime" : 254.0,
    "pct2ResTime" : 254.0,
    "pct3ResTime" : 254.0,
    "throughput" : 0.013374603538537965,
    "receivedKBytesPerSec" : 0.06359280661278612,
    "sentKBytesPerSec" : 0.008581166528143988
  },
  "SC01_ShoppingFish_TS04_Login/actions/Account.action-40-0" : {
    "transaction" : "SC01_ShoppingFish_TS04_Login/actions/Account.action-40-0",
    "sampleCount" : 72,
    "errorCount" : 0,
    "errorPct" : 0.0,
    "meanResTime" : 215.68055555555554,
    "medianResTime" : 224.0,
    "minResTime" : 154.0,
    "maxResTime" : 298.0,
    "pct1ResTime" : 250.7,
    "pct2ResTime" : 269.8499999999999,
    "pct3ResTime" : 298.0,
    "throughput" : 0.11961364791722735,
    "receivedKBytesPerSec" : 0.02686634670015849,
    "sentKBytesPerSec" : 0.11048947316833295
  },
  "SC01_ShoppingFish_TS04_Login/actions/Account.action-40-1" : {
    "transaction" : "SC01_ShoppingFish_TS04_Login/actions/Account.action-40-1",
    "sampleCount" : 72,
    "errorCount" : 0,
    "errorPct" : 0.0,
    "meanResTime" : 196.65277777777777,
    "medianResTime" : 201.0,
    "minResTime" : 142.0,
    "maxResTime" : 269.0,
    "pct1ResTime" : 234.80000000000004,
    "pct2ResTime" : 253.0,
    "pct3ResTime" : 269.0,
    "throughput" : 0.11961503893303385,
    "receivedKBytesPerSec" : 0.6074720358313495,
    "sentKBytesPerSec" : 0.08036635428313212
  },
  "ClickonSignout/actions/Account.action-56" : {
    "transaction" : "ClickonSignout/actions/Account.action-56",
    "sampleCount" : 6,
    "errorCount" : 0,
    "errorPct" : 0.0,
    "meanResTime" : 410.5,
    "medianResTime" : 424.5,
    "minResTime" : 337.0,
    "maxResTime" : 444.0,
    "pct1ResTime" : 444.0,
    "pct2ResTime" : 444.0,
    "pct3ResTime" : 444.0,
    "throughput" : 0.016898599950994058,
    "receivedKBytesPerSec" : 0.08710040091928382,
    "sentKBytesPerSec" : 0.020710686463376506
  },
  "SC03_ShoppingCats_TS12_ClickonConfirm" : {
    "transaction" : "SC03_ShoppingCats_TS12_ClickonConfirm",
    "sampleCount" : 6,
    "errorCount" : 0,
    "errorPct" : 0.0,
    "meanResTime" : 213.83333333333334,
    "medianResTime" : 204.5,
    "minResTime" : 165.0,
    "maxResTime" : 291.0,
    "pct1ResTime" : 291.0,
    "pct2ResTime" : 291.0,
    "pct3ResTime" : 291.0,
    "throughput" : 0.016902265466981425,
    "receivedKBytesPerSec" : 0.0895759547315075,
    "sentKBytesPerSec" : 0.010250299663081507
  },
  "SC07_OpenMyOrders_TS01_Launch" : {
    "transaction" : "SC07_OpenMyOrders_TS01_Launch",
    "sampleCount" : 10,
    "errorCount" : 0,
    "errorPct" : 0.0,
    "meanResTime" : 619.6,
    "medianResTime" : 605.5,
    "minResTime" : 462.0,
    "maxResTime" : 813.0,
    "pct1ResTime" : 812.8,
    "pct2ResTime" : 813.0,
    "pct3ResTime" : 813.0,
    "throughput" : 0.020062072050925566,
    "receivedKBytesPerSec" : 0.02844739122846086,
    "sentKBytesPerSec" : 0.01068540439118633
  },
  "SC08_AddToCartDeleteCart_TS05_SelectCatogory" : {
    "transaction" : "SC08_AddToCartDeleteCart_TS05_SelectCatogory",
    "sampleCount" : 8,
    "errorCount" : 0,
    "errorPct" : 0.0,
    "meanResTime" : 221.49999999999997,
    "medianResTime" : 229.0,
    "minResTime" : 168.0,
    "maxResTime" : 280.0,
    "pct1ResTime" : 280.0,
    "pct2ResTime" : 280.0,
    "pct3ResTime" : 280.0,
    "throughput" : 0.017134143207168925,
    "receivedKBytesPerSec" : 0.06740712491218752,
    "sentKBytesPerSec" : 0.010560338019164539
  },
  "Login/actions/Account.action-40" : {
    "transaction" : "Login/actions/Account.action-40",
    "sampleCount" : 8,
    "errorCount" : 0,
    "errorPct" : 0.0,
    "meanResTime" : 426.62500000000006,
    "medianResTime" : 433.0,
    "minResTime" : 393.0,
    "maxResTime" : 441.0,
    "pct1ResTime" : 441.0,
    "pct2ResTime" : 441.0,
    "pct3ResTime" : 441.0,
    "throughput" : 0.01510434268732689,
    "receivedKBytesPerSec" : 0.08009431717986817,
    "sentKBytesPerSec" : 0.024087296492582823
  },
  "SC03_ShoppingCats_TS05_ClickonCats" : {
    "transaction" : "SC03_ShoppingCats_TS05_ClickonCats",
    "sampleCount" : 8,
    "errorCount" : 0,
    "errorPct" : 0.0,
    "meanResTime" : 236.75,
    "medianResTime" : 237.5,
    "minResTime" : 183.0,
    "maxResTime" : 278.0,
    "pct1ResTime" : 278.0,
    "pct2ResTime" : 278.0,
    "pct3ResTime" : 278.0,
    "throughput" : 0.015111903646502351,
    "receivedKBytesPerSec" : 0.056935277605669986,
    "sentKBytesPerSec" : 0.009297362595016094
  },
  "SC04_ShoppingReptiles_TS03_ClickonSignin" : {
    "transaction" : "SC04_ShoppingReptiles_TS03_ClickonSignin",
    "sampleCount" : 8,
    "errorCount" : 0,
    "errorPct" : 0.0,
    "meanResTime" : 237.625,
    "medianResTime" : 228.5,
    "minResTime" : 216.0,
    "maxResTime" : 280.0,
    "pct1ResTime" : 280.0,
    "pct2ResTime" : 280.0,
    "pct3ResTime" : 280.0,
    "throughput" : 0.015138756161946845,
    "receivedKBytesPerSec" : 0.06052915275004967,
    "sentKBytesPerSec" : 0.009698265666247196
  },
  "SC11_CreateAccount_TS01_Launch" : {
    "transaction" : "SC11_CreateAccount_TS01_Launch",
    "sampleCount" : 3,
    "errorCount" : 0,
    "errorPct" : 0.0,
    "meanResTime" : 642.6666666666666,
    "medianResTime" : 571.0,
    "minResTime" : 470.0,
    "maxResTime" : 887.0,
    "pct1ResTime" : 887.0,
    "pct2ResTime" : 887.0,
    "pct3ResTime" : 887.0,
    "throughput" : 0.006440089989524121,
    "receivedKBytesPerSec" : 0.00913184635233303,
    "sentKBytesPerSec" : 0.003385659288112453
  },
  "SC03_ShoppingCats_TS04_Login" : {
    "transaction" : "SC03_ShoppingCats_TS04_Login",
    "sampleCount" : 8,
    "errorCount" : 0,
    "errorPct" : 0.0,
    "meanResTime" : 606.625,
    "medianResTime" : 625.0,
    "minResTime" : 525.0,
    "maxResTime" : 650.0,
    "pct1ResTime" : 650.0,
    "pct2ResTime" : 650.0,
    "pct3ResTime" : 650.0,
    "throughput" : 0.015102318205844597,
    "receivedKBytesPerSec" : 0.15680453824662086,
    "sentKBytesPerSec" : 0.03296257928717058
  },
  "SC01_ShoppingFish_TS10_ClickonProceedtoCheckout" : {
    "transaction" : "SC01_ShoppingFish_TS10_ClickonProceedtoCheckout",
    "sampleCount" : 6,
    "errorCount" : 0,
    "errorPct" : 0.0,
    "meanResTime" : 205.83333333333331,
    "medianResTime" : 196.0,
    "minResTime" : 186.0,
    "maxResTime" : 262.0,
    "pct1ResTime" : 262.0,
    "pct2ResTime" : 262.0,
    "pct3ResTime" : 262.0,
    "throughput" : 0.016920569207948155,
    "receivedKBytesPerSec" : 0.09246826688249793,
    "sentKBytesPerSec" : 0.010063111960586353
  },
  "SC02_ShoppingDogs_TS02_ClickonEntertheStore" : {
    "transaction" : "SC02_ShoppingDogs_TS02_ClickonEntertheStore",
    "sampleCount" : 8,
    "errorCount" : 0,
    "errorPct" : 0.0,
    "meanResTime" : 248.375,
    "medianResTime" : 244.5,
    "minResTime" : 206.0,
    "maxResTime" : 349.0,
    "pct1ResTime" : 349.0,
    "pct2ResTime" : 349.0,
    "pct3ResTime" : 349.0,
    "throughput" : 0.015141592819856685,
    "receivedKBytesPerSec" : 0.07608872192654056,
    "sentKBytesPerSec" : 0.008350795454115295
  },
  "SC06_Search_TS10_ClickonProceedtoCheckout" : {
    "transaction" : "SC06_Search_TS10_ClickonProceedtoCheckout",
    "sampleCount" : 6,
    "errorCount" : 0,
    "errorPct" : 0.0,
    "meanResTime" : 183.5,
    "medianResTime" : 176.5,
    "minResTime" : 154.0,
    "maxResTime" : 242.0,
    "pct1ResTime" : 242.0,
    "pct2ResTime" : 242.0,
    "pct3ResTime" : 242.0,
    "throughput" : 0.016953941791466514,
    "receivedKBytesPerSec" : 0.08161016088584347,
    "sentKBytesPerSec" : 0.010082959522463974
  },
  "SelectItemID/actions/Catalog.action-46" : {
    "transaction" : "SelectItemID/actions/Catalog.action-46",
    "sampleCount" : 8,
    "errorCount" : 0,
    "errorPct" : 0.0,
    "meanResTime" : 637.5,
    "medianResTime" : 634.0,
    "minResTime" : 557.0,
    "maxResTime" : 761.0,
    "pct1ResTime" : 761.0,
    "pct2ResTime" : 761.0,
    "pct3ResTime" : 761.0,
    "throughput" : 0.01510431416973473,
    "receivedKBytesPerSec" : 0.05899016449542151,
    "sentKBytesPerSec" : 0.009663294746530729
  },
  "SC03_ShoppingCats_TS11_EnterPaymentsDetailsandClickonContinue" : {
    "transaction" : "SC03_ShoppingCats_TS11_EnterPaymentsDetailsandClickonContinue",
    "sampleCount" : 6,
    "errorCount" : 0,
    "errorPct" : 0.0,
    "meanResTime" : 198.83333333333331,
    "medianResTime" : 203.5,
    "minResTime" : 162.0,
    "maxResTime" : 240.0,
    "pct1ResTime" : 240.0,
    "pct2ResTime" : 240.0,
    "pct3ResTime" : 240.0,
    "throughput" : 0.016908886465281832,
    "receivedKBytesPerSec" : 0.07805498664197968,
    "sentKBytesPerSec" : 0.020855394146143506
  },
  "SC07_OpenMyOrders_TS04_Login" : {
    "transaction" : "SC07_OpenMyOrders_TS04_Login",
    "sampleCount" : 10,
    "errorCount" : 0,
    "errorPct" : 0.0,
    "meanResTime" : 584.0,
    "medianResTime" : 628.0,
    "minResTime" : 470.0,
    "maxResTime" : 647.0,
    "pct1ResTime" : 646.8,
    "pct2ResTime" : 647.0,
    "pct3ResTime" : 647.0,
    "throughput" : 0.020082014949051926,
    "receivedKBytesPerSec" : 0.20846857315275585,
    "sentKBytesPerSec" : 0.043792128301985304
  },
  "Prp/actions/Catalog.action-3" : {
    "transaction" : "Prp/actions/Catalog.action-3",
    "sampleCount" : 8,
    "errorCount" : 0,
    "errorPct" : 0.0,
    "meanResTime" : 226.25,
    "medianResTime" : 239.5,
    "minResTime" : 169.0,
    "maxResTime" : 285.0,
    "pct1ResTime" : 285.0,
    "pct2ResTime" : 285.0,
    "pct3ResTime" : 285.0,
    "throughput" : 0.015143771177617506,
    "receivedKBytesPerSec" : 0.0624976337857535,
    "sentKBytesPerSec" : 0.009346546273685806
  },
  "SC10_LoginLogout_TS05_ClickonSignout" : {
    "transaction" : "SC10_LoginLogout_TS05_ClickonSignout",
    "sampleCount" : 6,
    "errorCount" : 0,
    "errorPct" : 0.0,
    "meanResTime" : 591.1666666666667,
    "medianResTime" : 627.0,
    "minResTime" : 471.0,
    "maxResTime" : 656.0,
    "pct1ResTime" : 656.0,
    "pct2ResTime" : 656.0,
    "pct3ResTime" : 656.0,
    "throughput" : 0.011718681335851548,
    "receivedKBytesPerSec" : 0.11731269763067793,
    "sentKBytesPerSec" : 0.021491878465555864
  },
  "SC05_ShoppingBirds_TS03_ClickonSignin" : {
    "transaction" : "SC05_ShoppingBirds_TS03_ClickonSignin",
    "sampleCount" : 8,
    "errorCount" : 0,
    "errorPct" : 0.0,
    "meanResTime" : 229.875,
    "medianResTime" : 224.5,
    "minResTime" : 203.0,
    "maxResTime" : 280.0,
    "pct1ResTime" : 280.0,
    "pct2ResTime" : 280.0,
    "pct3ResTime" : 280.0,
    "throughput" : 0.015134088019855923,
    "receivedKBytesPerSec" : 0.06052526754229978,
    "sentKBytesPerSec" : 0.009695275137720201
  },
  "ClickonProceedtoCheckout/actions/Order.action-50" : {
    "transaction" : "ClickonProceedtoCheckout/actions/Order.action-50",
    "sampleCount" : 6,
    "errorCount" : 0,
    "errorPct" : 0.0,
    "meanResTime" : 205.83333333333331,
    "medianResTime" : 196.0,
    "minResTime" : 186.0,
    "maxResTime" : 262.0,
    "pct1ResTime" : 262.0,
    "pct2ResTime" : 262.0,
    "pct3ResTime" : 262.0,
    "throughput" : 0.016920569207948155,
    "receivedKBytesPerSec" : 0.09246826688249793,
    "sentKBytesPerSec" : 0.010063111960586353
  },
  "SC05_ShoppingBirds_TS09_UpdateQuantityandClickonUpdatecart" : {
    "transaction" : "SC05_ShoppingBirds_TS09_UpdateQuantityandClickonUpdatecart",
    "sampleCount" : 6,
    "errorCount" : 0,
    "errorPct" : 0.0,
    "meanResTime" : 203.66666666666666,
    "medianResTime" : 188.0,
    "minResTime" : 170.0,
    "maxResTime" : 277.0,
    "pct1ResTime" : 277.0,
    "pct2ResTime" : 277.0,
    "pct3ResTime" : 277.0,
    "throughput" : 0.01694388749258705,
    "receivedKBytesPerSec" : 0.08068478456553048,
    "sentKBytesPerSec" : 0.015884894524300357
  },
  "SC01_ShoppingFish_TS04_Login/actions/Account.action-40" : {
    "transaction" : "SC01_ShoppingFish_TS04_Login/actions/Account.action-40",
    "sampleCount" : 76,
    "errorCount" : 0,
    "errorPct" : 0.0,
    "meanResTime" : 403.31578947368416,
    "medianResTime" : 423.0,
    "minResTime" : 205.0,
    "maxResTime" : 489.0,
    "pct1ResTime" : 452.0,
    "pct2ResTime" : 470.9,
    "pct3ResTime" : 489.0,
    "throughput" : 0.12621607527792447,
    "receivedKBytesPerSec" : 0.6611974677484712,
    "sentKBytesPerSec" : 0.1969206910496195
  },
  "SC10_LoginLogout_TS01_Launch" : {
    "transaction" : "SC10_LoginLogout_TS01_Launch",
    "sampleCount" : 6,
    "errorCount" : 0,
    "errorPct" : 0.0,
    "meanResTime" : 628.5,
    "medianResTime" : 595.0,
    "minResTime" : 537.0,
    "maxResTime" : 851.0,
    "pct1ResTime" : 851.0,
    "pct2ResTime" : 851.0,
    "pct3ResTime" : 851.0,
    "throughput" : 0.01171090460882651,
    "receivedKBytesPerSec" : 0.016605696769546964,
    "sentKBytesPerSec" : 0.006257633435998931
  },
  "SC01_ShoppingFish_TS06_SelectProductID" : {
    "transaction" : "SC01_ShoppingFish_TS06_SelectProductID",
    "sampleCount" : 8,
    "errorCount" : 0,
    "errorPct" : 0.0,
    "meanResTime" : 218.875,
    "medianResTime" : 221.0,
    "minResTime" : 170.0,
    "maxResTime" : 251.0,
    "pct1ResTime" : 251.0,
    "pct2ResTime" : 251.0,
    "pct3ResTime" : 251.0,
    "throughput" : 0.015114130578531133,
    "receivedKBytesPerSec" : 0.06293249438887902,
    "sentKBytesPerSec" : 0.009771049260730087
  },
  "SC02_ShoppingDogs_TS10_ClickonProceedtoCheckout" : {
    "transaction" : "SC02_ShoppingDogs_TS10_ClickonProceedtoCheckout",
    "sampleCount" : 6,
    "errorCount" : 0,
    "errorPct" : 0.0,
    "meanResTime" : 190.33333333333331,
    "medianResTime" : 195.0,
    "minResTime" : 155.0,
    "maxResTime" : 209.0,
    "pct1ResTime" : 209.0,
    "pct2ResTime" : 209.0,
    "pct3ResTime" : 209.0,
    "throughput" : 0.017013023469465878,
    "receivedKBytesPerSec" : 0.09323934346742431,
    "sentKBytesPerSec" : 0.010118096965727264
  },
  "ClickonEntertheStore/actions/Catalog.action-27" : {
    "transaction" : "ClickonEntertheStore/actions/Catalog.action-27",
    "sampleCount" : 8,
    "errorCount" : 0,
    "errorPct" : 0.0,
    "meanResTime" : 241.25,
    "medianResTime" : 240.5,
    "minResTime" : 220.0,
    "maxResTime" : 268.0,
    "pct1ResTime" : 268.0,
    "pct2ResTime" : 268.0,
    "pct3ResTime" : 268.0,
    "throughput" : 0.015108193551067583,
    "receivedKBytesPerSec" : 0.07592088570840431,
    "sentKBytesPerSec" : 0.008332375300747479
  },
  "SC03_ShoppingCats_TS03_ClickonSignin" : {
    "transaction" : "SC03_ShoppingCats_TS03_ClickonSignin",
    "sampleCount" : 8,
    "errorCount" : 0,
    "errorPct" : 0.0,
    "meanResTime" : 237.0,
    "medianResTime" : 231.0,
    "minResTime" : 176.0,
    "maxResTime" : 290.0,
    "pct1ResTime" : 290.0,
    "pct2ResTime" : 290.0,
    "pct3ResTime" : 290.0,
    "throughput" : 0.015113245437216745,
    "receivedKBytesPerSec" : 0.06044191247730652,
    "sentKBytesPerSec" : 0.009681922858216977
  },
  "Search/actions/Catalog.action-1" : {
    "transaction" : "Search/actions/Catalog.action-1",
    "sampleCount" : 8,
    "errorCount" : 0,
    "errorPct" : 0.0,
    "meanResTime" : 197.375,
    "medianResTime" : 191.0,
    "minResTime" : 159.0,
    "maxResTime" : 259.0,
    "pct1ResTime" : 259.0,
    "pct2ResTime" : 259.0,
    "pct3ResTime" : 259.0,
    "throughput" : 0.015145061290169909,
    "receivedKBytesPerSec" : 0.059389642197927014,
    "sentKBytesPerSec" : 0.01364386625017748
  },
  "SC03_ShoppingCats_TS10_ClickonProceedtoCheckout" : {
    "transaction" : "SC03_ShoppingCats_TS10_ClickonProceedtoCheckout",
    "sampleCount" : 6,
    "errorCount" : 0,
    "errorPct" : 0.0,
    "meanResTime" : 193.5,
    "medianResTime" : 199.0,
    "minResTime" : 149.0,
    "maxResTime" : 210.0,
    "pct1ResTime" : 210.0,
    "pct2ResTime" : 210.0,
    "pct3ResTime" : 210.0,
    "throughput" : 0.016911174058258996,
    "receivedKBytesPerSec" : 0.09254904240476895,
    "sentKBytesPerSec" : 0.010057524415507547
  },
  "SC07_OpenMyOrders_TS02_ClickonEntertheStore" : {
    "transaction" : "SC07_OpenMyOrders_TS02_ClickonEntertheStore",
    "sampleCount" : 10,
    "errorCount" : 0,
    "errorPct" : 0.0,
    "meanResTime" : 230.5,
    "medianResTime" : 236.5,
    "minResTime" : 172.0,
    "maxResTime" : 294.0,
    "pct1ResTime" : 289.8,
    "pct2ResTime" : 294.0,
    "pct3ResTime" : 294.0,
    "throughput" : 0.02008830820285977,
    "receivedKBytesPerSec" : 0.10026890711568053,
    "sentKBytesPerSec" : 0.011130962963186166
  },
  "SC01_ShoppingFish_TS04_Login" : {
    "transaction" : "SC01_ShoppingFish_TS04_Login",
    "sampleCount" : 8,
    "errorCount" : 0,
    "errorPct" : 0.0,
    "meanResTime" : 640.125,
    "medianResTime" : 638.0,
    "minResTime" : 598.0,
    "maxResTime" : 685.0,
    "pct1ResTime" : 685.0,
    "pct2ResTime" : 685.0,
    "pct3ResTime" : 685.0,
    "throughput" : 0.015099154258622087,
    "receivedKBytesPerSec" : 0.15674219704018827,
    "sentKBytesPerSec" : 0.032926183065921016
  },
  "SC01_ShoppingFish_TS12_ClickonConfirm" : {
    "transaction" : "SC01_ShoppingFish_TS12_ClickonConfirm",
    "sampleCount" : 6,
    "errorCount" : 1,
    "errorPct" : 16.666666,
    "meanResTime" : 271.6666666666667,
    "medianResTime" : 245.5,
    "minResTime" : 185.0,
    "maxResTime" : 435.0,
    "pct1ResTime" : 435.0,
    "pct2ResTime" : 435.0,
    "pct3ResTime" : 435.0,
    "throughput" : 0.016908552909680147,
    "receivedKBytesPerSec" : 0.11693155999013667,
    "sentKBytesPerSec" : 0.01025411265323376
  },
  "SC05_ShoppingBirds_TS08_ClickonAddtocart" : {
    "transaction" : "SC05_ShoppingBirds_TS08_ClickonAddtocart",
    "sampleCount" : 7,
    "errorCount" : 0,
    "errorPct" : 0.0,
    "meanResTime" : 208.57142857142858,
    "medianResTime" : 199.0,
    "minResTime" : 163.0,
    "maxResTime" : 279.0,
    "pct1ResTime" : 279.0,
    "pct2ResTime" : 279.0,
    "pct3ResTime" : 279.0,
    "throughput" : 0.01337079703321115,
    "receivedKBytesPerSec" : 0.0636717056266224,
    "sentKBytesPerSec" : 0.008578724268378638
  },
  "SC06_Search_TS07_SelectItemID" : {
    "transaction" : "SC06_Search_TS07_SelectItemID",
    "sampleCount" : 8,
    "errorCount" : 0,
    "errorPct" : 0.0,
    "meanResTime" : 575.25,
    "medianResTime" : 572.0,
    "minResTime" : 479.0,
    "maxResTime" : 661.0,
    "pct1ResTime" : 661.0,
    "pct2ResTime" : 661.0,
    "pct3ResTime" : 661.0,
    "throughput" : 0.01513242765753803,
    "receivedKBytesPerSec" : 0.05786232470028335,
    "sentKBytesPerSec" : 0.009686822587418141
  },
  "SC08_AddToCartDeleteCart_TS01_Launch" : {
    "transaction" : "SC08_AddToCartDeleteCart_TS01_Launch",
    "sampleCount" : 8,
    "errorCount" : 0,
    "errorPct" : 0.0,
    "meanResTime" : 647.125,
    "medianResTime" : 624.0,
    "minResTime" : 519.0,
    "maxResTime" : 815.0,
    "pct1ResTime" : 815.0,
    "pct2ResTime" : 815.0,
    "pct3ResTime" : 815.0,
    "throughput" : 0.01711288514687134,
    "receivedKBytesPerSec" : 0.024265536360602715,
    "sentKBytesPerSec" : 0.009070330481898847
  },
  "SC04_ShoppingReptiles_TS09_UpdateQuantityandClickonUpdatecart" : {
    "transaction" : "SC04_ShoppingReptiles_TS09_UpdateQuantityandClickonUpdatecart",
    "sampleCount" : 6,
    "errorCount" : 0,
    "errorPct" : 0.0,
    "meanResTime" : 209.33333333333334,
    "medianResTime" : 216.0,
    "minResTime" : 170.0,
    "maxResTime" : 240.0,
    "pct1ResTime" : 240.0,
    "pct2ResTime" : 240.0,
    "pct3ResTime" : 240.0,
    "throughput" : 0.016947189732262648,
    "receivedKBytesPerSec" : 0.08066740945963885,
    "sentKBytesPerSec" : 0.01588799037399623
  },
  "SC03_ShoppingCats_TS13_ClickonSignout" : {
    "transaction" : "SC03_ShoppingCats_TS13_ClickonSignout",
    "sampleCount" : 6,
    "errorCount" : 0,
    "errorPct" : 0.0,
    "meanResTime" : 612.1666666666667,
    "medianResTime" : 625.5,
    "minResTime" : 497.0,
    "maxResTime" : 665.0,
    "pct1ResTime" : 665.0,
    "pct2ResTime" : 665.0,
    "pct3ResTime" : 665.0,
    "throughput" : 0.016878254338414625,
    "receivedKBytesPerSec" : 0.1689638527569222,
    "sentKBytesPerSec" : 0.030954454733928383
  },
  "SC01_ShoppingFish_TS03_ClickonSignin/actions/Account.action;jsessionid=34F99D495B390338C9E133C417A8040F-37" : {
    "transaction" : "SC01_ShoppingFish_TS03_ClickonSignin/actions/Account.action;jsessionid=34F99D495B390338C9E133C417A8040F-37",
    "sampleCount" : 79,
    "errorCount" : 0,
    "errorPct" : 0.0,
    "meanResTime" : 244.30379746835433,
    "medianResTime" : 228.0,
    "minResTime" : 162.0,
    "maxResTime" : 1366.0,
    "pct1ResTime" : 280.0,
    "pct2ResTime" : 336.0,
    "pct3ResTime" : 1366.0,
    "throughput" : 0.13099618452885317,
    "receivedKBytesPerSec" : 0.5238568121539586,
    "sentKBytesPerSec" : 0.08391943071379655
  },
  "SC11_CreateAccount_TS04_ClickonRegisterNow/actions/Account.action-1" : {
    "transaction" : "SC11_CreateAccount_TS04_ClickonRegisterNow/actions/Account.action-1",
    "sampleCount" : 3,
    "errorCount" : 0,
    "errorPct" : 0.0,
    "meanResTime" : 247.0,
    "medianResTime" : 237.0,
    "minResTime" : 231.0,
    "maxResTime" : 273.0,
    "pct1ResTime" : 273.0,
    "pct2ResTime" : 273.0,
    "pct3ResTime" : 273.0,
    "throughput" : 0.006449227382559569,
    "receivedKBytesPerSec" : 0.038153729964400265,
    "sentKBytesPerSec" : 0.0039551902307103605
  },
  "Login/actions/Account.action-40-1" : {
    "transaction" : "Login/actions/Account.action-40-1",
    "sampleCount" : 8,
    "errorCount" : 0,
    "errorPct" : 0.0,
    "meanResTime" : 205.0,
    "medianResTime" : 199.5,
    "minResTime" : 184.0,
    "maxResTime" : 235.0,
    "pct1ResTime" : 235.0,
    "pct2ResTime" : 235.0,
    "pct3ResTime" : 235.0,
    "throughput" : 0.015110590635211455,
    "receivedKBytesPerSec" : 0.07673346806943317,
    "sentKBytesPerSec" : 0.010152428083032697
  },
  "Login/actions/Account.action-40-0" : {
    "transaction" : "Login/actions/Account.action-40-0",
    "sampleCount" : 8,
    "errorCount" : 0,
    "errorPct" : 0.0,
    "meanResTime" : 221.25,
    "medianResTime" : 221.0,
    "minResTime" : 182.0,
    "maxResTime" : 255.0,
    "pct1ResTime" : 255.0,
    "pct2ResTime" : 255.0,
    "pct3ResTime" : 255.0,
    "throughput" : 0.01511050501196563,
    "receivedKBytesPerSec" : 0.003393961086671968,
    "sentKBytesPerSec" : 0.013944753160456564
  },
  "ClickonSignout/actions/Catalog.action-57" : {
    "transaction" : "ClickonSignout/actions/Catalog.action-57",
    "sampleCount" : 6,
    "errorCount" : 0,
    "errorPct" : 0.0,
    "meanResTime" : 197.5,
    "medianResTime" : 206.5,
    "minResTime" : 145.0,
    "maxResTime" : 246.0,
    "pct1ResTime" : 246.0,
    "pct2ResTime" : 246.0,
    "pct3ResTime" : 246.0,
    "throughput" : 0.01691289015923486,
    "receivedKBytesPerSec" : 0.08213652613464352,
    "sentKBytesPerSec" : 0.010289775946487615
  },
  "SC01_ShoppingFish_TS02_ClickonEntertheStore" : {
    "transaction" : "SC01_ShoppingFish_TS02_ClickonEntertheStore",
    "sampleCount" : 8,
    "errorCount" : 0,
    "errorPct" : 0.0,
    "meanResTime" : 241.25,
    "medianResTime" : 240.5,
    "minResTime" : 220.0,
    "maxResTime" : 268.0,
    "pct1ResTime" : 268.0,
    "pct2ResTime" : 268.0,
    "pct3ResTime" : 268.0,
    "throughput" : 0.01510816501893242,
    "receivedKBytesPerSec" : 0.07592074233024561,
    "sentKBytesPerSec" : 0.008332359564884848
  },
  "SC01_ShoppingFish_TS11_EnterPaymentsDetailsandClickonContinue" : {
    "transaction" : "SC01_ShoppingFish_TS11_EnterPaymentsDetailsandClickonContinue",
    "sampleCount" : 6,
    "errorCount" : 0,
    "errorPct" : 0.0,
    "meanResTime" : 229.5,
    "medianResTime" : 225.5,
    "minResTime" : 187.0,
    "maxResTime" : 291.0,
    "pct1ResTime" : 291.0,
    "pct2ResTime" : 291.0,
    "pct3ResTime" : 291.0,
    "throughput" : 0.01691899467333651,
    "receivedKBytesPerSec" : 0.07796946861667481,
    "sentKBytesPerSec" : 0.020867861594164077
  },
  "SC09_OpenCart_TS05_OpenCart" : {
    "transaction" : "SC09_OpenCart_TS05_OpenCart",
    "sampleCount" : 10,
    "errorCount" : 0,
    "errorPct" : 0.0,
    "meanResTime" : 220.5,
    "medianResTime" : 226.0,
    "minResTime" : 174.0,
    "maxResTime" : 248.0,
    "pct1ResTime" : 247.5,
    "pct2ResTime" : 248.0,
    "pct3ResTime" : 248.0,
    "throughput" : 0.02194874091047767,
    "receivedKBytesPerSec" : 0.09521123742611505,
    "sentKBytesPerSec" : 0.01388943760741165
  },
  "ClickonFish/actions/Catalog.action-43" : {
    "transaction" : "ClickonFish/actions/Catalog.action-43",
    "sampleCount" : 8,
    "errorCount" : 0,
    "errorPct" : 0.0,
    "meanResTime" : 231.5,
    "medianResTime" : 240.5,
    "minResTime" : 182.0,
    "maxResTime" : 261.0,
    "pct1ResTime" : 261.0,
    "pct2ResTime" : 261.0,
    "pct3ResTime" : 261.0,
    "throughput" : 0.015112189113934572,
    "receivedKBytesPerSec" : 0.06086198037682243,
    "sentKBytesPerSec" : 0.00929753822439334
  },
  "SC04_ShoppingReptiles_TS07_SelectItemID" : {
    "transaction" : "SC04_ShoppingReptiles_TS07_SelectItemID",
    "sampleCount" : 8,
    "errorCount" : 0,
    "errorPct" : 0.0,
    "meanResTime" : 625.125,
    "medianResTime" : 639.0,
    "minResTime" : 546.0,
    "maxResTime" : 670.0,
    "pct1ResTime" : 670.0,
    "pct2ResTime" : 670.0,
    "pct3ResTime" : 670.0,
    "throughput" : 0.015130252561740887,
    "receivedKBytesPerSec" : 0.05908777343203302,
    "sentKBytesPerSec" : 0.009692818047365256
  },
  "SC08_AddToCartDeleteCart_TS09_ClickonRemove/actions/Cart.action-1" : {
    "transaction" : "SC08_AddToCartDeleteCart_TS09_ClickonRemove/actions/Cart.action-1",
    "sampleCount" : 8,
    "errorCount" : 0,
    "errorPct" : 0.0,
    "meanResTime" : 213.625,
    "medianResTime" : 207.0,
    "minResTime" : 165.0,
    "maxResTime" : 298.0,
    "pct1ResTime" : 298.0,
    "pct2ResTime" : 298.0,
    "pct3ResTime" : 298.0,
    "throughput" : 0.017130254170146252,
    "receivedKBytesPerSec" : 0.07430916896854457,
    "sentKBytesPerSec" : 0.010614400655232222
  },
  "SC04_ShoppingReptiles_TS05_ClickonReptiles" : {
    "transaction" : "SC04_ShoppingReptiles_TS05_ClickonReptiles",
    "sampleCount" : 8,
    "errorCount" : 0,
    "errorPct" : 0.0,
    "meanResTime" : 240.25,
    "medianResTime" : 235.5,
    "minResTime" : 208.0,
    "maxResTime" : 278.0,
    "pct1ResTime" : 278.0,
    "pct2ResTime" : 278.0,
    "pct3ResTime" : 278.0,
    "throughput" : 0.015142223332651932,
    "receivedKBytesPerSec" : 0.057138233356803785,
    "sentKBytesPerSec" : 0.009375165618067702
  },
  "SC10_LoginLogout_TS04_Login" : {
    "transaction" : "SC10_LoginLogout_TS04_Login",
    "sampleCount" : 6,
    "errorCount" : 0,
    "errorPct" : 0.0,
    "meanResTime" : 587.3333333333334,
    "medianResTime" : 593.5,
    "minResTime" : 491.0,
    "maxResTime" : 629.0,
    "pct1ResTime" : 629.0,
    "pct2ResTime" : 629.0,
    "pct3ResTime" : 629.0,
    "throughput" : 0.011720169239243815,
    "receivedKBytesPerSec" : 0.12166542872379077,
    "sentKBytesPerSec" : 0.025557751866436954
  },
  "SC04_ShoppingReptiles_TS04_Login" : {
    "transaction" : "SC04_ShoppingReptiles_TS04_Login",
    "sampleCount" : 8,
    "errorCount" : 0,
    "errorPct" : 0.0,
    "meanResTime" : 598.25,
    "medianResTime" : 623.0,
    "minResTime" : 525.0,
    "maxResTime" : 650.0,
    "pct1ResTime" : 650.0,
    "pct2ResTime" : 650.0,
    "pct3ResTime" : 650.0,
    "throughput" : 0.015130910748431587,
    "receivedKBytesPerSec" : 0.1571014092551998,
    "sentKBytesPerSec" : 0.03302498586205527
  },
  "SC08_AddToCartDeleteCart_TS04_Login" : {
    "transaction" : "SC08_AddToCartDeleteCart_TS04_Login",
    "sampleCount" : 8,
    "errorCount" : 0,
    "errorPct" : 0.0,
    "meanResTime" : 602.375,
    "medianResTime" : 625.0,
    "minResTime" : 510.0,
    "maxResTime" : 687.0,
    "pct1ResTime" : 687.0,
    "pct2ResTime" : 687.0,
    "pct3ResTime" : 687.0,
    "throughput" : 0.01712108890125412,
    "receivedKBytesPerSec" : 0.17773161623079228,
    "sentKBytesPerSec" : 0.03733534327783247
  },
  "SC11_CreateAccount_TS05_EnterAccInfoandclickonSave/actions/Account.action-2-0" : {
    "transaction" : "SC11_CreateAccount_TS05_EnterAccInfoandclickonSave/actions/Account.action-2-0",
    "sampleCount" : 3,
    "errorCount" : 0,
    "errorPct" : 0.0,
    "meanResTime" : 214.66666666666666,
    "medianResTime" : 238.0,
    "minResTime" : 162.0,
    "maxResTime" : 244.0,
    "pct1ResTime" : 244.0,
    "pct2ResTime" : 244.0,
    "pct3ResTime" : 244.0,
    "throughput" : 0.006449560139998452,
    "receivedKBytesPerSec" : 0.0014486316720699647,
    "sentKBytesPerSec" : 0.009290137896970425
  },
  "SC11_CreateAccount_TS05_EnterAccInfoandclickonSave/actions/Account.action-2-1" : {
    "transaction" : "SC11_CreateAccount_TS05_EnterAccInfoandclickonSave/actions/Account.action-2-1",
    "sampleCount" : 3,
    "errorCount" : 0,
    "errorPct" : 0.0,
    "meanResTime" : 208.0,
    "medianResTime" : 210.0,
    "minResTime" : 188.0,
    "maxResTime" : 226.0,
    "pct1ResTime" : 226.0,
    "pct2ResTime" : 226.0,
    "pct3ResTime" : 226.0,
    "throughput" : 0.006449199654322899,
    "receivedKBytesPerSec" : 0.03132018543061306,
    "sentKBytesPerSec" : 0.004433824762346993
  },
  "SC01_ShoppingFish_TS11_EnterPaymentsDetailsandClickonContinue/actions/Order.action-53" : {
    "transaction" : "SC01_ShoppingFish_TS11_EnterPaymentsDetailsandClickonContinue/actions/Order.action-53",
    "sampleCount" : 30,
    "errorCount" : 0,
    "errorPct" : 0.0,
    "meanResTime" : 202.8333333333333,
    "medianResTime" : 192.0,
    "minResTime" : 162.0,
    "maxResTime" : 286.0,
    "pct1ResTime" : 240.0,
    "pct2ResTime" : 283.8,
    "pct3ResTime" : 286.0,
    "throughput" : 0.08054145334367843,
    "receivedKBytesPerSec" : 0.3701131473183723,
    "sentKBytesPerSec" : 0.09933970270807213
  },
  "SC09_OpenCart_TS02_ClickonEntertheStore" : {
    "transaction" : "SC09_OpenCart_TS02_ClickonEntertheStore",
    "sampleCount" : 12,
    "errorCount" : 0,
    "errorPct" : 0.0,
    "meanResTime" : 235.33333333333334,
    "medianResTime" : 237.5,
    "minResTime" : 174.0,
    "maxResTime" : 285.0,
    "pct1ResTime" : 284.7,
    "pct2ResTime" : 285.0,
    "pct3ResTime" : 285.0,
    "throughput" : 0.021123562277542487,
    "receivedKBytesPerSec" : 0.104961138146337,
    "sentKBytesPerSec" : 0.011741042509408786
  },
  "SC01_ShoppingFish_TS05_ClickonFish" : {
    "transaction" : "SC01_ShoppingFish_TS05_ClickonFish",
    "sampleCount" : 8,
    "errorCount" : 0,
    "errorPct" : 0.0,
    "meanResTime" : 231.5,
    "medianResTime" : 240.5,
    "minResTime" : 182.0,
    "maxResTime" : 261.0,
    "pct1ResTime" : 261.0,
    "pct2ResTime" : 261.0,
    "pct3ResTime" : 261.0,
    "throughput" : 0.01511216056670602,
    "receivedKBytesPerSec" : 0.06086186540731995,
    "sentKBytesPerSec" : 0.009297520661157025
  },
  "SC04_ShoppingReptiles_TS11_EnterPaymentsDetailsandClickonContinue" : {
    "transaction" : "SC04_ShoppingReptiles_TS11_EnterPaymentsDetailsandClickonContinue",
    "sampleCount" : 6,
    "errorCount" : 0,
    "errorPct" : 0.0,
    "meanResTime" : 192.0,
    "medianResTime" : 183.5,
    "minResTime" : 162.0,
    "maxResTime" : 240.0,
    "pct1ResTime" : 240.0,
    "pct2ResTime" : 240.0,
    "pct3ResTime" : 240.0,
    "throughput" : 0.016952121558012984,
    "receivedKBytesPerSec" : 0.07825456894992909,
    "sentKBytesPerSec" : 0.02090872024196328
  },
  "SC03_ShoppingCats_TS07_SelectItemID" : {
    "transaction" : "SC03_ShoppingCats_TS07_SelectItemID",
    "sampleCount" : 8,
    "errorCount" : 0,
    "errorPct" : 0.0,
    "meanResTime" : 649.875,
    "medianResTime" : 644.0,
    "minResTime" : 474.0,
    "maxResTime" : 769.0,
    "pct1ResTime" : 769.0,
    "pct2ResTime" : 769.0,
    "pct3ResTime" : 769.0,
    "throughput" : 0.015101320421704372,
    "receivedKBytesPerSec" : 0.05908539088824079,
    "sentKBytesPerSec" : 0.009689030778378684
  },
  "SC05_ShoppingBirds_TS10_ClickonProceedtoCheckout" : {
    "transaction" : "SC05_ShoppingBirds_TS10_ClickonProceedtoCheckout",
    "sampleCount" : 6,
    "errorCount" : 0,
    "errorPct" : 0.0,
    "meanResTime" : 158.33333333333331,
    "medianResTime" : 151.0,
    "minResTime" : 147.0,
    "maxResTime" : 197.0,
    "pct1ResTime" : 197.0,
    "pct2ResTime" : 197.0,
    "pct3ResTime" : 197.0,
    "throughput" : 0.01694503595171794,
    "receivedKBytesPerSec" : 0.0926019738142711,
    "sentKBytesPerSec" : 0.010077662983004129
  },
  "SC02_ShoppingDogs_TS03_ClickonSignin" : {
    "transaction" : "SC02_ShoppingDogs_TS03_ClickonSignin",
    "sampleCount" : 8,
    "errorCount" : 0,
    "errorPct" : 0.0,
    "meanResTime" : 378.75,
    "medianResTime" : 242.0,
    "minResTime" : 187.0,
    "maxResTime" : 1366.0,
    "pct1ResTime" : 1366.0,
    "pct2ResTime" : 1366.0,
    "pct3ResTime" : 1366.0,
    "throughput" : 0.015143656511583004,
    "receivedKBytesPerSec" : 0.0605561401375044,
    "sentKBytesPerSec" : 0.009701404952732862
  },
  "SC06_Search_TS02_ClickonEntertheStore" : {
    "transaction" : "SC06_Search_TS02_ClickonEntertheStore",
    "sampleCount" : 8,
    "errorCount" : 0,
    "errorPct" : 0.0,
    "meanResTime" : 234.875,
    "medianResTime" : 234.0,
    "minResTime" : 194.0,
    "maxResTime" : 265.0,
    "pct1ResTime" : 265.0,
    "pct2ResTime" : 265.0,
    "pct3ResTime" : 265.0,
    "throughput" : 0.015134832438486364,
    "receivedKBytesPerSec" : 0.07605475001986446,
    "sentKBytesPerSec" : 0.008347067011362475
  },
  "ClickonSignin/actions/Account.action;jsessionid=34F99D495B390338C9E133C417A8040F-37" : {
    "transaction" : "ClickonSignin/actions/Account.action;jsessionid=34F99D495B390338C9E133C417A8040F-37",
    "sampleCount" : 8,
    "errorCount" : 0,
    "errorPct" : 0.0,
    "meanResTime" : 255.125,
    "medianResTime" : 238.5,
    "minResTime" : 196.0,
    "maxResTime" : 398.0,
    "pct1ResTime" : 398.0,
    "pct2ResTime" : 398.0,
    "pct3ResTime" : 398.0,
    "throughput" : 0.0151101625286857,
    "receivedKBytesPerSec" : 0.06044065011474279,
    "sentKBytesPerSec" : 0.009679947869939275
  },
  "Total" : {
    "transaction" : "Total",
    "sampleCount" : 1296,
    "errorCount" : 4,
    "errorPct" : 0.30864197,
    "meanResTime" : 291.01543209876496,
    "medianResTime" : 228.0,
    "minResTime" : 142.0,
    "maxResTime" : 1366.0,
    "pct1ResTime" : 546.3,
    "pct2ResTime" : 629.2999999999997,
    "pct3ResTime" : 842.0,
    "throughput" : 2.029061292994259,
    "receivedKBytesPerSec" : 8.251288724482126,
    "sentKBytesPerSec" : 1.5397181947382181
  },
  "SC11_CreateAccount_TS05_EnterAccInfoandclickonSave/actions/Catalog.action-3" : {
    "transaction" : "SC11_CreateAccount_TS05_EnterAccInfoandclickonSave/actions/Catalog.action-3",
    "sampleCount" : 3,
    "errorCount" : 0,
    "errorPct" : 0.0,
    "meanResTime" : 188.33333333333334,
    "medianResTime" : 193.0,
    "minResTime" : 149.0,
    "maxResTime" : 223.0,
    "pct1ResTime" : 223.0,
    "pct2ResTime" : 223.0,
    "pct3ResTime" : 223.0,
    "throughput" : 0.0064492551110346755,
    "receivedKBytesPerSec" : 0.03132045475310102,
    "sentKBytesPerSec" : 0.0038796300277317967
  },
  "SC08_AddToCartDeleteCart_TS10_ClickonSignout" : {
    "transaction" : "SC08_AddToCartDeleteCart_TS10_ClickonSignout",
    "sampleCount" : 8,
    "errorCount" : 0,
    "errorPct" : 0.0,
    "meanResTime" : 594.5,
    "medianResTime" : 587.0,
    "minResTime" : 524.0,
    "maxResTime" : 694.0,
    "pct1ResTime" : 694.0,
    "pct2ResTime" : 694.0,
    "pct3ResTime" : 694.0,
    "throughput" : 0.017115631064014602,
    "receivedKBytesPerSec" : 0.17134016995821647,
    "sentKBytesPerSec" : 0.0313897999396674
  },
  "SC02_ShoppingDogs_TS05_ClickonDogs" : {
    "transaction" : "SC02_ShoppingDogs_TS05_ClickonDogs",
    "sampleCount" : 8,
    "errorCount" : 0,
    "errorPct" : 0.0,
    "meanResTime" : 227.625,
    "medianResTime" : 230.5,
    "minResTime" : 183.0,
    "maxResTime" : 253.0,
    "pct1ResTime" : 253.0,
    "pct2ResTime" : 253.0,
    "pct3ResTime" : 253.0,
    "throughput" : 0.015180957007529755,
    "receivedKBytesPerSec" : 0.06534927586835074,
    "sentKBytesPerSec" : 0.00933984659642944
  }
}