{
  "ClickonAddtocart/actions/Cart.action-48" : {
    "transaction" : "ClickonAddtocart/actions/Cart.action-48",
    "sampleCount" : 10,
    "errorCount" : 0,
    "errorPct" : 0.0,
    "meanResTime" : 231.1,
    "medianResTime" : 233.5,
    "minResTime" : 186.0,
    "maxResTime" : 267.0,
    "pct1ResTime" : 265.8,
    "pct2ResTime" : 267.0,
    "pct3ResTime" : 267.0,
    "throughput" : 0.01905698419413731,
    "receivedKBytesPerSec" : 0.09056906179608265,
    "sentKBytesPerSec" : 0.012197214297692962
  },
  "SC04_ShoppingReptiles_TS13_ClickonSignout" : {
    "transaction" : "SC04_ShoppingReptiles_TS13_ClickonSignout",
    "sampleCount" : 9,
    "errorCount" : 0,
    "errorPct" : 0.0,
    "meanResTime" : 588.3333333333334,
    "medianResTime" : 560.0,
    "minResTime" : 493.0,
    "maxResTime" : 712.0,
    "pct1ResTime" : 712.0,
    "pct2ResTime" : 712.0,
    "pct3ResTime" : 712.0,
    "throughput" : 0.02512611915922422,
    "receivedKBytesPerSec" : 0.2515311010753979,
    "sentKBytesPerSec" : 0.04608090994240535
  },
  "SC05_ShoppingBirds_TS01_Launch" : {
    "transaction" : "SC05_ShoppingBirds_TS01_Launch",
    "sampleCount" : 12,
    "errorCount" : 0,
    "errorPct" : 0.0,
    "meanResTime" : 653.8333333333334,
    "medianResTime" : 632.5,
    "minResTime" : 457.0,
    "maxResTime" : 882.0,
    "pct1ResTime" : 870.3000000000001,
    "pct2ResTime" : 882.0,
    "pct3ResTime" : 882.0,
    "throughput" : 0.02248142472282277,
    "receivedKBytesPerSec" : 0.0318779577124401,
    "sentKBytesPerSec" : 0.011915813738585994
  },
  "SC08_AddToCartDeleteCart_TS03_ClickonSignin" : {
    "transaction" : "SC08_AddToCartDeleteCart_TS03_ClickonSignin",
    "sampleCount" : 12,
    "errorCount" : 0,
    "errorPct" : 0.0,
    "meanResTime" : 242.66666666666666,
    "medianResTime" : 239.0,
    "minResTime" : 188.0,
    "maxResTime" : 328.0,
    "pct1ResTime" : 321.70000000000005,
    "pct2ResTime" : 328.0,
    "pct3ResTime" : 328.0,
    "throughput" : 0.025417643657344745,
    "receivedKBytesPerSec" : 0.1016498896980172,
    "sentKBytesPerSec" : 0.01628317796798648
  },
  "SC06_Search_TS01_Launch" : {
    "transaction" : "SC06_Search_TS01_Launch",
    "sampleCount" : 12,
    "errorCount" : 0,
    "errorPct" : 0.0,
    "meanResTime" : 648.8333333333333,
    "medianResTime" : 573.5,
    "minResTime" : 473.0,
    "maxResTime" : 888.0,
    "pct1ResTime" : 883.2,
    "pct2ResTime" : 888.0,
    "pct3ResTime" : 888.0,
    "throughput" : 0.022487828462844486,
    "receivedKBytesPerSec" : 0.03188703801567402,
    "sentKBytesPerSec" : 0.011919207908407076
  },
  "SelectProductID/actions/Catalog.action-44" : {
    "transaction" : "SelectProductID/actions/Catalog.action-44",
    "sampleCount" : 12,
    "errorCount" : 0,
    "errorPct" : 0.0,
    "meanResTime" : 235.99999999999997,
    "medianResTime" : 231.0,
    "minResTime" : 210.0,
    "maxResTime" : 277.0,
    "pct1ResTime" : 273.40000000000003,
    "pct2ResTime" : 277.0,
    "pct3ResTime" : 277.0,
    "throughput" : 0.022468165418123194,
    "receivedKBytesPerSec" : 0.09283294486031353,
    "sentKBytesPerSec" : 0.014525317877731987
  },
  "SC06_Search_TS06_SelectProductID" : {
    "transaction" : "SC06_Search_TS06_SelectProductID",
    "sampleCount" : 12,
    "errorCount" : 0,
    "errorPct" : 0.0,
    "meanResTime" : 176.00000000000003,
    "medianResTime" : 168.5,
    "minResTime" : 156.0,
    "maxResTime" : 223.0,
    "pct1ResTime" : 216.70000000000002,
    "pct2ResTime" : 223.0,
    "pct3ResTime" : 223.0,
    "throughput" : 0.02252011327616978,
    "receivedKBytesPerSec" : 0.0950946970763263,
    "sentKBytesPerSec" : 0.013899132412636036
  },
  "UpdateQuantityandClickonUpdatecart/actions/Cart.action-49" : {
    "transaction" : "UpdateQuantityandClickonUpdatecart/actions/Cart.action-49",
    "sampleCount" : 9,
    "errorCount" : 0,
    "errorPct" : 0.0,
    "meanResTime" : 255.33333333333337,
    "medianResTime" : 244.0,
    "minResTime" : 229.0,
    "maxResTime" : 313.0,
    "pct1ResTime" : 313.0,
    "pct2ResTime" : 313.0,
    "pct3ResTime" : 313.0,
    "throughput" : 0.025040203437741708,
    "receivedKBytesPerSec" : 0.11901432630028211,
    "sentKBytesPerSec" : 0.023437152219396698
  },
  "SC01_ShoppingFish_TS03_ClickonSignin" : {
    "transaction" : "SC01_ShoppingFish_TS03_ClickonSignin",
    "sampleCount" : 12,
    "errorCount" : 0,
    "errorPct" : 0.0,
    "meanResTime" : 232.58333333333334,
    "medianResTime" : 233.5,
    "minResTime" : 206.0,
    "maxResTime" : 255.0,
    "pct1ResTime" : 253.5,
    "pct2ResTime" : 255.0,
    "pct3ResTime" : 255.0,
    "throughput" : 0.022469385462307607,
    "receivedKBytesPerSec" : 0.08986291334307007,
    "sentKBytesPerSec" : 0.014394450061790812
  },
  "SC03_ShoppingCats_TS06_SelectProductID" : {
    "transaction" : "SC03_ShoppingCats_TS06_SelectProductID",
    "sampleCount" : 12,
    "errorCount" : 0,
    "errorPct" : 0.0,
    "meanResTime" : 217.83333333333331,
    "medianResTime" : 210.0,
    "minResTime" : 167.0,
    "maxResTime" : 283.0,
    "pct1ResTime" : 283.0,
    "pct2ResTime" : 283.0,
    "pct3ResTime" : 283.0,
    "throughput" : 0.02250562640660165,
    "receivedKBytesPerSec" : 0.09465256939234808,
    "sentKBytesPerSec" : 0.01457151397224306
  },
  "SC01_ShoppingFish_TS07_SelectItemID/actions/Catalog.action-46" : {
    "transaction" : "SC01_ShoppingFish_TS07_SelectItemID/actions/Catalog.action-46",
    "sampleCount" : 72,
    "errorCount" : 0,
    "errorPct" : 0.0,
    "meanResTime" : 576.6388888888893,
    "medianResTime" : 597.0,
    "minResTime" : 442.0,
    "maxResTime" : 767.0,
    "pct1ResTime" : 674.4,
    "pct2ResTime" : 733.4499999999999,
    "pct3ResTime" : 767.0,
    "throughput" : 0.1301869086214472,
    "receivedKBytesPerSec" : 0.5091270826515095,
    "sentKBytesPerSec" : 0.08339392524378401
  },
  "SC07_OpenMyOrders_TS05_ClickOnMyAccount" : {
    "transaction" : "SC07_OpenMyOrders_TS05_ClickOnMyAccount",
    "sampleCount" : 15,
    "errorCount" : 0,
    "errorPct" : 0.0,
    "meanResTime" : 212.26666666666668,
    "medianResTime" : 200.0,
    "minResTime" : 170.0,
    "maxResTime" : 294.0,
    "pct1ResTime" : 279.0,
    "pct2ResTime" : 294.0,
    "pct3ResTime" : 294.0,
    "throughput" : 0.029856212480692982,
    "receivedKBytesPerSec" : 0.19008066526607856,
    "sentKBytesPerSec" : 0.017989534277917548
  },
  "SC02_ShoppingDogs_TS12_ClickonConfirm" : {
    "transaction" : "SC02_ShoppingDogs_TS12_ClickonConfirm",
    "sampleCount" : 9,
    "errorCount" : 0,
    "errorPct" : 0.0,
    "meanResTime" : 228.88888888888889,
    "medianResTime" : 225.0,
    "minResTime" : 178.0,
    "maxResTime" : 309.0,
    "pct1ResTime" : 309.0,
    "pct2ResTime" : 309.0,
    "pct3ResTime" : 309.0,
    "throughput" : 0.025089625718539003,
    "receivedKBytesPerSec" : 0.13340297737194534,
    "sentKBytesPerSec" : 0.015215485909387422
  },
  "SC01_ShoppingFish_TS01_Launch" : {
    "transaction" : "SC01_ShoppingFish_TS01_Launch",
    "sampleCount" : 12,
    "errorCount" : 0,
    "errorPct" : 0.0,
    "meanResTime" : 723.2500000000001,
    "medianResTime" : 685.5,
    "minResTime" : 490.0,
    "maxResTime" : 1265.0,
    "pct1ResTime" : 1151.9000000000003,
    "pct2ResTime" : 1265.0,
    "pct3ResTime" : 1265.0,
    "throughput" : 0.022424122375910512,
    "receivedKBytesPerSec" : 0.03179670477521686,
    "sentKBytesPerSec" : 0.011885441815942803
  },
  "SC01_ShoppingFish_TS01_Launch/" : {
    "transaction" : "SC01_ShoppingFish_TS01_Launch/",
    "sampleCount" : 120,
    "errorCount" : 0,
    "errorPct" : 0.0,
    "meanResTime" : 649.4583333333334,
    "medianResTime" : 620.0,
    "minResTime" : 444.0,
    "maxResTime" : 897.0,
    "pct1ResTime" : 842.5,
    "pct2ResTime" : 871.8,
    "pct3ResTime" : 895.3199999999999,
    "throughput" : 0.19731357566728983,
    "receivedKBytesPerSec" : 0.2797844842469774,
    "sentKBytesPerSec" : 0.10483728875115306
  },
  "SC11_CreateAccount_TS04_ClickonRegisterNow" : {
    "transaction" : "SC11_CreateAccount_TS04_ClickonRegisterNow",
    "sampleCount" : 3,
    "errorCount" : 0,
    "errorPct" : 0.0,
    "meanResTime" : 241.33333333333334,
    "medianResTime" : 228.0,
    "minResTime" : 173.0,
    "maxResTime" : 323.0,
    "pct1ResTime" : 323.0,
    "pct2ResTime" : 323.0,
    "pct3ResTime" : 323.0,
    "throughput" : 0.006445513922310072,
    "receivedKBytesPerSec" : 0.038144349969920936,
    "sentKBytesPerSec" : 0.003952912835166724
  },
  "SC08_AddToCartDeleteCart_TS06_SelectProductID" : {
    "transaction" : "SC08_AddToCartDeleteCart_TS06_SelectProductID",
    "sampleCount" : 12,
    "errorCount" : 0,
    "errorPct" : 0.0,
    "meanResTime" : 209.75000000000003,
    "medianResTime" : 190.0,
    "minResTime" : 169.0,
    "maxResTime" : 293.0,
    "pct1ResTime" : 281.00000000000006,
    "pct2ResTime" : 293.0,
    "pct3ResTime" : 293.0,
    "throughput" : 0.025411346166063147,
    "receivedKBytesPerSec" : 0.10281586170933654,
    "sentKBytesPerSec" : 0.016432174205366027
  },
  "SC01_ShoppingFish_TS08_ClickonAddtocart" : {
    "transaction" : "SC01_ShoppingFish_TS08_ClickonAddtocart",
    "sampleCount" : 10,
    "errorCount" : 0,
    "errorPct" : 0.0,
    "meanResTime" : 231.1,
    "medianResTime" : 233.5,
    "minResTime" : 186.0,
    "maxResTime" : 267.0,
    "pct1ResTime" : 265.8,
    "pct2ResTime" : 267.0,
    "pct3ResTime" : 267.0,
    "throughput" : 0.01905698419413731,
    "receivedKBytesPerSec" : 0.09056906179608265,
    "sentKBytesPerSec" : 0.012197214297692962
  },
  "SC07_OpenMyOrders_TS03_ClickonSignin" : {
    "transaction" : "SC07_OpenMyOrders_TS03_ClickonSignin",
    "sampleCount" : 15,
    "errorCount" : 0,
    "errorPct" : 0.0,
    "meanResTime" : 222.60000000000002,
    "medianResTime" : 215.0,
    "minResTime" : 166.0,
    "maxResTime" : 332.0,
    "pct1ResTime" : 309.8,
    "pct2ResTime" : 332.0,
    "pct3ResTime" : 332.0,
    "throughput" : 0.02985318205067478,
    "receivedKBytesPerSec" : 0.11937968757152324,
    "sentKBytesPerSec" : 0.019124694751213533
  },
  "SC02_ShoppingDogs_TS08_ClickonAddtocart" : {
    "transaction" : "SC02_ShoppingDogs_TS08_ClickonAddtocart",
    "sampleCount" : 10,
    "errorCount" : 0,
    "errorPct" : 0.0,
    "meanResTime" : 225.6,
    "medianResTime" : 228.5,
    "minResTime" : 179.0,
    "maxResTime" : 274.0,
    "pct1ResTime" : 271.7,
    "pct2ResTime" : 274.0,
    "pct3ResTime" : 274.0,
    "throughput" : 0.01906701292362136,
    "receivedKBytesPerSec" : 0.0907787188540344,
    "sentKBytesPerSec" : 0.012211081128233289
  },
  "SC11_CreateAccount_TS06_ClickonSignout" : {
    "transaction" : "SC11_CreateAccount_TS06_ClickonSignout",
    "sampleCount" : 3,
    "errorCount" : 0,
    "errorPct" : 0.0,
    "meanResTime" : 615.6666666666666,
    "medianResTime" : 633.0,
    "minResTime" : 551.0,
    "maxResTime" : 663.0,
    "pct1ResTime" : 663.0,
    "pct2ResTime" : 663.0,
    "pct3ResTime" : 663.0,
    "throughput" : 0.006439661445532271,
    "receivedKBytesPerSec" : 0.06446579050600713,
    "sentKBytesPerSec" : 0.011810238471396096
  },
  "SC04_ShoppingReptiles_TS01_Launch" : {
    "transaction" : "SC04_ShoppingReptiles_TS01_Launch",
    "sampleCount" : 12,
    "errorCount" : 0,
    "errorPct" : 0.0,
    "meanResTime" : 667.4166666666665,
    "medianResTime" : 652.5,
    "minResTime" : 506.0,
    "maxResTime" : 845.0,
    "pct1ResTime" : 838.4,
    "pct2ResTime" : 845.0,
    "pct3ResTime" : 845.0,
    "throughput" : 0.02249959219489147,
    "receivedKBytesPerSec" : 0.03190371862010001,
    "sentKBytesPerSec" : 0.011925443031032563
  },
  "SC06_Search_TS09_UpdateQuantityandClickonUpdatecart" : {
    "transaction" : "SC06_Search_TS09_UpdateQuantityandClickonUpdatecart",
    "sampleCount" : 9,
    "errorCount" : 0,
    "errorPct" : 0.0,
    "meanResTime" : 206.0,
    "medianResTime" : 189.0,
    "minResTime" : 165.0,
    "maxResTime" : 302.0,
    "pct1ResTime" : 302.0,
    "pct2ResTime" : 302.0,
    "pct3ResTime" : 302.0,
    "throughput" : 0.02507347922383652,
    "receivedKBytesPerSec" : 0.11955881559152516,
    "sentKBytesPerSec" : 0.02348462159940938
  },
  "SC09_OpenCart_TS04_Login" : {
    "transaction" : "SC09_OpenCart_TS04_Login",
    "sampleCount" : 17,
    "errorCount" : 0,
    "errorPct" : 0.0,
    "meanResTime" : 596.4705882352943,
    "medianResTime" : 608.0,
    "minResTime" : 496.0,
    "maxResTime" : 661.0,
    "pct1ResTime" : 659.4,
    "pct2ResTime" : 661.0,
    "pct3ResTime" : 661.0,
    "throughput" : 0.02988837570743148,
    "receivedKBytesPerSec" : 0.31026702516601234,
    "sentKBytesPerSec" : 0.06520569465859563
  },
  "SC06_Search_TS04_Login" : {
    "transaction" : "SC06_Search_TS04_Login",
    "sampleCount" : 12,
    "errorCount" : 0,
    "errorPct" : 0.0,
    "meanResTime" : 597.0000000000001,
    "medianResTime" : 599.0,
    "minResTime" : 457.0,
    "maxResTime" : 792.0,
    "pct1ResTime" : 780.3000000000001,
    "pct2ResTime" : 792.0,
    "pct3ResTime" : 792.0,
    "throughput" : 0.02250351617440225,
    "receivedKBytesPerSec" : 0.233693741209564,
    "sentKBytesPerSec" : 0.04916051336146273
  },
  "SC06_Search_TS03_ClickonSignin" : {
    "transaction" : "SC06_Search_TS03_ClickonSignin",
    "sampleCount" : 12,
    "errorCount" : 0,
    "errorPct" : 0.0,
    "meanResTime" : 198.33333333333331,
    "medianResTime" : 183.5,
    "minResTime" : 168.0,
    "maxResTime" : 307.0,
    "pct1ResTime" : 288.1000000000001,
    "pct2ResTime" : 307.0,
    "pct3ResTime" : 307.0,
    "throughput" : 0.02251816934789258,
    "receivedKBytesPerSec" : 0.09005435205844216,
    "sentKBytesPerSec" : 0.014425702238493683
  },
  "SC09_OpenCart_TS03_ClickonSignin" : {
    "transaction" : "SC09_OpenCart_TS03_ClickonSignin",
    "sampleCount" : 18,
    "errorCount" : 0,
    "errorPct" : 0.0,
    "meanResTime" : 212.77777777777777,
    "medianResTime" : 210.5,
    "minResTime" : 165.0,
    "maxResTime" : 281.0,
    "pct1ResTime" : 255.80000000000004,
    "pct2ResTime" : 281.0,
    "pct3ResTime" : 281.0,
    "throughput" : 0.03144066360760655,
    "receivedKBytesPerSec" : 0.12573536218771125,
    "sentKBytesPerSec" : 0.020141675123622943
  },
  "SC01_ShoppingFish_TS12_ClickonConfirm/actions/Order.action-55" : {
    "transaction" : "SC01_ShoppingFish_TS12_ClickonConfirm/actions/Order.action-55",
    "sampleCount" : 45,
    "errorCount" : 4,
    "errorPct" : 8.888889,
    "meanResTime" : 237.13333333333333,
    "medianResTime" : 225.0,
    "minResTime" : 177.0,
    "maxResTime" : 530.0,
    "pct1ResTime" : 318.99999999999994,
    "pct2ResTime" : 404.9,
    "pct3ResTime" : 530.0,
    "throughput" : 0.11900385836954136,
    "receivedKBytesPerSec" : 0.7347661838636057,
    "sentKBytesPerSec" : 0.07216933207762224
  },
  "SC05_ShoppingBirds_TS07_SelectItemID" : {
    "transaction" : "SC05_ShoppingBirds_TS07_SelectItemID",
    "sampleCount" : 12,
    "errorCount" : 0,
    "errorPct" : 0.0,
    "meanResTime" : 531.0833333333333,
    "medianResTime" : 510.0,
    "minResTime" : 442.0,
    "maxResTime" : 634.0,
    "pct1ResTime" : 630.4,
    "pct2ResTime" : 634.0,
    "pct3ResTime" : 634.0,
    "throughput" : 0.022487617755473394,
    "receivedKBytesPerSec" : 0.08790813854996093,
    "sentKBytesPerSec" : 0.014406130124600144
  },
  "SC02_ShoppingDogs_TS04_Login" : {
    "transaction" : "SC02_ShoppingDogs_TS04_Login",
    "sampleCount" : 12,
    "errorCount" : 0,
    "errorPct" : 0.0,
    "meanResTime" : 641.4166666666666,
    "medianResTime" : 645.5,
    "minResTime" : 532.0,
    "maxResTime" : 712.0,
    "pct1ResTime" : 709.9,
    "pct2ResTime" : 712.0,
    "pct3ResTime" : 712.0,
    "throughput" : 0.02247856107237722,
    "receivedKBytesPerSec" : 0.2334345883238861,
    "sentKBytesPerSec" : 0.049105997186433444
  },
  "SC07_OpenMyOrders_TS05_ClickOnMyAccount/actions/Account.action-1" : {
    "transaction" : "SC07_OpenMyOrders_TS05_ClickOnMyAccount/actions/Account.action-1",
    "sampleCount" : 15,
    "errorCount" : 0,
    "errorPct" : 0.0,
    "meanResTime" : 212.26666666666668,
    "medianResTime" : 200.0,
    "minResTime" : 170.0,
    "maxResTime" : 294.0,
    "pct1ResTime" : 279.0,
    "pct2ResTime" : 294.0,
    "pct3ResTime" : 294.0,
    "throughput" : 0.02985615305458302,
    "receivedKBytesPerSec" : 0.19008028692758291,
    "sentKBytesPerSec" : 0.017989498471364964
  },
  "SC03_ShoppingCats_TS01_Launch" : {
    "transaction" : "SC03_ShoppingCats_TS01_Launch",
    "sampleCount" : 12,
    "errorCount" : 0,
    "errorPct" : 0.0,
    "meanResTime" : 642.4166666666666,
    "medianResTime" : 615.5,
    "minResTime" : 493.0,
    "maxResTime" : 823.0,
    "pct1ResTime" : 811.3000000000001,
    "pct2ResTime" : 823.0,
    "pct3ResTime" : 823.0,
    "throughput" : 0.02247186803020968,
    "receivedKBytesPerSec" : 0.031864406620961384,
    "sentKBytesPerSec" : 0.01191074841151983
  },
  "EnterPaymentsDetailsandClickonContinue/actions/Order.action-53" : {
    "transaction" : "EnterPaymentsDetailsandClickonContinue/actions/Order.action-53",
    "sampleCount" : 9,
    "errorCount" : 0,
    "errorPct" : 0.0,
    "meanResTime" : 231.66666666666666,
    "medianResTime" : 240.0,
    "minResTime" : 172.0,
    "maxResTime" : 299.0,
    "pct1ResTime" : 299.0,
    "pct2ResTime" : 299.0,
    "pct3ResTime" : 299.0,
    "throughput" : 0.02504961214850523,
    "receivedKBytesPerSec" : 0.11543859348515255,
    "sentKBytesPerSec" : 0.030896152483947375
  },
  "SC02_ShoppingDogs_TS13_ClickonSignout" : {
    "transaction" : "SC02_ShoppingDogs_TS13_ClickonSignout",
    "sampleCount" : 9,
    "errorCount" : 0,
    "errorPct" : 0.0,
    "meanResTime" : 633.4444444444445,
    "medianResTime" : 639.0,
    "minResTime" : 561.0,
    "maxResTime" : 664.0,
    "pct1ResTime" : 664.0,
    "pct2ResTime" : 664.0,
    "pct3ResTime" : 664.0,
    "throughput" : 0.02506530905526065,
    "receivedKBytesPerSec" : 0.2509223468022236,
    "sentKBytesPerSec" : 0.04596938516189404
  },
  "Launch/" : {
    "transaction" : "Launch/",
    "sampleCount" : 12,
    "errorCount" : 0,
    "errorPct" : 0.0,
    "meanResTime" : 723.2500000000001,
    "medianResTime" : 685.5,
    "minResTime" : 490.0,
    "maxResTime" : 1265.0,
    "pct1ResTime" : 1151.9000000000003,
    "pct2ResTime" : 1265.0,
    "pct3ResTime" : 1265.0,
    "throughput" : 0.022427265574334235,
    "receivedKBytesPerSec" : 0.03180116173235675,
    "sentKBytesPerSec" : 0.01188710780319327
  },
  "SC01_ShoppingFish_TS13_ClickonSignout" : {
    "transaction" : "SC01_ShoppingFish_TS13_ClickonSignout",
    "sampleCount" : 9,
    "errorCount" : 0,
    "errorPct" : 0.0,
    "meanResTime" : 634.6666666666666,
    "medianResTime" : 638.0,
    "minResTime" : 573.0,
    "maxResTime" : 675.0,
    "pct1ResTime" : 675.0,
    "pct2ResTime" : 675.0,
    "pct3ResTime" : 675.0,
    "throughput" : 0.025027460686030505,
    "receivedKBytesPerSec" : 0.25054345653564325,
    "sentKBytesPerSec" : 0.04589997184410673
  },
  "SC06_Search_TS05_Search" : {
    "transaction" : "SC06_Search_TS05_Search",
    "sampleCount" : 12,
    "errorCount" : 0,
    "errorPct" : 0.0,
    "meanResTime" : 186.08333333333331,
    "medianResTime" : 179.5,
    "minResTime" : 161.0,
    "maxResTime" : 251.0,
    "pct1ResTime" : 244.40000000000003,
    "pct2ResTime" : 251.0,
    "pct3ResTime" : 251.0,
    "throughput" : 0.02252180392142143,
    "receivedKBytesPerSec" : 0.09047210979567093,
    "sentKBytesPerSec" : 0.020289418083507094
  },
  "SC04_ShoppingReptiles_TS06_SelectProductID" : {
    "transaction" : "SC04_ShoppingReptiles_TS06_SelectProductID",
    "sampleCount" : 12,
    "errorCount" : 0,
    "errorPct" : 0.0,
    "meanResTime" : 189.74999999999997,
    "medianResTime" : 173.0,
    "minResTime" : 161.0,
    "maxResTime" : 242.0,
    "pct1ResTime" : 237.20000000000002,
    "pct2ResTime" : 242.0,
    "pct3ResTime" : 242.0,
    "throughput" : 0.02253745443208432,
    "receivedKBytesPerSec" : 0.09139333938401381,
    "sentKBytesPerSec" : 0.014570112142617012
  },
  "SC05_ShoppingBirds_TS02_ClickonEntertheStore" : {
    "transaction" : "SC05_ShoppingBirds_TS02_ClickonEntertheStore",
    "sampleCount" : 12,
    "errorCount" : 0,
    "errorPct" : 0.0,
    "meanResTime" : 218.75,
    "medianResTime" : 211.5,
    "minResTime" : 168.0,
    "maxResTime" : 296.0,
    "pct1ResTime" : 294.8,
    "pct2ResTime" : 296.0,
    "pct3ResTime" : 296.0,
    "throughput" : 0.02250642839861135,
    "receivedKBytesPerSec" : 0.1130980995431195,
    "sentKBytesPerSec" : 0.012412602966909922
  },
  "ClickonSignout/actions/Account.action-56-0" : {
    "transaction" : "ClickonSignout/actions/Account.action-56-0",
    "sampleCount" : 9,
    "errorCount" : 0,
    "errorPct" : 0.0,
    "meanResTime" : 233.66666666666666,
    "medianResTime" : 232.0,
    "minResTime" : 216.0,
    "maxResTime" : 263.0,
    "pct1ResTime" : 263.0,
    "pct2ResTime" : 263.0,
    "pct3ResTime" : 263.0,
    "throughput" : 0.025051773665575525,
    "receivedKBytesPerSec" : 0.005626863225666377,
    "sentKBytesPerSec" : 0.015461641559222394
  },
  "SC10_LoginLogout_TS02_ClickonEntertheStore" : {
    "transaction" : "SC10_LoginLogout_TS02_ClickonEntertheStore",
    "sampleCount" : 12,
    "errorCount" : 0,
    "errorPct" : 0.0,
    "meanResTime" : 225.33333333333334,
    "medianResTime" : 227.5,
    "minResTime" : 166.0,
    "maxResTime" : 365.0,
    "pct1ResTime" : 340.1000000000001,
    "pct2ResTime" : 365.0,
    "pct3ResTime" : 365.0,
    "throughput" : 0.0232265107393579,
    "receivedKBytesPerSec" : 0.11541050559275025,
    "sentKBytesPerSec" : 0.012909917671697142
  },
  "SC07_OpenMyOrders_TS06_ClickOnMyOrders/actions/Order.action-2" : {
    "transaction" : "SC07_OpenMyOrders_TS06_ClickOnMyOrders/actions/Order.action-2",
    "sampleCount" : 15,
    "errorCount" : 0,
    "errorPct" : 0.0,
    "meanResTime" : 246.66666666666669,
    "medianResTime" : 236.0,
    "minResTime" : 163.0,
    "maxResTime" : 334.0,
    "pct1ResTime" : 324.4,
    "pct2ResTime" : 334.0,
    "pct3ResTime" : 334.0,
    "throughput" : 0.02985336029423472,
    "receivedKBytesPerSec" : 0.10227108194548377,
    "sentKBytesPerSec" : 0.018279352445786295
  },
  "SC11_CreateAccount_TS05_EnterAccInfoandclickonSave/actions/Account.action-2" : {
    "transaction" : "SC11_CreateAccount_TS05_EnterAccInfoandclickonSave/actions/Account.action-2",
    "sampleCount" : 3,
    "errorCount" : 0,
    "errorPct" : 0.0,
    "meanResTime" : 427.3333333333333,
    "medianResTime" : 446.0,
    "minResTime" : 382.0,
    "maxResTime" : 454.0,
    "pct1ResTime" : 454.0,
    "pct2ResTime" : 454.0,
    "pct3ResTime" : 454.0,
    "throughput" : 0.006442288902298394,
    "receivedKBytesPerSec" : 0.03273362222525249,
    "sentKBytesPerSec" : 0.01395409842314242
  },
  "SC01_ShoppingFish_TS02_ClickonEntertheStore/actions/Catalog.action-27" : {
    "transaction" : "SC01_ShoppingFish_TS02_ClickonEntertheStore/actions/Catalog.action-27",
    "sampleCount" : 120,
    "errorCount" : 0,
    "errorPct" : 0.0,
    "meanResTime" : 218.41666666666663,
    "medianResTime" : 221.0,
    "minResTime" : 158.0,
    "maxResTime" : 392.0,
    "pct1ResTime" : 274.8,
    "pct2ResTime" : 293.9,
    "pct3ResTime" : 386.3299999999998,
    "throughput" : 0.19753444095284028,
    "receivedKBytesPerSec" : 0.9893070723297047,
    "sentKBytesPerSec" : 0.10919854361560456
  },
  "ClickonSignout/actions/Account.action-56-1" : {
    "transaction" : "ClickonSignout/actions/Account.action-56-1",
    "sampleCount" : 9,
    "errorCount" : 0,
    "errorPct" : 0.0,
    "meanResTime" : 196.88888888888889,
    "medianResTime" : 200.0,
    "minResTime" : 185.0,
    "maxResTime" : 207.0,
    "pct1ResTime" : 207.0,
    "pct2ResTime" : 207.0,
    "pct3ResTime" : 207.0,
    "throughput" : 0.025055818796318467,
    "receivedKBytesPerSec" : 0.12351735672247618,
    "sentKBytesPerSec" : 0.015243921005963286
  },
  "SC06_Search_TS13_ClickonSignout" : {
    "transaction" : "SC06_Search_TS13_ClickonSignout",
    "sampleCount" : 9,
    "errorCount" : 0,
    "errorPct" : 0.0,
    "meanResTime" : 628.2222222222222,
    "medianResTime" : 643.0,
    "minResTime" : 506.0,
    "maxResTime" : 708.0,
    "pct1ResTime" : 708.0,
    "pct2ResTime" : 708.0,
    "pct3ResTime" : 708.0,
    "throughput" : 0.025032960064084377,
    "receivedKBytesPerSec" : 0.25059850939153216,
    "sentKBytesPerSec" : 0.04591005761752975
  },
  "SC02_ShoppingDogs_TS01_Launch" : {
    "transaction" : "SC02_ShoppingDogs_TS01_Launch",
    "sampleCount" : 12,
    "errorCount" : 0,
    "errorPct" : 0.0,
    "meanResTime" : 662.8333333333334,
    "medianResTime" : 630.0,
    "minResTime" : 530.0,
    "maxResTime" : 868.0,
    "pct1ResTime" : 854.8000000000001,
    "pct2ResTime" : 868.0,
    "pct3ResTime" : 868.0,
    "throughput" : 0.022465725727187462,
    "receivedKBytesPerSec" : 0.03185569702722284,
    "sentKBytesPerSec" : 0.011907492810967766
  },
  "Cart/actions/Cart.action-2" : {
    "transaction" : "Cart/actions/Cart.action-2",
    "sampleCount" : 15,
    "errorCount" : 0,
    "errorPct" : 0.0,
    "meanResTime" : 209.26666666666668,
    "medianResTime" : 200.0,
    "minResTime" : 175.0,
    "maxResTime" : 255.0,
    "pct1ResTime" : 250.2,
    "pct2ResTime" : 255.0,
    "pct3ResTime" : 255.0,
    "throughput" : 0.0326078450127388,
    "receivedKBytesPerSec" : 0.14144926518221262,
    "sentKBytesPerSec" : 0.02063465192212377
  },
  "SC01_ShoppingFish_TS06_SelectProductID/actions/Catalog.action-44" : {
    "transaction" : "SC01_ShoppingFish_TS06_SelectProductID/actions/Catalog.action-44",
    "sampleCount" : 60,
    "errorCount" : 0,
    "errorPct" : 0.0,
    "meanResTime" : 204.28333333333325,
    "medianResTime" : 192.0,
    "minResTime" : 161.0,
    "maxResTime" : 293.0,
    "pct1ResTime" : 252.0,
    "pct2ResTime" : 283.0,
    "pct3ResTime" : 293.0,
    "throughput" : 0.10949184833189168,
    "receivedKBytesPerSec" : 0.4464287750964441,
    "sentKBytesPerSec" : 0.07080971845083633
  },
  "SC06_Search_TS08_ClickonAddtocart" : {
    "transaction" : "SC06_Search_TS08_ClickonAddtocart",
    "sampleCount" : 10,
    "errorCount" : 0,
    "errorPct" : 0.0,
    "meanResTime" : 199.4,
    "medianResTime" : 170.5,
    "minResTime" : 159.0,
    "maxResTime" : 287.0,
    "pct1ResTime" : 283.40000000000003,
    "pct2ResTime" : 287.0,
    "pct3ResTime" : 287.0,
    "throughput" : 0.019132238204018534,
    "receivedKBytesPerSec" : 0.0912050984305825,
    "sentKBytesPerSec" : 0.012256590099449374
  },
  "SC08_AddToCartDeleteCart_TS09_ClickonRemove" : {
    "transaction" : "SC08_AddToCartDeleteCart_TS09_ClickonRemove",
    "sampleCount" : 12,
    "errorCount" : 0,
    "errorPct" : 0.0,
    "meanResTime" : 230.5,
    "medianResTime" : 225.0,
    "minResTime" : 160.0,
    "maxResTime" : 320.0,
    "pct1ResTime" : 316.1,
    "pct2ResTime" : 320.0,
    "pct3ResTime" : 320.0,
    "throughput" : 0.025401878892308733,
    "receivedKBytesPerSec" : 0.11019057230433144,
    "sentKBytesPerSec" : 0.015743872855128852
  },
  "SC01_ShoppingFish_TS13_ClickonSignout/actions/Account.action-56-1" : {
    "transaction" : "SC01_ShoppingFish_TS13_ClickonSignout/actions/Account.action-56-1",
    "sampleCount" : 102,
    "errorCount" : 0,
    "errorPct" : 0.0,
    "meanResTime" : 191.30392156862752,
    "medianResTime" : 190.0,
    "minResTime" : 144.0,
    "maxResTime" : 368.0,
    "pct1ResTime" : 231.10000000000002,
    "pct2ResTime" : 257.4,
    "pct3ResTime" : 365.7499999999999,
    "throughput" : 0.19746585486259666,
    "receivedKBytesPerSec" : 0.9734449563929571,
    "sentKBytesPerSec" : 0.12013791755800561
  },
  "SC01_ShoppingFish_TS13_ClickonSignout/actions/Account.action-56-0" : {
    "transaction" : "SC01_ShoppingFish_TS13_ClickonSignout/actions/Account.action-56-0",
    "sampleCount" : 102,
    "errorCount" : 0,
    "errorPct" : 0.0,
    "meanResTime" : 271.14705882352945,
    "medianResTime" : 234.5,
    "minResTime" : 160.0,
    "maxResTime" : 664.0,
    "pct1ResTime" : 525.3000000000001,
    "pct2ResTime" : 607.1999999999999,
    "pct3ResTime" : 663.43,
    "throughput" : 0.19747158925909436,
    "receivedKBytesPerSec" : 0.044353970243741894,
    "sentKBytesPerSec" : 0.1218769964958473
  },
  "SC11_CreateAccount_TS03_ClickonSignin" : {
    "transaction" : "SC11_CreateAccount_TS03_ClickonSignin",
    "sampleCount" : 3,
    "errorCount" : 0,
    "errorPct" : 0.0,
    "meanResTime" : 235.66666666666666,
    "medianResTime" : 237.0,
    "minResTime" : 227.0,
    "maxResTime" : 243.0,
    "pct1ResTime" : 243.0,
    "pct2ResTime" : 243.0,
    "pct3ResTime" : 243.0,
    "throughput" : 0.006446926750018266,
    "receivedKBytesPerSec" : 0.02578141117316875,
    "sentKBytesPerSec" : 0.004130062449230452
  },
  "SC03_ShoppingCats_TS02_ClickonEntertheStore" : {
    "transaction" : "SC03_ShoppingCats_TS02_ClickonEntertheStore",
    "sampleCount" : 12,
    "errorCount" : 0,
    "errorPct" : 0.0,
    "meanResTime" : 236.66666666666666,
    "medianResTime" : 230.5,
    "minResTime" : 211.0,
    "maxResTime" : 291.0,
    "pct1ResTime" : 282.90000000000003,
    "pct2ResTime" : 291.0,
    "pct3ResTime" : 291.0,
    "throughput" : 0.02249478402195491,
    "receivedKBytesPerSec" : 0.11303958484470164,
    "sentKBytesPerSec" : 0.012406180933983433
  },
  "SC02_ShoppingDogs_TS11_EnterPaymentsDetailsandClickonContinue" : {
    "transaction" : "SC02_ShoppingDogs_TS11_EnterPaymentsDetailsandClickonContinue",
    "sampleCount" : 9,
    "errorCount" : 0,
    "errorPct" : 0.0,
    "meanResTime" : 247.99999999999997,
    "medianResTime" : 250.0,
    "minResTime" : 209.0,
    "maxResTime" : 271.0,
    "pct1ResTime" : 271.0,
    "pct2ResTime" : 271.0,
    "pct3ResTime" : 271.0,
    "throughput" : 0.02508508023044827,
    "receivedKBytesPerSec" : 0.11599399891716071,
    "sentKBytesPerSec" : 0.030939898760797037
  },
  "SC08_AddToCartDeleteCart_TS02_ClickonEntertheStore" : {
    "transaction" : "SC08_AddToCartDeleteCart_TS02_ClickonEntertheStore",
    "sampleCount" : 12,
    "errorCount" : 0,
    "errorPct" : 0.0,
    "meanResTime" : 212.58333333333337,
    "medianResTime" : 224.5,
    "minResTime" : 168.0,
    "maxResTime" : 242.0,
    "pct1ResTime" : 242.0,
    "pct2ResTime" : 242.0,
    "pct3ResTime" : 242.0,
    "throughput" : 0.025418720463976377,
    "receivedKBytesPerSec" : 0.12773279377686175,
    "sentKBytesPerSec" : 0.014018771857451815
  },
  "SC05_ShoppingBirds_TS04_Login" : {
    "transaction" : "SC05_ShoppingBirds_TS04_Login",
    "sampleCount" : 12,
    "errorCount" : 0,
    "errorPct" : 0.0,
    "meanResTime" : 597.4166666666666,
    "medianResTime" : 583.0,
    "minResTime" : 501.0,
    "maxResTime" : 792.0,
    "pct1ResTime" : 780.3000000000001,
    "pct2ResTime" : 792.0,
    "pct3ResTime" : 792.0,
    "throughput" : 0.02248862918686739,
    "receivedKBytesPerSec" : 0.233451297125391,
    "sentKBytesPerSec" : 0.04904014548269032
  },
  "SC01_ShoppingFish_TS10_ClickonProceedtoCheckout/actions/Order.action-50" : {
    "transaction" : "SC01_ShoppingFish_TS10_ClickonProceedtoCheckout/actions/Order.action-50",
    "sampleCount" : 45,
    "errorCount" : 0,
    "errorPct" : 0.0,
    "meanResTime" : 207.39999999999998,
    "medianResTime" : 205.0,
    "minResTime" : 146.0,
    "maxResTime" : 279.0,
    "pct1ResTime" : 258.2,
    "pct2ResTime" : 272.5999999999999,
    "pct3ResTime" : 279.0,
    "throughput" : 0.11899315921549132,
    "receivedKBytesPerSec" : 0.6516863851002055,
    "sentKBytesPerSec" : 0.07076839254124435
  },
  "SC05_ShoppingBirds_TS13_ClickonSignout" : {
    "transaction" : "SC05_ShoppingBirds_TS13_ClickonSignout",
    "sampleCount" : 9,
    "errorCount" : 0,
    "errorPct" : 0.0,
    "meanResTime" : 598.4444444444445,
    "medianResTime" : 637.0,
    "minResTime" : 493.0,
    "maxResTime" : 663.0,
    "pct1ResTime" : 663.0,
    "pct2ResTime" : 663.0,
    "pct3ResTime" : 663.0,
    "throughput" : 0.025046753940689285,
    "receivedKBytesPerSec" : 0.25073659633399015,
    "sentKBytesPerSec" : 0.04593535537169383
  },
  "SC04_ShoppingReptiles_TS12_ClickonConfirm" : {
    "transaction" : "SC04_ShoppingReptiles_TS12_ClickonConfirm",
    "sampleCount" : 9,
    "errorCount" : 2,
    "errorPct" : 22.222221,
    "meanResTime" : 272.55555555555554,
    "medianResTime" : 229.0,
    "minResTime" : 179.0,
    "maxResTime" : 530.0,
    "pct1ResTime" : 530.0,
    "pct2ResTime" : 530.0,
    "pct3ResTime" : 530.0,
    "throughput" : 0.02513755830516996,
    "receivedKBytesPerSec" : 0.18775977658995058,
    "sentKBytesPerSec" : 0.015244554401865767
  },
  "ClickonConfirm/actions/Order.action-55" : {
    "transaction" : "ClickonConfirm/actions/Order.action-55",
    "sampleCount" : 9,
    "errorCount" : 0,
    "errorPct" : 0.0,
    "meanResTime" : 229.33333333333331,
    "medianResTime" : 226.0,
    "minResTime" : 190.0,
    "maxResTime" : 284.0,
    "pct1ResTime" : 284.0,
    "pct2ResTime" : 284.0,
    "pct3ResTime" : 284.0,
    "throughput" : 0.025051146089933616,
    "receivedKBytesPerSec" : 0.13253513249272822,
    "sentKBytesPerSec" : 0.015192150118992944
  },
  "SC02_ShoppingDogs_TS06_SelectProductID" : {
    "transaction" : "SC02_ShoppingDogs_TS06_SelectProductID",
    "sampleCount" : 12,
    "errorCount" : 0,
    "errorPct" : 0.0,
    "meanResTime" : 221.5,
    "medianResTime" : 225.0,
    "minResTime" : 171.0,
    "maxResTime" : 284.0,
    "pct1ResTime" : 273.8,
    "pct2ResTime" : 284.0,
    "pct3ResTime" : 284.0,
    "throughput" : 0.022498579777151567,
    "receivedKBytesPerSec" : 0.09341451336509383,
    "sentKBytesPerSec" : 0.014544980285619472
  },
  "SC01_ShoppingFish_TS05_ClickonFish/actions/Catalog.action-43" : {
    "transaction" : "SC01_ShoppingFish_TS05_ClickonFish/actions/Catalog.action-43",
    "sampleCount" : 60,
    "errorCount" : 0,
    "errorPct" : 0.0,
    "meanResTime" : 213.23333333333332,
    "medianResTime" : 211.0,
    "minResTime" : 165.0,
    "maxResTime" : 317.0,
    "pct1ResTime" : 259.0,
    "pct2ResTime" : 280.95,
    "pct3ResTime" : 317.0,
    "throughput" : 0.10948185885598757,
    "receivedKBytesPerSec" : 0.4274211684998796,
    "sentKBytesPerSec" : 0.06749599364822749
  },
  "SC05_ShoppingBirds_TS05_ClickonBirds" : {
    "transaction" : "SC05_ShoppingBirds_TS05_ClickonBirds",
    "sampleCount" : 12,
    "errorCount" : 0,
    "errorPct" : 0.0,
    "meanResTime" : 200.58333333333331,
    "medianResTime" : 185.0,
    "minResTime" : 168.0,
    "maxResTime" : 317.0,
    "pct1ResTime" : 297.20000000000005,
    "pct2ResTime" : 317.0,
    "pct3ResTime" : 317.0,
    "throughput" : 0.022507525953990866,
    "receivedKBytesPerSec" : 0.08488678245538352,
    "sentKBytesPerSec" : 0.013869383668914294
  },
  "Login/actions/Catalog.action-41" : {
    "transaction" : "Login/actions/Catalog.action-41",
    "sampleCount" : 12,
    "errorCount" : 0,
    "errorPct" : 0.0,
    "meanResTime" : 210.16666666666666,
    "medianResTime" : 206.0,
    "minResTime" : 150.0,
    "maxResTime" : 271.0,
    "pct1ResTime" : 268.0,
    "pct2ResTime" : 271.0,
    "pct3ResTime" : 271.0,
    "throughput" : 0.022470521484627356,
    "receivedKBytesPerSec" : 0.11410811691412329,
    "sentKBytesPerSec" : 0.01316632118239884
  },
  "SC02_ShoppingDogs_TS07_SelectItemID" : {
    "transaction" : "SC02_ShoppingDogs_TS07_SelectItemID",
    "sampleCount" : 12,
    "errorCount" : 0,
    "errorPct" : 0.0,
    "meanResTime" : 646.8333333333334,
    "medianResTime" : 633.0,
    "minResTime" : 500.0,
    "maxResTime" : 767.0,
    "pct1ResTime" : 758.3000000000001,
    "pct2ResTime" : 767.0,
    "pct3ResTime" : 767.0,
    "throughput" : 0.02248508957497559,
    "receivedKBytesPerSec" : 0.0878671481364545,
    "sentKBytesPerSec" : 0.014389871778776698
  },
  "SC07_OpenMyOrders_TS06_ClickOnMyOrders" : {
    "transaction" : "SC07_OpenMyOrders_TS06_ClickOnMyOrders",
    "sampleCount" : 15,
    "errorCount" : 0,
    "errorPct" : 0.0,
    "meanResTime" : 246.66666666666669,
    "medianResTime" : 236.0,
    "minResTime" : 163.0,
    "maxResTime" : 334.0,
    "pct1ResTime" : 324.4,
    "pct2ResTime" : 334.0,
    "pct3ResTime" : 334.0,
    "throughput" : 0.02985336029423472,
    "receivedKBytesPerSec" : 0.10227108194548377,
    "sentKBytesPerSec" : 0.018279352445786295
  },
  "SC09_OpenCart_TS06_ClickonSignout" : {
    "transaction" : "SC09_OpenCart_TS06_ClickonSignout",
    "sampleCount" : 15,
    "errorCount" : 0,
    "errorPct" : 0.0,
    "meanResTime" : 641.6666666666667,
    "medianResTime" : 634.0,
    "minResTime" : 490.0,
    "maxResTime" : 972.0,
    "pct1ResTime" : 851.4000000000001,
    "pct2ResTime" : 972.0,
    "pct3ResTime" : 972.0,
    "throughput" : 0.03257703926836313,
    "receivedKBytesPerSec" : 0.32612034134764695,
    "sentKBytesPerSec" : 0.05974578100193942
  },
  "SC11_CreateAccount_TS02_ClickonEntertheStore" : {
    "transaction" : "SC11_CreateAccount_TS02_ClickonEntertheStore",
    "sampleCount" : 3,
    "errorCount" : 0,
    "errorPct" : 0.0,
    "meanResTime" : 221.33333333333334,
    "medianResTime" : 221.0,
    "minResTime" : 221.0,
    "maxResTime" : 222.0,
    "pct1ResTime" : 222.0,
    "pct2ResTime" : 222.0,
    "pct3ResTime" : 222.0,
    "throughput" : 0.006447176136852059,
    "receivedKBytesPerSec" : 0.03276055322143901,
    "sentKBytesPerSec" : 0.0035278981399896846
  },
  "SC05_ShoppingBirds_TS06_SelectProductID" : {
    "transaction" : "SC05_ShoppingBirds_TS06_SelectProductID",
    "sampleCount" : 12,
    "errorCount" : 0,
    "errorPct" : 0.0,
    "meanResTime" : 182.58333333333334,
    "medianResTime" : 171.5,
    "minResTime" : 163.0,
    "maxResTime" : 252.0,
    "pct1ResTime" : 241.50000000000003,
    "pct2ResTime" : 252.0,
    "pct3ResTime" : 252.0,
    "throughput" : 0.022507061590574043,
    "receivedKBytesPerSec" : 0.08839443297209498,
    "sentKBytesPerSec" : 0.014550463645468765
  },
  "SC01_ShoppingFish_TS09_UpdateQuantityandClickonUpdatecart" : {
    "transaction" : "SC01_ShoppingFish_TS09_UpdateQuantityandClickonUpdatecart",
    "sampleCount" : 9,
    "errorCount" : 0,
    "errorPct" : 0.0,
    "meanResTime" : 255.33333333333337,
    "medianResTime" : 244.0,
    "minResTime" : 229.0,
    "maxResTime" : 313.0,
    "pct1ResTime" : 313.0,
    "pct2ResTime" : 313.0,
    "pct3ResTime" : 313.0,
    "throughput" : 0.02504013376995907,
    "receivedKBytesPerSec" : 0.11901399517420977,
    "sentKBytesPerSec" : 0.023437087011682612
  },
  "SC04_ShoppingReptiles_TS10_ClickonProceedtoCheckout" : {
    "transaction" : "SC04_ShoppingReptiles_TS10_ClickonProceedtoCheckout",
    "sampleCount" : 9,
    "errorCount" : 0,
    "errorPct" : 0.0,
    "meanResTime" : 200.33333333333334,
    "medianResTime" : 201.0,
    "minResTime" : 152.0,
    "maxResTime" : 260.0,
    "pct1ResTime" : 260.0,
    "pct2ResTime" : 260.0,
    "pct3ResTime" : 260.0,
    "throughput" : 0.025124856578943696,
    "receivedKBytesPerSec" : 0.13749970338710982,
    "sentKBytesPerSec" : 0.014942419586500694
  },
  "SC01_ShoppingFish_TS13_ClickonSignout/actions/Account.action-56" : {
    "transaction" : "SC01_ShoppingFish_TS13_ClickonSignout/actions/Account.action-56",
    "sampleCount" : 102,
    "errorCount" : 0,
    "errorPct" : 0.0,
    "meanResTime" : 462.69607843137254,
    "medianResTime" : 425.0,
    "minResTime" : 304.0,
    "maxResTime" : 884.0,
    "pct1ResTime" : 691.8000000000001,
    "pct2ResTime" : 822.0499999999997,
    "pct3ResTime" : 883.28,
    "throughput" : 0.197393247989782,
    "receivedKBytesPerSec" : 1.0174234012598333,
    "sentKBytesPerSec" : 0.24192238889372694
  },
  "SC05_ShoppingBirds_TS12_ClickonConfirm" : {
    "transaction" : "SC05_ShoppingBirds_TS12_ClickonConfirm",
    "sampleCount" : 9,
    "errorCount" : 0,
    "errorPct" : 0.0,
    "meanResTime" : 207.66666666666666,
    "medianResTime" : 200.0,
    "minResTime" : 179.0,
    "maxResTime" : 246.0,
    "pct1ResTime" : 246.0,
    "pct2ResTime" : 246.0,
    "pct3ResTime" : 246.0,
    "throughput" : 0.025073269665801177,
    "receivedKBytesPerSec" : 0.13280453401328327,
    "sentKBytesPerSec" : 0.015205566857873564
  },
  "SC01_ShoppingFish_TS07_SelectItemID" : {
    "transaction" : "SC01_ShoppingFish_TS07_SelectItemID",
    "sampleCount" : 12,
    "errorCount" : 0,
    "errorPct" : 0.0,
    "meanResTime" : 633.5,
    "medianResTime" : 631.5,
    "minResTime" : 477.0,
    "maxResTime" : 780.0,
    "pct1ResTime" : 769.5,
    "pct2ResTime" : 780.0,
    "pct3ResTime" : 780.0,
    "throughput" : 0.022454081403529783,
    "receivedKBytesPerSec" : 0.08775328379245693,
    "sentKBytesPerSec" : 0.014366372720910738
  },
  "SC01_ShoppingFish_TS09_UpdateQuantityandClickonUpdatecart/actions/Cart.action-49" : {
    "transaction" : "SC01_ShoppingFish_TS09_UpdateQuantityandClickonUpdatecart/actions/Cart.action-49",
    "sampleCount" : 45,
    "errorCount" : 0,
    "errorPct" : 0.0,
    "meanResTime" : 210.0,
    "medianResTime" : 203.0,
    "minResTime" : 154.0,
    "maxResTime" : 302.0,
    "pct1ResTime" : 270.19999999999993,
    "pct2ResTime" : 300.5,
    "pct3ResTime" : 302.0,
    "throughput" : 0.11894943855865,
    "receivedKBytesPerSec" : 0.5663960277826239,
    "sentKBytesPerSec" : 0.11146863402429741
  },
  "SC04_ShoppingReptiles_TS08_ClickonAddtocart" : {
    "transaction" : "SC04_ShoppingReptiles_TS08_ClickonAddtocart",
    "sampleCount" : 10,
    "errorCount" : 0,
    "errorPct" : 0.0,
    "meanResTime" : 205.40000000000003,
    "medianResTime" : 192.5,
    "minResTime" : 162.0,
    "maxResTime" : 255.0,
    "pct1ResTime" : 254.6,
    "pct2ResTime" : 255.0,
    "pct3ResTime" : 255.0,
    "throughput" : 0.019087065649962303,
    "receivedKBytesPerSec" : 0.0908108155664564,
    "sentKBytesPerSec" : 0.012246291144555893
  },
  "SC05_ShoppingBirds_TS11_EnterPaymentsDetailsandClickonContinue" : {
    "transaction" : "SC05_ShoppingBirds_TS11_EnterPaymentsDetailsandClickonContinue",
    "sampleCount" : 9,
    "errorCount" : 0,
    "errorPct" : 0.0,
    "meanResTime" : 222.22222222222223,
    "medianResTime" : 238.0,
    "minResTime" : 164.0,
    "maxResTime" : 254.0,
    "pct1ResTime" : 254.0,
    "pct2ResTime" : 254.0,
    "pct3ResTime" : 254.0,
    "throughput" : 0.025072850560238915,
    "receivedKBytesPerSec" : 0.11554568534547602,
    "sentKBytesPerSec" : 0.03092481470466968
  },
  "SC06_Search_TS11_EnterPaymentsDetailsandClickonContinue" : {
    "transaction" : "SC06_Search_TS11_EnterPaymentsDetailsandClickonContinue",
    "sampleCount" : 9,
    "errorCount" : 0,
    "errorPct" : 0.0,
    "meanResTime" : 205.66666666666666,
    "medianResTime" : 198.0,
    "minResTime" : 165.0,
    "maxResTime" : 264.0,
    "pct1ResTime" : 264.0,
    "pct2ResTime" : 264.0,
    "pct3ResTime" : 264.0,
    "throughput" : 0.02507438734913577,
    "receivedKBytesPerSec" : 0.11625199898588033,
    "sentKBytesPerSec" : 0.030926710177693825
  },
  "SC04_ShoppingReptiles_TS02_ClickonEntertheStore" : {
    "transaction" : "SC04_ShoppingReptiles_TS02_ClickonEntertheStore",
    "sampleCount" : 12,
    "errorCount" : 0,
    "errorPct" : 0.0,
    "meanResTime" : 207.9166666666667,
    "medianResTime" : 210.0,
    "minResTime" : 159.0,
    "maxResTime" : 292.0,
    "pct1ResTime" : 275.50000000000006,
    "pct2ResTime" : 292.0,
    "pct3ResTime" : 292.0,
    "throughput" : 0.022527680887890998,
    "receivedKBytesPerSec" : 0.11320489641490732,
    "sentKBytesPerSec" : 0.012424324005309023
  },
  "SC03_ShoppingCats_TS09_UpdateQuantityandClickonUpdatecart" : {
    "transaction" : "SC03_ShoppingCats_TS09_UpdateQuantityandClickonUpdatecart",
    "sampleCount" : 9,
    "errorCount" : 0,
    "errorPct" : 0.0,
    "meanResTime" : 202.88888888888889,
    "medianResTime" : 223.0,
    "minResTime" : 163.0,
    "maxResTime" : 239.0,
    "pct1ResTime" : 239.0,
    "pct2ResTime" : 239.0,
    "pct3ResTime" : 239.0,
    "throughput" : 0.025066984553167075,
    "receivedKBytesPerSec" : 0.11925313267676402,
    "sentKBytesPerSec" : 0.023500298018594133
  },
  "SC02_ShoppingDogs_TS09_UpdateQuantityandClickonUpdatecart" : {
    "transaction" : "SC02_ShoppingDogs_TS09_UpdateQuantityandClickonUpdatecart",
    "sampleCount" : 9,
    "errorCount" : 0,
    "errorPct" : 0.0,
    "meanResTime" : 213.1111111111111,
    "medianResTime" : 218.0,
    "minResTime" : 167.0,
    "maxResTime" : 297.0,
    "pct1ResTime" : 297.0,
    "pct2ResTime" : 297.0,
    "pct3ResTime" : 297.0,
    "throughput" : 0.025084031505543572,
    "receivedKBytesPerSec" : 0.11948393001973277,
    "sentKBytesPerSec" : 0.023489061620316953
  },
  "SC08_AddToCartDeleteCart_TS08_ClickonAddtocart" : {
    "transaction" : "SC08_AddToCartDeleteCart_TS08_ClickonAddtocart",
    "sampleCount" : 12,
    "errorCount" : 0,
    "errorPct" : 0.0,
    "meanResTime" : 212.25,
    "medianResTime" : 203.5,
    "minResTime" : 175.0,
    "maxResTime" : 294.0,
    "pct1ResTime" : 281.1,
    "pct2ResTime" : 294.0,
    "pct3ResTime" : 294.0,
    "throughput" : 0.02540161003871629,
    "receivedKBytesPerSec" : 0.1208271571258925,
    "sentKBytesPerSec" : 0.016281175184320432
  },
  "SC11_CreateAccount_TS05_EnterAccInfoandclickonSave" : {
    "transaction" : "SC11_CreateAccount_TS05_EnterAccInfoandclickonSave",
    "sampleCount" : 3,
    "errorCount" : 0,
    "errorPct" : 0.0,
    "meanResTime" : 625.0,
    "medianResTime" : 647.0,
    "minResTime" : 581.0,
    "maxResTime" : 647.0,
    "pct1ResTime" : 647.0,
    "pct2ResTime" : 647.0,
    "pct3ResTime" : 647.0,
    "throughput" : 0.006439619976559783,
    "receivedKBytesPerSec" : 0.06399372351706285,
    "sentKBytesPerSec" : 0.01782215138043987
  },
  "SC06_Search_TS12_ClickonConfirm" : {
    "transaction" : "SC06_Search_TS12_ClickonConfirm",
    "sampleCount" : 9,
    "errorCount" : 0,
    "errorPct" : 0.0,
    "meanResTime" : 210.11111111111111,
    "medianResTime" : 209.0,
    "minResTime" : 177.0,
    "maxResTime" : 246.0,
    "pct1ResTime" : 246.0,
    "pct2ResTime" : 246.0,
    "pct3ResTime" : 246.0,
    "throughput" : 0.025070685404682647,
    "receivedKBytesPerSec" : 0.13340020300291097,
    "sentKBytesPerSec" : 0.015203999644831956
  },
  "SC01_ShoppingFish_TS08_ClickonAddtocart/actions/Cart.action-48" : {
    "transaction" : "SC01_ShoppingFish_TS08_ClickonAddtocart/actions/Cart.action-48",
    "sampleCount" : 62,
    "errorCount" : 0,
    "errorPct" : 0.0,
    "meanResTime" : 213.87096774193552,
    "medianResTime" : 214.5,
    "minResTime" : 159.0,
    "maxResTime" : 310.0,
    "pct1ResTime" : 257.1,
    "pct2ResTime" : 285.04999999999995,
    "pct3ResTime" : 310.0,
    "throughput" : 0.11436076024082163,
    "receivedKBytesPerSec" : 0.5442943894979931,
    "sentKBytesPerSec" : 0.07332000354149451
  },
  "SC01_ShoppingFish_TS04_Login/actions/Catalog.action-41" : {
    "transaction" : "SC01_ShoppingFish_TS04_Login/actions/Catalog.action-41",
    "sampleCount" : 116,
    "errorCount" : 0,
    "errorPct" : 0.0,
    "meanResTime" : 204.25862068965523,
    "medianResTime" : 201.5,
    "minResTime" : 143.0,
    "maxResTime" : 372.0,
    "pct1ResTime" : 265.0,
    "pct2ResTime" : 317.0499999999996,
    "pct3ResTime" : 371.32,
    "throughput" : 0.19227007979208313,
    "receivedKBytesPerSec" : 0.9765560253879381,
    "sentKBytesPerSec" : 0.1126582498781737
  },
  "SC01_ShoppingFish_TS13_ClickonSignout/actions/Catalog.action-57" : {
    "transaction" : "SC01_ShoppingFish_TS13_ClickonSignout/actions/Catalog.action-57",
    "sampleCount" : 102,
    "errorCount" : 0,
    "errorPct" : 0.0,
    "meanResTime" : 193.58823529411768,
    "medianResTime" : 194.5,
    "minResTime" : 146.0,
    "maxResTime" : 339.0,
    "pct1ResTime" : 242.7,
    "pct2ResTime" : 261.85,
    "pct3ResTime" : 338.42999999999995,
    "throughput" : 0.19744062747405688,
    "receivedKBytesPerSec" : 0.9588596097934423,
    "sentKBytesPerSec" : 0.12012256925423578
  },
  "SC08_AddToCartDeleteCart_TS07_SelectItemID" : {
    "transaction" : "SC08_AddToCartDeleteCart_TS07_SelectItemID",
    "sampleCount" : 12,
    "errorCount" : 0,
    "errorPct" : 0.0,
    "meanResTime" : 568.0833333333334,
    "medianResTime" : 580.5,
    "minResTime" : 466.0,
    "maxResTime" : 675.0,
    "pct1ResTime" : 667.8000000000001,
    "pct2ResTime" : 675.0,
    "pct3ResTime" : 675.0,
    "throughput" : 0.025389517514535498,
    "receivedKBytesPerSec" : 0.0992315241009995,
    "sentKBytesPerSec" : 0.016261027249299672
  },
  "SC09_OpenCart_TS01_Launch" : {
    "transaction" : "SC09_OpenCart_TS01_Launch",
    "sampleCount" : 18,
    "errorCount" : 0,
    "errorPct" : 0.0,
    "meanResTime" : 621.3333333333334,
    "medianResTime" : 597.5,
    "minResTime" : 501.0,
    "maxResTime" : 838.0,
    "pct1ResTime" : 809.2,
    "pct2ResTime" : 838.0,
    "pct3ResTime" : 838.0,
    "throughput" : 0.03140484332472608,
    "receivedKBytesPerSec" : 0.044531086433107686,
    "sentKBytesPerSec" : 0.016780940858573522
  },
  "SC07_OpenMyOrders_TS07_ClickonSignout" : {
    "transaction" : "SC07_OpenMyOrders_TS07_ClickonSignout",
    "sampleCount" : 15,
    "errorCount" : 0,
    "errorPct" : 0.0,
    "meanResTime" : 932.8666666666666,
    "medianResTime" : 924.0,
    "minResTime" : 760.0,
    "maxResTime" : 1115.0,
    "pct1ResTime" : 1079.6,
    "pct2ResTime" : 1115.0,
    "pct3ResTime" : 1115.0,
    "throughput" : 0.02981348682641395,
    "receivedKBytesPerSec" : 0.29845513032965765,
    "sentKBytesPerSec" : 0.05467746900391153
  },
  "SC10_LoginLogout_TS03_ClickonSignin" : {
    "transaction" : "SC10_LoginLogout_TS03_ClickonSignin",
    "sampleCount" : 12,
    "errorCount" : 0,
    "errorPct" : 0.0,
    "meanResTime" : 208.5,
    "medianResTime" : 208.5,
    "minResTime" : 178.0,
    "maxResTime" : 246.0,
    "pct1ResTime" : 245.1,
    "pct2ResTime" : 246.0,
    "pct3ResTime" : 246.0,
    "throughput" : 0.023226600651506148,
    "receivedKBytesPerSec" : 0.09289128112122544,
    "sentKBytesPerSec" : 0.014879541042371127
  },
  "SC03_ShoppingCats_TS08_ClickonAddtocart" : {
    "transaction" : "SC03_ShoppingCats_TS08_ClickonAddtocart",
    "sampleCount" : 10,
    "errorCount" : 0,
    "errorPct" : 0.0,
    "meanResTime" : 237.79999999999998,
    "medianResTime" : 241.0,
    "minResTime" : 179.0,
    "maxResTime" : 310.0,
    "pct1ResTime" : 304.90000000000003,
    "pct2ResTime" : 310.0,
    "pct3ResTime" : 310.0,
    "throughput" : 0.01905752896267964,
    "receivedKBytesPerSec" : 0.09063120560786847,
    "sentKBytesPerSec" : 0.012227340359844262
  },
  "SC01_ShoppingFish_TS04_Login/actions/Account.action-40-0" : {
    "transaction" : "SC01_ShoppingFish_TS04_Login/actions/Account.action-40-0",
    "sampleCount" : 116,
    "errorCount" : 0,
    "errorPct" : 0.0,
    "meanResTime" : 213.6206896551724,
    "medianResTime" : 218.5,
    "minResTime" : 152.0,
    "maxResTime" : 350.0,
    "pct1ResTime" : 259.9,
    "pct2ResTime" : 283.0,
    "pct3ResTime" : 350.0,
    "throughput" : 0.19224968593693548,
    "receivedKBytesPerSec" : 0.04318108180224137,
    "sentKBytesPerSec" : 0.17781445098213075
  },
  "SC01_ShoppingFish_TS04_Login/actions/Account.action-40-1" : {
    "transaction" : "SC01_ShoppingFish_TS04_Login/actions/Account.action-40-1",
    "sampleCount" : 116,
    "errorCount" : 0,
    "errorPct" : 0.0,
    "meanResTime" : 196.21551724137936,
    "medianResTime" : 193.0,
    "minResTime" : 142.0,
    "maxResTime" : 311.0,
    "pct1ResTime" : 249.89999999999998,
    "pct2ResTime" : 272.29999999999995,
    "pct3ResTime" : 310.15,
    "throughput" : 0.192267530323573,
    "receivedKBytesPerSec" : 0.9765430764213708,
    "sentKBytesPerSec" : 0.1291797469361506
  },
  "ClickonSignout/actions/Account.action-56" : {
    "transaction" : "ClickonSignout/actions/Account.action-56",
    "sampleCount" : 9,
    "errorCount" : 0,
    "errorPct" : 0.0,
    "meanResTime" : 430.77777777777777,
    "medianResTime" : 425.0,
    "minResTime" : 410.0,
    "maxResTime" : 469.0,
    "pct1ResTime" : 469.0,
    "pct2ResTime" : 469.0,
    "pct3ResTime" : 469.0,
    "throughput" : 0.02503867083606904,
    "receivedKBytesPerSec" : 0.12905674284450427,
    "sentKBytesPerSec" : 0.03068704287037758
  },
  "SC03_ShoppingCats_TS12_ClickonConfirm" : {
    "transaction" : "SC03_ShoppingCats_TS12_ClickonConfirm",
    "sampleCount" : 9,
    "errorCount" : 2,
    "errorPct" : 22.222221,
    "meanResTime" : 266.44444444444446,
    "medianResTime" : 236.0,
    "minResTime" : 211.0,
    "maxResTime" : 400.0,
    "pct1ResTime" : 400.0,
    "pct2ResTime" : 400.0,
    "pct3ResTime" : 400.0,
    "throughput" : 0.025074107918960486,
    "receivedKBytesPerSec" : 0.18724231565655158,
    "sentKBytesPerSec" : 0.015206075212572716
  },
  "SC07_OpenMyOrders_TS01_Launch" : {
    "transaction" : "SC07_OpenMyOrders_TS01_Launch",
    "sampleCount" : 15,
    "errorCount" : 0,
    "errorPct" : 0.0,
    "meanResTime" : 625.0,
    "medianResTime" : 623.0,
    "minResTime" : 459.0,
    "maxResTime" : 887.0,
    "pct1ResTime" : 853.4,
    "pct2ResTime" : 887.0,
    "pct3ResTime" : 887.0,
    "throughput" : 0.02981313129305513,
    "receivedKBytesPerSec" : 0.04227408851319927,
    "sentKBytesPerSec" : 0.015878986139875262
  },
  "SC08_AddToCartDeleteCart_TS05_SelectCatogory" : {
    "transaction" : "SC08_AddToCartDeleteCart_TS05_SelectCatogory",
    "sampleCount" : 12,
    "errorCount" : 0,
    "errorPct" : 0.0,
    "meanResTime" : 215.66666666666666,
    "medianResTime" : 216.0,
    "minResTime" : 173.0,
    "maxResTime" : 269.0,
    "pct1ResTime" : 260.90000000000003,
    "pct2ResTime" : 269.0,
    "pct3ResTime" : 269.0,
    "throughput" : 0.025411023301908368,
    "receivedKBytesPerSec" : 0.09917909159826867,
    "sentKBytesPerSec" : 0.015670958217924937
  },
  "Login/actions/Account.action-40" : {
    "transaction" : "Login/actions/Account.action-40",
    "sampleCount" : 12,
    "errorCount" : 0,
    "errorPct" : 0.0,
    "meanResTime" : 449.16666666666663,
    "medianResTime" : 432.0,
    "minResTime" : 375.0,
    "maxResTime" : 569.0,
    "pct1ResTime" : 557.9000000000001,
    "pct2ResTime" : 569.0,
    "pct3ResTime" : 569.0,
    "throughput" : 0.022460721812729987,
    "receivedKBytesPerSec" : 0.11910324164367563,
    "sentKBytesPerSec" : 0.035818709687683664
  },
  "SC03_ShoppingCats_TS05_ClickonCats" : {
    "transaction" : "SC03_ShoppingCats_TS05_ClickonCats",
    "sampleCount" : 12,
    "errorCount" : 0,
    "errorPct" : 0.0,
    "meanResTime" : 217.41666666666666,
    "medianResTime" : 220.5,
    "minResTime" : 171.0,
    "maxResTime" : 281.0,
    "pct1ResTime" : 274.40000000000003,
    "pct2ResTime" : 281.0,
    "pct3ResTime" : 281.0,
    "throughput" : 0.022503558375168074,
    "receivedKBytesPerSec" : 0.08478391426894377,
    "sentKBytesPerSec" : 0.013844962672222544
  },
  "SC04_ShoppingReptiles_TS03_ClickonSignin" : {
    "transaction" : "SC04_ShoppingReptiles_TS03_ClickonSignin",
    "sampleCount" : 12,
    "errorCount" : 0,
    "errorPct" : 0.0,
    "meanResTime" : 224.33333333333334,
    "medianResTime" : 194.0,
    "minResTime" : 163.0,
    "maxResTime" : 353.0,
    "pct1ResTime" : 347.3,
    "pct2ResTime" : 353.0,
    "pct3ResTime" : 353.0,
    "throughput" : 0.022530641672674837,
    "receivedKBytesPerSec" : 0.09009322991768806,
    "sentKBytesPerSec" : 0.014433692321557319
  },
  "SC11_CreateAccount_TS01_Launch" : {
    "transaction" : "SC11_CreateAccount_TS01_Launch",
    "sampleCount" : 3,
    "errorCount" : 0,
    "errorPct" : 0.0,
    "meanResTime" : 696.0,
    "medianResTime" : 623.0,
    "minResTime" : 614.0,
    "maxResTime" : 851.0,
    "pct1ResTime" : 851.0,
    "pct2ResTime" : 851.0,
    "pct3ResTime" : 851.0,
    "throughput" : 0.006438431426413021,
    "receivedKBytesPerSec" : 0.009129494561671588,
    "sentKBytesPerSec" : 0.003384787354706064
  },
  "SC03_ShoppingCats_TS04_Login" : {
    "transaction" : "SC03_ShoppingCats_TS04_Login",
    "sampleCount" : 12,
    "errorCount" : 0,
    "errorPct" : 0.0,
    "meanResTime" : 615.5,
    "medianResTime" : 622.0,
    "minResTime" : 457.0,
    "maxResTime" : 712.0,
    "pct1ResTime" : 709.9,
    "pct2ResTime" : 712.0,
    "pct3ResTime" : 712.0,
    "throughput" : 0.022485131706658973,
    "receivedKBytesPerSec" : 0.2334589065480451,
    "sentKBytesPerSec" : 0.04907643492615508
  },
  "SC01_ShoppingFish_TS10_ClickonProceedtoCheckout" : {
    "transaction" : "SC01_ShoppingFish_TS10_ClickonProceedtoCheckout",
    "sampleCount" : 9,
    "errorCount" : 0,
    "errorPct" : 0.0,
    "meanResTime" : 215.22222222222226,
    "medianResTime" : 207.0,
    "minResTime" : 156.0,
    "maxResTime" : 303.0,
    "pct1ResTime" : 303.0,
    "pct2ResTime" : 303.0,
    "pct3ResTime" : 303.0,
    "throughput" : 0.025046963055729492,
    "receivedKBytesPerSec" : 0.13687773951158422,
    "sentKBytesPerSec" : 0.014896094239198498
  },
  "SC02_ShoppingDogs_TS02_ClickonEntertheStore" : {
    "transaction" : "SC02_ShoppingDogs_TS02_ClickonEntertheStore",
    "sampleCount" : 12,
    "errorCount" : 0,
    "errorPct" : 0.0,
    "meanResTime" : 228.66666666666669,
    "medianResTime" : 221.5,
    "minResTime" : 190.0,
    "maxResTime" : 294.0,
    "pct1ResTime" : 285.00000000000006,
    "pct2ResTime" : 294.0,
    "pct3ResTime" : 294.0,
    "throughput" : 0.022494446683475017,
    "receivedKBytesPerSec" : 0.11303788966942535,
    "sentKBytesPerSec" : 0.012405994887199722
  },
  "SC06_Search_TS10_ClickonProceedtoCheckout" : {
    "transaction" : "SC06_Search_TS10_ClickonProceedtoCheckout",
    "sampleCount" : 9,
    "errorCount" : 0,
    "errorPct" : 0.0,
    "meanResTime" : 198.44444444444446,
    "medianResTime" : 179.0,
    "minResTime" : 155.0,
    "maxResTime" : 255.0,
    "pct1ResTime" : 255.0,
    "pct2ResTime" : 255.0,
    "pct3ResTime" : 255.0,
    "throughput" : 0.025075505132120052,
    "receivedKBytesPerSec" : 0.13773298017502703,
    "sentKBytesPerSec" : 0.014913068970176866
  },
  "SelectItemID/actions/Catalog.action-46" : {
    "transaction" : "SelectItemID/actions/Catalog.action-46",
    "sampleCount" : 12,
    "errorCount" : 0,
    "errorPct" : 0.0,
    "meanResTime" : 633.5,
    "medianResTime" : 631.5,
    "minResTime" : 477.0,
    "maxResTime" : 780.0,
    "pct1ResTime" : 769.5,
    "pct2ResTime" : 780.0,
    "pct3ResTime" : 780.0,
    "throughput" : 0.022454081403529783,
    "receivedKBytesPerSec" : 0.08775328379245693,
    "sentKBytesPerSec" : 0.014366372720910738
  },
  "SC03_ShoppingCats_TS11_EnterPaymentsDetailsandClickonContinue" : {
    "transaction" : "SC03_ShoppingCats_TS11_EnterPaymentsDetailsandClickonContinue",
    "sampleCount" : 9,
    "errorCount" : 0,
    "errorPct" : 0.0,
    "meanResTime" : 240.66666666666669,
    "medianResTime" : 250.0,
    "minResTime" : 174.0,
    "maxResTime" : 268.0,
    "pct1ResTime" : 268.0,
    "pct2ResTime" : 268.0,
    "pct3ResTime" : 268.0,
    "throughput" : 0.02507152348505319,
    "receivedKBytesPerSec" : 0.11573544093149067,
    "sentKBytesPerSec" : 0.030923177892209164
  },
  "SC07_OpenMyOrders_TS04_Login" : {
    "transaction" : "SC07_OpenMyOrders_TS04_Login",
    "sampleCount" : 15,
    "errorCount" : 0,
    "errorPct" : 0.0,
    "meanResTime" : 599.9333333333334,
    "medianResTime" : 610.0,
    "minResTime" : 481.0,
    "maxResTime" : 734.0,
    "pct1ResTime" : 690.2,
    "pct2ResTime" : 734.0,
    "pct3ResTime" : 734.0,
    "throughput" : 0.02983085902930385,
    "receivedKBytesPerSec" : 0.3097864794117355,
    "sentKBytesPerSec" : 0.06516760903178975
  },
  "Prp/actions/Catalog.action-3" : {
    "transaction" : "Prp/actions/Catalog.action-3",
    "sampleCount" : 12,
    "errorCount" : 0,
    "errorPct" : 0.0,
    "meanResTime" : 176.00000000000003,
    "medianResTime" : 168.5,
    "minResTime" : 156.0,
    "maxResTime" : 223.0,
    "pct1ResTime" : 216.70000000000002,
    "pct2ResTime" : 223.0,
    "pct3ResTime" : 223.0,
    "throughput" : 0.02252015553920759,
    "receivedKBytesPerSec" : 0.09509487553860706,
    "sentKBytesPerSec" : 0.013899158496854686
  },
  "SC10_LoginLogout_TS05_ClickonSignout" : {
    "transaction" : "SC10_LoginLogout_TS05_ClickonSignout",
    "sampleCount" : 12,
    "errorCount" : 0,
    "errorPct" : 0.0,
    "meanResTime" : 569.9166666666665,
    "medianResTime" : 573.0,
    "minResTime" : 486.0,
    "maxResTime" : 650.0,
    "pct1ResTime" : 648.8,
    "pct2ResTime" : 650.0,
    "pct3ResTime" : 650.0,
    "throughput" : 0.023213031796050304,
    "receivedKBytesPerSec" : 0.23237967670049964,
    "sentKBytesPerSec" : 0.04257233761033444
  },
  "SC05_ShoppingBirds_TS03_ClickonSignin" : {
    "transaction" : "SC05_ShoppingBirds_TS03_ClickonSignin",
    "sampleCount" : 12,
    "errorCount" : 0,
    "errorPct" : 0.0,
    "meanResTime" : 202.33333333333334,
    "medianResTime" : 185.5,
    "minResTime" : 167.0,
    "maxResTime" : 293.0,
    "pct1ResTime" : 278.30000000000007,
    "pct2ResTime" : 293.0,
    "pct3ResTime" : 293.0,
    "throughput" : 0.022508370300205388,
    "receivedKBytesPerSec" : 0.09001882731390735,
    "sentKBytesPerSec" : 0.014419424723569078
  },
  "ClickonProceedtoCheckout/actions/Order.action-50" : {
    "transaction" : "ClickonProceedtoCheckout/actions/Order.action-50",
    "sampleCount" : 9,
    "errorCount" : 0,
    "errorPct" : 0.0,
    "meanResTime" : 215.22222222222226,
    "medianResTime" : 207.0,
    "minResTime" : 156.0,
    "maxResTime" : 303.0,
    "pct1ResTime" : 303.0,
    "pct2ResTime" : 303.0,
    "pct3ResTime" : 303.0,
    "throughput" : 0.025047032761518852,
    "receivedKBytesPerSec" : 0.13687812044283154,
    "sentKBytesPerSec" : 0.014896135695082989
  },
  "SC05_ShoppingBirds_TS09_UpdateQuantityandClickonUpdatecart" : {
    "transaction" : "SC05_ShoppingBirds_TS09_UpdateQuantityandClickonUpdatecart",
    "sampleCount" : 9,
    "errorCount" : 0,
    "errorPct" : 0.0,
    "meanResTime" : 207.00000000000003,
    "medianResTime" : 189.0,
    "minResTime" : 154.0,
    "maxResTime" : 290.0,
    "pct1ResTime" : 290.0,
    "pct2ResTime" : 290.0,
    "pct3ResTime" : 290.0,
    "throughput" : 0.02507292041019298,
    "receivedKBytesPerSec" : 0.11936026878867151,
    "sentKBytesPerSec" : 0.023505862884555917
  },
  "SC01_ShoppingFish_TS04_Login/actions/Account.action-40" : {
    "transaction" : "SC01_ShoppingFish_TS04_Login/actions/Account.action-40",
    "sampleCount" : 116,
    "errorCount" : 0,
    "errorPct" : 0.0,
    "meanResTime" : 410.3189655172414,
    "medianResTime" : 414.0,
    "minResTime" : 306.0,
    "maxResTime" : 564.0,
    "pct1ResTime" : 481.7,
    "pct2ResTime" : 524.3499999999999,
    "pct3ResTime" : 561.4499999999999,
    "throughput" : 0.19219776487254472,
    "receivedKBytesPerSec" : 1.0193581516291246,
    "sentKBytesPerSec" : 0.3068993017297799
  },
  "SC10_LoginLogout_TS01_Launch" : {
    "transaction" : "SC10_LoginLogout_TS01_Launch",
    "sampleCount" : 12,
    "errorCount" : 0,
    "errorPct" : 0.0,
    "meanResTime" : 658.3333333333334,
    "medianResTime" : 642.0,
    "minResTime" : 444.0,
    "maxResTime" : 897.0,
    "pct1ResTime" : 883.2,
    "pct2ResTime" : 897.0,
    "pct3ResTime" : 897.0,
    "throughput" : 0.023197684871049867,
    "receivedKBytesPerSec" : 0.0328935922194965,
    "sentKBytesPerSec" : 0.01239550771999621
  },
  "SC01_ShoppingFish_TS06_SelectProductID" : {
    "transaction" : "SC01_ShoppingFish_TS06_SelectProductID",
    "sampleCount" : 12,
    "errorCount" : 0,
    "errorPct" : 0.0,
    "meanResTime" : 235.99999999999997,
    "medianResTime" : 231.0,
    "minResTime" : 210.0,
    "maxResTime" : 277.0,
    "pct1ResTime" : 273.40000000000003,
    "pct2ResTime" : 277.0,
    "pct3ResTime" : 277.0,
    "throughput" : 0.02246812334999719,
    "receivedKBytesPerSec" : 0.0928327710451422,
    "sentKBytesPerSec" : 0.01452529068134584
  },
  "SC02_ShoppingDogs_TS10_ClickonProceedtoCheckout" : {
    "transaction" : "SC02_ShoppingDogs_TS10_ClickonProceedtoCheckout",
    "sampleCount" : 9,
    "errorCount" : 0,
    "errorPct" : 0.0,
    "meanResTime" : 219.88888888888889,
    "medianResTime" : 205.0,
    "minResTime" : 178.0,
    "maxResTime" : 278.0,
    "pct1ResTime" : 278.0,
    "pct2ResTime" : 278.0,
    "pct3ResTime" : 278.0,
    "throughput" : 0.025090535013841612,
    "receivedKBytesPerSec" : 0.13750789306413977,
    "sentKBytesPerSec" : 0.014922007640067911
  },
  "ClickonEntertheStore/actions/Catalog.action-27" : {
    "transaction" : "ClickonEntertheStore/actions/Catalog.action-27",
    "sampleCount" : 12,
    "errorCount" : 0,
    "errorPct" : 0.0,
    "meanResTime" : 238.41666666666669,
    "medianResTime" : 239.0,
    "minResTime" : 201.0,
    "maxResTime" : 274.0,
    "pct1ResTime" : 271.6,
    "pct2ResTime" : 274.0,
    "pct3ResTime" : 274.0,
    "throughput" : 0.02246984827234954,
    "receivedKBytesPerSec" : 0.11291427905023697,
    "sentKBytesPerSec" : 0.01239242852715762
  },
  "SC03_ShoppingCats_TS03_ClickonSignin" : {
    "transaction" : "SC03_ShoppingCats_TS03_ClickonSignin",
    "sampleCount" : 12,
    "errorCount" : 0,
    "errorPct" : 0.0,
    "meanResTime" : 220.75,
    "medianResTime" : 216.5,
    "minResTime" : 167.0,
    "maxResTime" : 353.0,
    "pct1ResTime" : 326.9000000000001,
    "pct2ResTime" : 353.0,
    "pct3ResTime" : 353.0,
    "throughput" : 0.02249541655887613,
    "receivedKBytesPerSec" : 0.08994139123841018,
    "sentKBytesPerSec" : 0.01441112623303002
  },
  "Search/actions/Catalog.action-1" : {
    "transaction" : "Search/actions/Catalog.action-1",
    "sampleCount" : 12,
    "errorCount" : 0,
    "errorPct" : 0.0,
    "meanResTime" : 186.08333333333331,
    "medianResTime" : 179.5,
    "minResTime" : 161.0,
    "maxResTime" : 251.0,
    "pct1ResTime" : 244.40000000000003,
    "pct2ResTime" : 251.0,
    "pct3ResTime" : 251.0,
    "throughput" : 0.02252180392142143,
    "receivedKBytesPerSec" : 0.09047210979567093,
    "sentKBytesPerSec" : 0.020289418083507094
  },
  "SC03_ShoppingCats_TS10_ClickonProceedtoCheckout" : {
    "transaction" : "SC03_ShoppingCats_TS10_ClickonProceedtoCheckout",
    "sampleCount" : 9,
    "errorCount" : 0,
    "errorPct" : 0.0,
    "meanResTime" : 217.55555555555557,
    "medianResTime" : 206.0,
    "minResTime" : 167.0,
    "maxResTime" : 279.0,
    "pct1ResTime" : 279.0,
    "pct2ResTime" : 279.0,
    "pct3ResTime" : 279.0,
    "throughput" : 0.025068241323603142,
    "receivedKBytesPerSec" : 0.137189867556125,
    "sentKBytesPerSec" : 0.014908748990306947
  },
  "SC07_OpenMyOrders_TS02_ClickonEntertheStore" : {
    "transaction" : "SC07_OpenMyOrders_TS02_ClickonEntertheStore",
    "sampleCount" : 15,
    "errorCount" : 0,
    "errorPct" : 0.0,
    "meanResTime" : 214.93333333333337,
    "medianResTime" : 211.0,
    "minResTime" : 158.0,
    "maxResTime" : 295.0,
    "pct1ResTime" : 281.8,
    "pct2ResTime" : 295.0,
    "pct3ResTime" : 295.0,
    "throughput" : 0.029847776340662623,
    "receivedKBytesPerSec" : 0.14898237737538553,
    "sentKBytesPerSec" : 0.01653869950751169
  },
  "SC01_ShoppingFish_TS04_Login" : {
    "transaction" : "SC01_ShoppingFish_TS04_Login",
    "sampleCount" : 12,
    "errorCount" : 0,
    "errorPct" : 0.0,
    "meanResTime" : 659.3333333333333,
    "medianResTime" : 645.5,
    "minResTime" : 525.0,
    "maxResTime" : 830.0,
    "pct1ResTime" : 809.6,
    "pct2ResTime" : 830.0,
    "pct3ResTime" : 830.0,
    "throughput" : 0.022452232874559375,
    "receivedKBytesPerSec" : 0.2330734721255529,
    "sentKBytesPerSec" : 0.048960777352432705
  },
  "SC01_ShoppingFish_TS12_ClickonConfirm" : {
    "transaction" : "SC01_ShoppingFish_TS12_ClickonConfirm",
    "sampleCount" : 9,
    "errorCount" : 0,
    "errorPct" : 0.0,
    "meanResTime" : 229.33333333333331,
    "medianResTime" : 226.0,
    "minResTime" : 190.0,
    "maxResTime" : 284.0,
    "pct1ResTime" : 284.0,
    "pct2ResTime" : 284.0,
    "pct3ResTime" : 284.0,
    "throughput" : 0.025051146089933616,
    "receivedKBytesPerSec" : 0.13253513249272822,
    "sentKBytesPerSec" : 0.015192150118992944
  },
  "SC05_ShoppingBirds_TS08_ClickonAddtocart" : {
    "transaction" : "SC05_ShoppingBirds_TS08_ClickonAddtocart",
    "sampleCount" : 10,
    "errorCount" : 0,
    "errorPct" : 0.0,
    "meanResTime" : 203.09999999999997,
    "medianResTime" : 193.0,
    "minResTime" : 159.0,
    "maxResTime" : 258.0,
    "pct1ResTime" : 257.7,
    "pct2ResTime" : 258.0,
    "pct3ResTime" : 258.0,
    "throughput" : 0.019116547857321732,
    "receivedKBytesPerSec" : 0.09097721940731056,
    "sentKBytesPerSec" : 0.012265206974863652
  },
  "SC06_Search_TS07_SelectItemID" : {
    "transaction" : "SC06_Search_TS07_SelectItemID",
    "sampleCount" : 12,
    "errorCount" : 0,
    "errorPct" : 0.0,
    "meanResTime" : 544.5833333333333,
    "medianResTime" : 557.0,
    "minResTime" : 459.0,
    "maxResTime" : 634.0,
    "pct1ResTime" : 631.3,
    "pct2ResTime" : 634.0,
    "pct3ResTime" : 634.0,
    "throughput" : 0.022500773464087825,
    "receivedKBytesPerSec" : 0.08819028740050439,
    "sentKBytesPerSec" : 0.014403571294638252
  },
  "SC08_AddToCartDeleteCart_TS01_Launch" : {
    "transaction" : "SC08_AddToCartDeleteCart_TS01_Launch",
    "sampleCount" : 12,
    "errorCount" : 0,
    "errorPct" : 0.0,
    "meanResTime" : 673.6666666666666,
    "medianResTime" : 643.5,
    "minResTime" : 479.0,
    "maxResTime" : 889.0,
    "pct1ResTime" : 864.1000000000001,
    "pct2ResTime" : 889.0,
    "pct3ResTime" : 889.0,
    "throughput" : 0.025384039362183704,
    "receivedKBytesPerSec" : 0.03599377456434642,
    "sentKBytesPerSec" : 0.013454284534985553
  },
  "SC04_ShoppingReptiles_TS09_UpdateQuantityandClickonUpdatecart" : {
    "transaction" : "SC04_ShoppingReptiles_TS09_UpdateQuantityandClickonUpdatecart",
    "sampleCount" : 9,
    "errorCount" : 0,
    "errorPct" : 0.0,
    "meanResTime" : 221.0,
    "medianResTime" : 239.0,
    "minResTime" : 162.0,
    "maxResTime" : 302.0,
    "pct1ResTime" : 302.0,
    "pct2ResTime" : 302.0,
    "pct3ResTime" : 302.0,
    "throughput" : 0.025124576022779618,
    "receivedKBytesPerSec" : 0.1195598313861787,
    "sentKBytesPerSec" : 0.02355429002135589
  },
  "SC03_ShoppingCats_TS13_ClickonSignout" : {
    "transaction" : "SC03_ShoppingCats_TS13_ClickonSignout",
    "sampleCount" : 9,
    "errorCount" : 0,
    "errorPct" : 0.0,
    "meanResTime" : 621.4444444444445,
    "medianResTime" : 635.0,
    "minResTime" : 475.0,
    "maxResTime" : 778.0,
    "pct1ResTime" : 778.0,
    "pct2ResTime" : 778.0,
    "pct3ResTime" : 778.0,
    "throughput" : 0.02505505151596981,
    "receivedKBytesPerSec" : 0.2508196612209048,
    "sentKBytesPerSec" : 0.0459505729951087
  },
  "SC01_ShoppingFish_TS03_ClickonSignin/actions/Account.action;jsessionid=34F99D495B390338C9E133C417A8040F-37" : {
    "transaction" : "SC01_ShoppingFish_TS03_ClickonSignin/actions/Account.action;jsessionid=34F99D495B390338C9E133C417A8040F-37",
    "sampleCount" : 120,
    "errorCount" : 0,
    "errorPct" : 0.0,
    "meanResTime" : 217.69166666666666,
    "medianResTime" : 211.0,
    "minResTime" : 163.0,
    "maxResTime" : 353.0,
    "pct1ResTime" : 280.40000000000003,
    "pct2ResTime" : 307.0,
    "pct3ResTime" : 353.0,
    "throughput" : 0.19754289561668775,
    "receivedKBytesPerSec" : 0.7899722390499504,
    "sentKBytesPerSec" : 0.1265509175044406
  },
  "SC11_CreateAccount_TS04_ClickonRegisterNow/actions/Account.action-1" : {
    "transaction" : "SC11_CreateAccount_TS04_ClickonRegisterNow/actions/Account.action-1",
    "sampleCount" : 3,
    "errorCount" : 0,
    "errorPct" : 0.0,
    "meanResTime" : 241.33333333333334,
    "medianResTime" : 228.0,
    "minResTime" : 173.0,
    "maxResTime" : 323.0,
    "pct1ResTime" : 323.0,
    "pct2ResTime" : 323.0,
    "pct3ResTime" : 323.0,
    "throughput" : 0.006445513922310072,
    "receivedKBytesPerSec" : 0.038144349969920936,
    "sentKBytesPerSec" : 0.003952912835166724
  },
  "Login/actions/Account.action-40-1" : {
    "transaction" : "Login/actions/Account.action-40-1",
    "sampleCount" : 12,
    "errorCount" : 0,
    "errorPct" : 0.0,
    "meanResTime" : 210.83333333333331,
    "medianResTime" : 199.0,
    "minResTime" : 156.0,
    "maxResTime" : 325.0,
    "pct1ResTime" : 309.40000000000003,
    "pct2ResTime" : 325.0,
    "pct3ResTime" : 325.0,
    "throughput" : 0.022470942262786436,
    "receivedKBytesPerSec" : 0.11411025367821236,
    "sentKBytesPerSec" : 0.015097664332809634
  },
  "Login/actions/Account.action-40-0" : {
    "transaction" : "Login/actions/Account.action-40-0",
    "sampleCount" : 12,
    "errorCount" : 0,
    "errorPct" : 0.0,
    "meanResTime" : 238.0,
    "medianResTime" : 234.5,
    "minResTime" : 198.0,
    "maxResTime" : 300.0,
    "pct1ResTime" : 287.70000000000005,
    "pct2ResTime" : 300.0,
    "pct3ResTime" : 300.0,
    "throughput" : 0.02246959582814504,
    "receivedKBytesPerSec" : 0.005046881875462266,
    "sentKBytesPerSec" : 0.020736101618747133
  },
  "ClickonSignout/actions/Catalog.action-57" : {
    "transaction" : "ClickonSignout/actions/Catalog.action-57",
    "sampleCount" : 9,
    "errorCount" : 0,
    "errorPct" : 0.0,
    "meanResTime" : 203.88888888888889,
    "medianResTime" : 205.0,
    "minResTime" : 162.0,
    "maxResTime" : 230.0,
    "pct1ResTime" : 230.0,
    "pct2ResTime" : 230.0,
    "pct3ResTime" : 230.0,
    "throughput" : 0.025058818615917917,
    "receivedKBytesPerSec" : 0.12169678220406233,
    "sentKBytesPerSec" : 0.015245746091520376
  },
  "SC01_ShoppingFish_TS02_ClickonEntertheStore" : {
    "transaction" : "SC01_ShoppingFish_TS02_ClickonEntertheStore",
    "sampleCount" : 12,
    "errorCount" : 0,
    "errorPct" : 0.0,
    "meanResTime" : 238.41666666666669,
    "medianResTime" : 239.0,
    "minResTime" : 201.0,
    "maxResTime" : 274.0,
    "pct1ResTime" : 271.6,
    "pct2ResTime" : 274.0,
    "pct3ResTime" : 274.0,
    "throughput" : 0.02246984827234954,
    "receivedKBytesPerSec" : 0.11291427905023697,
    "sentKBytesPerSec" : 0.01239242852715762
  },
  "SC01_ShoppingFish_TS11_EnterPaymentsDetailsandClickonContinue" : {
    "transaction" : "SC01_ShoppingFish_TS11_EnterPaymentsDetailsandClickonContinue",
    "sampleCount" : 9,
    "errorCount" : 0,
    "errorPct" : 0.0,
    "meanResTime" : 231.66666666666666,
    "medianResTime" : 240.0,
    "minResTime" : 172.0,
    "maxResTime" : 299.0,
    "pct1ResTime" : 299.0,
    "pct2ResTime" : 299.0,
    "pct3ResTime" : 299.0,
    "throughput" : 0.02504961214850523,
    "receivedKBytesPerSec" : 0.11543859348515255,
    "sentKBytesPerSec" : 0.030896152483947375
  },
  "SC09_OpenCart_TS05_OpenCart" : {
    "transaction" : "SC09_OpenCart_TS05_OpenCart",
    "sampleCount" : 15,
    "errorCount" : 0,
    "errorPct" : 0.0,
    "meanResTime" : 209.26666666666668,
    "medianResTime" : 200.0,
    "minResTime" : 175.0,
    "maxResTime" : 255.0,
    "pct1ResTime" : 250.2,
    "pct2ResTime" : 255.0,
    "pct3ResTime" : 255.0,
    "throughput" : 0.03260791589766331,
    "receivedKBytesPerSec" : 0.14144957267326216,
    "sentKBytesPerSec" : 0.020634696778990068
  },
  "ClickonFish/actions/Catalog.action-43" : {
    "transaction" : "ClickonFish/actions/Catalog.action-43",
    "sampleCount" : 12,
    "errorCount" : 0,
    "errorPct" : 0.0,
    "meanResTime" : 236.1666666666667,
    "medianResTime" : 238.0,
    "minResTime" : 173.0,
    "maxResTime" : 298.0,
    "pct1ResTime" : 296.8,
    "pct2ResTime" : 298.0,
    "pct3ResTime" : 298.0,
    "throughput" : 0.022470226949292186,
    "receivedKBytesPerSec" : 0.09049532806531346,
    "sentKBytesPerSec" : 0.013824456033255937
  },
  "SC04_ShoppingReptiles_TS07_SelectItemID" : {
    "transaction" : "SC04_ShoppingReptiles_TS07_SelectItemID",
    "sampleCount" : 12,
    "errorCount" : 0,
    "errorPct" : 0.0,
    "meanResTime" : 561.5,
    "medianResTime" : 568.5,
    "minResTime" : 463.0,
    "maxResTime" : 647.0,
    "pct1ResTime" : 644.3,
    "pct2ResTime" : 647.0,
    "pct3ResTime" : 647.0,
    "throughput" : 0.022526496791851414,
    "receivedKBytesPerSec" : 0.08795746387313076,
    "sentKBytesPerSec" : 0.014431037007279813
  },
  "SC08_AddToCartDeleteCart_TS09_ClickonRemove/actions/Cart.action-1" : {
    "transaction" : "SC08_AddToCartDeleteCart_TS09_ClickonRemove/actions/Cart.action-1",
    "sampleCount" : 12,
    "errorCount" : 0,
    "errorPct" : 0.0,
    "meanResTime" : 230.5,
    "medianResTime" : 225.0,
    "minResTime" : 160.0,
    "maxResTime" : 320.0,
    "pct1ResTime" : 316.1,
    "pct2ResTime" : 320.0,
    "pct3ResTime" : 320.0,
    "throughput" : 0.025401825121134956,
    "receivedKBytesPerSec" : 0.11019033905086081,
    "sentKBytesPerSec" : 0.015743839528203435
  },
  "SC04_ShoppingReptiles_TS05_ClickonReptiles" : {
    "transaction" : "SC04_ShoppingReptiles_TS05_ClickonReptiles",
    "sampleCount" : 12,
    "errorCount" : 0,
    "errorPct" : 0.0,
    "meanResTime" : 209.91666666666669,
    "medianResTime" : 193.5,
    "minResTime" : 165.0,
    "maxResTime" : 284.0,
    "pct1ResTime" : 282.8,
    "pct2ResTime" : 284.0,
    "pct3ResTime" : 284.0,
    "throughput" : 0.022535041990294907,
    "receivedKBytesPerSec" : 0.08503457251025344,
    "sentKBytesPerSec" : 0.013952359982272433
  },
  "SC10_LoginLogout_TS04_Login" : {
    "transaction" : "SC10_LoginLogout_TS04_Login",
    "sampleCount" : 12,
    "errorCount" : 0,
    "errorPct" : 0.0,
    "meanResTime" : 653.4166666666667,
    "medianResTime" : 646.0,
    "minResTime" : 519.0,
    "maxResTime" : 921.0,
    "pct1ResTime" : 856.8000000000002,
    "pct2ResTime" : 921.0,
    "pct3ResTime" : 921.0,
    "throughput" : 0.023211729660721884,
    "receivedKBytesPerSec" : 0.24095770145847034,
    "sentKBytesPerSec" : 0.05061698469960153
  },
  "SC04_ShoppingReptiles_TS04_Login" : {
    "transaction" : "SC04_ShoppingReptiles_TS04_Login",
    "sampleCount" : 12,
    "errorCount" : 0,
    "errorPct" : 0.0,
    "meanResTime" : 595.9166666666667,
    "medianResTime" : 604.5,
    "minResTime" : 478.0,
    "maxResTime" : 792.0,
    "pct1ResTime" : 744.3000000000002,
    "pct2ResTime" : 792.0,
    "pct3ResTime" : 792.0,
    "throughput" : 0.02251732426635743,
    "receivedKBytesPerSec" : 0.23379315585928925,
    "sentKBytesPerSec" : 0.04914669896026255
  },
  "SC08_AddToCartDeleteCart_TS04_Login" : {
    "transaction" : "SC08_AddToCartDeleteCart_TS04_Login",
    "sampleCount" : 12,
    "errorCount" : 0,
    "errorPct" : 0.0,
    "meanResTime" : 645.4166666666667,
    "medianResTime" : 644.0,
    "minResTime" : 528.0,
    "maxResTime" : 792.0,
    "pct1ResTime" : 772.8000000000001,
    "pct2ResTime" : 792.0,
    "pct3ResTime" : 792.0,
    "throughput" : 0.02538887290330225,
    "receivedKBytesPerSec" : 0.26360790694131786,
    "sentKBytesPerSec" : 0.055414190370000505
  },
  "SC11_CreateAccount_TS05_EnterAccInfoandclickonSave/actions/Account.action-2-0" : {
    "transaction" : "SC11_CreateAccount_TS05_EnterAccInfoandclickonSave/actions/Account.action-2-0",
    "sampleCount" : 3,
    "errorCount" : 0,
    "errorPct" : 0.0,
    "meanResTime" : 221.33333333333334,
    "medianResTime" : 235.0,
    "minResTime" : 183.0,
    "maxResTime" : 246.0,
    "pct1ResTime" : 246.0,
    "pct2ResTime" : 246.0,
    "pct3ResTime" : 246.0,
    "throughput" : 0.006445320053109437,
    "receivedKBytesPerSec" : 0.0014476793088038775,
    "sentKBytesPerSec" : 0.009529506406648132
  },
  "SC11_CreateAccount_TS05_EnterAccInfoandclickonSave/actions/Account.action-2-1" : {
    "transaction" : "SC11_CreateAccount_TS05_EnterAccInfoandclickonSave/actions/Account.action-2-1",
    "sampleCount" : 3,
    "errorCount" : 0,
    "errorPct" : 0.0,
    "meanResTime" : 206.0,
    "medianResTime" : 200.0,
    "minResTime" : 199.0,
    "maxResTime" : 219.0,
    "pct1ResTime" : 219.0,
    "pct2ResTime" : 219.0,
    "pct3ResTime" : 219.0,
    "throughput" : 0.0064456939541539275,
    "receivedKBytesPerSec" : 0.03130316018946043,
    "sentKBytesPerSec" : 0.004431414593480825
  },
  "SC01_ShoppingFish_TS11_EnterPaymentsDetailsandClickonContinue/actions/Order.action-53" : {
    "transaction" : "SC01_ShoppingFish_TS11_EnterPaymentsDetailsandClickonContinue/actions/Order.action-53",
    "sampleCount" : 45,
    "errorCount" : 0,
    "errorPct" : 0.0,
    "meanResTime" : 225.82222222222217,
    "medianResTime" : 238.0,
    "minResTime" : 156.0,
    "maxResTime" : 271.0,
    "pct1ResTime" : 264.0,
    "pct2ResTime" : 268.0,
    "pct3ResTime" : 271.0,
    "throughput" : 0.11899756451651289,
    "receivedKBytesPerSec" : 0.5497956051555034,
    "sentKBytesPerSec" : 0.14677141014097245
  },
  "SC09_OpenCart_TS02_ClickonEntertheStore" : {
    "transaction" : "SC09_OpenCart_TS02_ClickonEntertheStore",
    "sampleCount" : 18,
    "errorCount" : 0,
    "errorPct" : 0.0,
    "meanResTime" : 214.2222222222222,
    "medianResTime" : 198.0,
    "minResTime" : 166.0,
    "maxResTime" : 392.0,
    "pct1ResTime" : 269.6000000000002,
    "pct2ResTime" : 392.0,
    "pct3ResTime" : 392.0,
    "throughput" : 0.03143736890180538,
    "receivedKBytesPerSec" : 0.15620954349010682,
    "sentKBytesPerSec" : 0.017473732877549702
  },
  "SC01_ShoppingFish_TS05_ClickonFish" : {
    "transaction" : "SC01_ShoppingFish_TS05_ClickonFish",
    "sampleCount" : 12,
    "errorCount" : 0,
    "errorPct" : 0.0,
    "meanResTime" : 236.1666666666667,
    "medianResTime" : 238.0,
    "minResTime" : 173.0,
    "maxResTime" : 298.0,
    "pct1ResTime" : 296.8,
    "pct2ResTime" : 298.0,
    "pct3ResTime" : 298.0,
    "throughput" : 0.022470226949292186,
    "receivedKBytesPerSec" : 0.09049532806531346,
    "sentKBytesPerSec" : 0.013824456033255937
  },
  "SC04_ShoppingReptiles_TS11_EnterPaymentsDetailsandClickonContinue" : {
    "transaction" : "SC04_ShoppingReptiles_TS11_EnterPaymentsDetailsandClickonContinue",
    "sampleCount" : 9,
    "errorCount" : 0,
    "errorPct" : 0.0,
    "meanResTime" : 212.55555555555557,
    "medianResTime" : 208.0,
    "minResTime" : 156.0,
    "maxResTime" : 264.0,
    "pct1ResTime" : 264.0,
    "pct2ResTime" : 264.0,
    "pct3ResTime" : 264.0,
    "throughput" : 0.025132925249095214,
    "receivedKBytesPerSec" : 0.11601888442624324,
    "sentKBytesPerSec" : 0.030998910732038337
  },
  "SC03_ShoppingCats_TS07_SelectItemID" : {
    "transaction" : "SC03_ShoppingCats_TS07_SelectItemID",
    "sampleCount" : 12,
    "errorCount" : 0,
    "errorPct" : 0.0,
    "meanResTime" : 607.75,
    "medianResTime" : 619.0,
    "minResTime" : 500.0,
    "maxResTime" : 766.0,
    "pct1ResTime" : 744.7,
    "pct2ResTime" : 766.0,
    "pct3ResTime" : 766.0,
    "throughput" : 0.02248610077895601,
    "receivedKBytesPerSec" : 0.08803396291292445,
    "sentKBytesPerSec" : 0.014427117394310641
  },
  "SC05_ShoppingBirds_TS10_ClickonProceedtoCheckout" : {
    "transaction" : "SC05_ShoppingBirds_TS10_ClickonProceedtoCheckout",
    "sampleCount" : 9,
    "errorCount" : 0,
    "errorPct" : 0.0,
    "meanResTime" : 200.77777777777774,
    "medianResTime" : 205.0,
    "minResTime" : 146.0,
    "maxResTime" : 255.0,
    "pct1ResTime" : 255.0,
    "pct2ResTime" : 255.0,
    "pct3ResTime" : 255.0,
    "throughput" : 0.0250700568811735,
    "receivedKBytesPerSec" : 0.1370039436592255,
    "sentKBytesPerSec" : 0.014909828750619787
  },
  "SC02_ShoppingDogs_TS03_ClickonSignin" : {
    "transaction" : "SC02_ShoppingDogs_TS03_ClickonSignin",
    "sampleCount" : 12,
    "errorCount" : 0,
    "errorPct" : 0.0,
    "meanResTime" : 223.66666666666666,
    "medianResTime" : 231.5,
    "minResTime" : 167.0,
    "maxResTime" : 275.0,
    "pct1ResTime" : 273.2,
    "pct2ResTime" : 275.0,
    "pct3ResTime" : 275.0,
    "throughput" : 0.022495585241396374,
    "receivedKBytesPerSec" : 0.08995671122979615,
    "sentKBytesPerSec" : 0.014411234295269554
  },
  "SC06_Search_TS02_ClickonEntertheStore" : {
    "transaction" : "SC06_Search_TS02_ClickonEntertheStore",
    "sampleCount" : 12,
    "errorCount" : 0,
    "errorPct" : 0.0,
    "meanResTime" : 208.91666666666666,
    "medianResTime" : 194.0,
    "minResTime" : 164.0,
    "maxResTime" : 295.0,
    "pct1ResTime" : 289.0,
    "pct2ResTime" : 295.0,
    "pct3ResTime" : 295.0,
    "throughput" : 0.022517155257661934,
    "receivedKBytesPerSec" : 0.1131520035811659,
    "sentKBytesPerSec" : 0.012418518976332593
  },
  "ClickonSignin/actions/Account.action;jsessionid=34F99D495B390338C9E133C417A8040F-37" : {
    "transaction" : "ClickonSignin/actions/Account.action;jsessionid=34F99D495B390338C9E133C417A8040F-37",
    "sampleCount" : 12,
    "errorCount" : 0,
    "errorPct" : 0.0,
    "meanResTime" : 232.58333333333334,
    "medianResTime" : 233.5,
    "minResTime" : 206.0,
    "maxResTime" : 255.0,
    "pct1ResTime" : 253.5,
    "pct2ResTime" : 255.0,
    "pct3ResTime" : 255.0,
    "throughput" : 0.022469427535159972,
    "receivedKBytesPerSec" : 0.08986308160708836,
    "sentKBytesPerSec" : 0.014394477014711858
  },
  "Total" : {
    "transaction" : "Total",
    "sampleCount" : 1965,
    "errorCount" : 4,
    "errorPct" : 0.20356233,
    "meanResTime" : 287.7394402035625,
    "medianResTime" : 227.0,
    "minResTime" : 142.0,
    "maxResTime" : 1265.0,
    "pct1ResTime" : 536.4000000000001,
    "pct2ResTime" : 634.6999999999998,
    "pct3ResTime" : 833.0399999999995,
    "throughput" : 3.0754831560561193,
    "receivedKBytesPerSec" : 12.33161662468854,
    "sentKBytesPerSec" : 2.341612311773388
  },
  "SC11_CreateAccount_TS05_EnterAccInfoandclickonSave/actions/Catalog.action-3" : {
    "transaction" : "SC11_CreateAccount_TS05_EnterAccInfoandclickonSave/actions/Catalog.action-3",
    "sampleCount" : 3,
    "errorCount" : 0,
    "errorPct" : 0.0,
    "meanResTime" : 197.66666666666666,
    "medianResTime" : 199.0,
    "minResTime" : 193.0,
    "maxResTime" : 201.0,
    "pct1ResTime" : 201.0,
    "pct2ResTime" : 201.0,
    "pct3ResTime" : 201.0,
    "throughput" : 0.006445804747979777,
    "receivedKBytesPerSec" : 0.03130369825361663,
    "sentKBytesPerSec" : 0.003877554418706585
  },
  "SC08_AddToCartDeleteCart_TS10_ClickonSignout" : {
    "transaction" : "SC08_AddToCartDeleteCart_TS10_ClickonSignout",
    "sampleCount" : 12,
    "errorCount" : 0,
    "errorPct" : 0.0,
    "meanResTime" : 584.0,
    "medianResTime" : 593.5,
    "minResTime" : 485.0,
    "maxResTime" : 679.0,
    "pct1ResTime" : 676.0,
    "pct2ResTime" : 679.0,
    "pct3ResTime" : 679.0,
    "throughput" : 0.025376148535056094,
    "receivedKBytesPerSec" : 0.25403408069615235,
    "sentKBytesPerSec" : 0.04653945991097201
  },
  "SC02_ShoppingDogs_TS05_ClickonDogs" : {
    "transaction" : "SC02_ShoppingDogs_TS05_ClickonDogs",
    "sampleCount" : 12,
    "errorCount" : 0,
    "errorPct" : 0.0,
    "meanResTime" : 222.58333333333331,
    "medianResTime" : 226.0,
    "minResTime" : 185.0,
    "maxResTime" : 259.0,
    "pct1ResTime" : 252.40000000000003,
    "pct2ResTime" : 259.0,
    "pct3ResTime" : 259.0,
    "throughput" : 0.022496175650139477,
    "receivedKBytesPerSec" : 0.09683900611895978,
    "sentKBytesPerSec" : 0.01384042056600378
  }
}