{
  "ClickonAddtocart/actions/Cart.action-48" : {
    "transaction" : "ClickonAddtocart/actions/Cart.action-48",
    "sampleCount" : 10,
    "errorCount" : 0,
    "errorPct" : 0.0,
    "meanResTime" : 232.3,
    "medianResTime" : 244.0,
    "minResTime" : 168.0,
    "maxResTime" : 282.0,
    "pct1ResTime" : 280.8,
    "pct2ResTime" : 282.0,
    "pct3ResTime" : 282.0,
    "throughput" : 0.006358629232144651,
    "receivedKBytesPerSec" : 0.030215908050406127,
    "sentKBytesPerSec" : 0.004069771092526957
  },
  "SC04_ShoppingReptiles_TS13_ClickonSignout" : {
    "transaction" : "SC04_ShoppingReptiles_TS13_ClickonSignout",
    "sampleCount" : 10,
    "errorCount" : 0,
    "errorPct" : 0.0,
    "meanResTime" : 627.4000000000001,
    "medianResTime" : 643.0,
    "minResTime" : 538.0,
    "maxResTime" : 670.0,
    "pct1ResTime" : 668.9,
    "pct2ResTime" : 670.0,
    "pct3ResTime" : 670.0,
    "throughput" : 0.00636804362874051,
    "receivedKBytesPerSec" : 0.06374884300607321,
    "sentKBytesPerSec" : 0.011678892514428395
  },
  "SC05_ShoppingBirds_TS01_Launch" : {
    "transaction" : "SC05_ShoppingBirds_TS01_Launch",
    "sampleCount" : 11,
    "errorCount" : 0,
    "errorPct" : 0.0,
    "meanResTime" : 672.7272727272727,
    "medianResTime" : 630.0,
    "minResTime" : 509.0,
    "maxResTime" : 895.0,
    "pct1ResTime" : 878.4000000000001,
    "pct2ResTime" : 895.0,
    "pct3ResTime" : 895.0,
    "throughput" : 0.006294148444630091,
    "receivedKBytesPerSec" : 0.008924905802346573,
    "sentKBytesPerSec" : 0.0033879103355639413
  },
  "SC08_AddToCartDeleteCart_TS03_ClickonSignin" : {
    "transaction" : "SC08_AddToCartDeleteCart_TS03_ClickonSignin",
    "sampleCount" : 12,
    "errorCount" : 0,
    "errorPct" : 0.0,
    "meanResTime" : 213.0,
    "medianResTime" : 206.0,
    "minResTime" : 171.0,
    "maxResTime" : 277.0,
    "pct1ResTime" : 275.2,
    "pct2ResTime" : 277.0,
    "pct3ResTime" : 277.0,
    "throughput" : 0.00708631844497828,
    "receivedKBytesPerSec" : 0.028336046802771225,
    "sentKBytesPerSec" : 0.0045396727538142105
  },
  "SC06_Search_TS01_Launch" : {
    "transaction" : "SC06_Search_TS01_Launch",
    "sampleCount" : 11,
    "errorCount" : 0,
    "errorPct" : 0.0,
    "meanResTime" : 651.6363636363636,
    "medianResTime" : 615.0,
    "minResTime" : 477.0,
    "maxResTime" : 1031.0,
    "pct1ResTime" : 993.8000000000002,
    "pct2ResTime" : 1031.0,
    "pct3ResTime" : 1031.0,
    "throughput" : 0.0062996094242156984,
    "receivedKBytesPerSec" : 0.008932649300743353,
    "sentKBytesPerSec" : 0.003390849781518091
  },
  "SelectProductID/actions/Catalog.action-44" : {
    "transaction" : "SelectProductID/actions/Catalog.action-44",
    "sampleCount" : 11,
    "errorCount" : 0,
    "errorPct" : 0.0,
    "meanResTime" : 231.72727272727272,
    "medianResTime" : 234.0,
    "minResTime" : 200.0,
    "maxResTime" : 284.0,
    "pct1ResTime" : 276.6,
    "pct2ResTime" : 284.0,
    "pct3ResTime" : 284.0,
    "throughput" : 0.00629587042411845,
    "receivedKBytesPerSec" : 0.026129762647115893,
    "sentKBytesPerSec" : 0.004070181856217201
  },
  "SC06_Search_TS06_SelectProductID" : {
    "transaction" : "SC06_Search_TS06_SelectProductID",
    "sampleCount" : 11,
    "errorCount" : 0,
    "errorPct" : 0.0,
    "meanResTime" : 192.9090909090909,
    "medianResTime" : 186.0,
    "minResTime" : 171.0,
    "maxResTime" : 234.0,
    "pct1ResTime" : 233.8,
    "pct2ResTime" : 234.0,
    "pct3ResTime" : 234.0,
    "throughput" : 0.006303587658263029,
    "receivedKBytesPerSec" : 0.02662012231252271,
    "sentKBytesPerSec" : 0.0038904955078342134
  },
  "UpdateQuantityandClickonUpdatecart/actions/Cart.action-49" : {
    "transaction" : "UpdateQuantityandClickonUpdatecart/actions/Cart.action-49",
    "sampleCount" : 10,
    "errorCount" : 0,
    "errorPct" : 0.0,
    "meanResTime" : 234.70000000000002,
    "medianResTime" : 235.0,
    "minResTime" : 166.0,
    "maxResTime" : 303.0,
    "pct1ResTime" : 297.20000000000005,
    "pct2ResTime" : 303.0,
    "pct3ResTime" : 303.0,
    "throughput" : 0.00635881118209664,
    "receivedKBytesPerSec" : 0.03022422439990309,
    "sentKBytesPerSec" : 0.005951449840743574
  },
  "SC01_ShoppingFish_TS03_ClickonSignin" : {
    "transaction" : "SC01_ShoppingFish_TS03_ClickonSignin",
    "sampleCount" : 11,
    "errorCount" : 0,
    "errorPct" : 0.0,
    "meanResTime" : 232.54545454545453,
    "medianResTime" : 232.0,
    "minResTime" : 169.0,
    "maxResTime" : 322.0,
    "pct1ResTime" : 313.8,
    "pct2ResTime" : 322.0,
    "pct3ResTime" : 322.0,
    "throughput" : 0.006295715479447351,
    "receivedKBytesPerSec" : 0.025176713758141504,
    "sentKBytesPerSec" : 0.004033192729020959
  },
  "SC03_ShoppingCats_TS06_SelectProductID" : {
    "transaction" : "SC03_ShoppingCats_TS06_SelectProductID",
    "sampleCount" : 11,
    "errorCount" : 0,
    "errorPct" : 0.0,
    "meanResTime" : 217.8181818181818,
    "medianResTime" : 236.0,
    "minResTime" : 168.0,
    "maxResTime" : 265.0,
    "pct1ResTime" : 262.0,
    "pct2ResTime" : 265.0,
    "pct3ResTime" : 265.0,
    "throughput" : 0.006298653519658957,
    "receivedKBytesPerSec" : 0.026477383181449893,
    "sentKBytesPerSec" : 0.004078132112826063
  },
  "SC01_ShoppingFish_TS07_SelectItemID/actions/Catalog.action-46" : {
    "transaction" : "SC01_ShoppingFish_TS07_SelectItemID/actions/Catalog.action-46",
    "sampleCount" : 62,
    "errorCount" : 0,
    "errorPct" : 0.0,
    "meanResTime" : 606.2096774193546,
    "medianResTime" : 606.0,
    "minResTime" : 445.0,
    "maxResTime" : 1374.0,
    "pct1ResTime" : 677.1,
    "pct2ResTime" : 742.55,
    "pct3ResTime" : 1374.0,
    "throughput" : 0.035972350027211344,
    "receivedKBytesPerSec" : 0.1407379665961918,
    "sentKBytesPerSec" : 0.023045353336957643
  },
  "SC07_OpenMyOrders_TS05_ClickOnMyAccount" : {
    "transaction" : "SC07_OpenMyOrders_TS05_ClickOnMyAccount",
    "sampleCount" : 15,
    "errorCount" : 0,
    "errorPct" : 0.0,
    "meanResTime" : 225.46666666666667,
    "medianResTime" : 234.0,
    "minResTime" : 171.0,
    "maxResTime" : 274.0,
    "pct1ResTime" : 271.6,
    "pct2ResTime" : 274.0,
    "pct3ResTime" : 274.0,
    "throughput" : 0.008685496436919845,
    "receivedKBytesPerSec" : 0.05530105342043535,
    "sentKBytesPerSec" : 0.005233350880448773
  },
  "SC02_ShoppingDogs_TS12_ClickonConfirm" : {
    "transaction" : "SC02_ShoppingDogs_TS12_ClickonConfirm",
    "sampleCount" : 10,
    "errorCount" : 0,
    "errorPct" : 0.0,
    "meanResTime" : 206.6,
    "medianResTime" : 187.0,
    "minResTime" : 170.0,
    "maxResTime" : 294.0,
    "pct1ResTime" : 290.6,
    "pct2ResTime" : 294.0,
    "pct3ResTime" : 294.0,
    "throughput" : 0.006373384745303612,
    "receivedKBytesPerSec" : 0.033898440114083585,
    "sentKBytesPerSec" : 0.0038651093035483816
  },
  "SC01_ShoppingFish_TS01_Launch" : {
    "transaction" : "SC01_ShoppingFish_TS01_Launch",
    "sampleCount" : 11,
    "errorCount" : 0,
    "errorPct" : 0.0,
    "meanResTime" : 705.7272727272727,
    "medianResTime" : 606.0,
    "minResTime" : 542.0,
    "maxResTime" : 1398.0,
    "pct1ResTime" : 1282.6000000000004,
    "pct2ResTime" : 1398.0,
    "pct3ResTime" : 1398.0,
    "throughput" : 0.00629120381041057,
    "receivedKBytesPerSec" : 0.008920730403043113,
    "sentKBytesPerSec" : 0.0033863253464594535
  },
  "SC01_ShoppingFish_TS01_Launch/" : {
    "transaction" : "SC01_ShoppingFish_TS01_Launch/",
    "sampleCount" : 116,
    "errorCount" : 0,
    "errorPct" : 0.0,
    "meanResTime" : 665.8965517241378,
    "medianResTime" : 619.0,
    "minResTime" : 477.0,
    "maxResTime" : 1390.0,
    "pct1ResTime" : 839.4,
    "pct2ResTime" : 906.7499999999998,
    "pct3ResTime" : 1332.5399999999995,
    "throughput" : 0.065079913645687,
    "receivedKBytesPerSec" : 0.09228128380228273,
    "sentKBytesPerSec" : 0.03507501845099707
  },
  "SC08_AddToCartDeleteCart_TS06_SelectProductID" : {
    "transaction" : "SC08_AddToCartDeleteCart_TS06_SelectProductID",
    "sampleCount" : 12,
    "errorCount" : 0,
    "errorPct" : 0.0,
    "meanResTime" : 223.91666666666666,
    "medianResTime" : 218.5,
    "minResTime" : 162.0,
    "maxResTime" : 348.0,
    "pct1ResTime" : 320.1000000000001,
    "pct2ResTime" : 348.0,
    "pct3ResTime" : 348.0,
    "throughput" : 0.007085460693702029,
    "receivedKBytesPerSec" : 0.028663018035744968,
    "sentKBytesPerSec" : 0.004582369476957196
  },
  "SC01_ShoppingFish_TS08_ClickonAddtocart" : {
    "transaction" : "SC01_ShoppingFish_TS08_ClickonAddtocart",
    "sampleCount" : 10,
    "errorCount" : 0,
    "errorPct" : 0.0,
    "meanResTime" : 232.3,
    "medianResTime" : 244.0,
    "minResTime" : 168.0,
    "maxResTime" : 282.0,
    "pct1ResTime" : 280.8,
    "pct2ResTime" : 282.0,
    "pct3ResTime" : 282.0,
    "throughput" : 0.006358633275363793,
    "receivedKBytesPerSec" : 0.030215927263593963,
    "sentKBytesPerSec" : 0.004069773680345147
  },
  "SC07_OpenMyOrders_TS03_ClickonSignin" : {
    "transaction" : "SC07_OpenMyOrders_TS03_ClickonSignin",
    "sampleCount" : 15,
    "errorCount" : 0,
    "errorPct" : 0.0,
    "meanResTime" : 223.13333333333335,
    "medianResTime" : 233.0,
    "minResTime" : 165.0,
    "maxResTime" : 265.0,
    "pct1ResTime" : 254.8,
    "pct2ResTime" : 265.0,
    "pct3ResTime" : 265.0,
    "throughput" : 0.00868559199257903,
    "receivedKBytesPerSec" : 0.0347395406291727,
    "sentKBytesPerSec" : 0.005564207370245941
  },
  "SC02_ShoppingDogs_TS08_ClickonAddtocart" : {
    "transaction" : "SC02_ShoppingDogs_TS08_ClickonAddtocart",
    "sampleCount" : 10,
    "errorCount" : 0,
    "errorPct" : 0.0,
    "meanResTime" : 183.79999999999998,
    "medianResTime" : 173.0,
    "minResTime" : 166.0,
    "maxResTime" : 230.0,
    "pct1ResTime" : 229.1,
    "pct2ResTime" : 230.0,
    "pct3ResTime" : 230.0,
    "throughput" : 0.006373336001636672,
    "receivedKBytesPerSec" : 0.03036732781795458,
    "sentKBytesPerSec" : 0.004084163168236313
  },
  "SC04_ShoppingReptiles_TS01_Launch" : {
    "transaction" : "SC04_ShoppingReptiles_TS01_Launch",
    "sampleCount" : 11,
    "errorCount" : 0,
    "errorPct" : 0.0,
    "meanResTime" : 695.8181818181816,
    "medianResTime" : 620.0,
    "minResTime" : 553.0,
    "maxResTime" : 1390.0,
    "pct1ResTime" : 1273.4000000000005,
    "pct2ResTime" : 1390.0,
    "pct3ResTime" : 1390.0,
    "throughput" : 0.00630043570376726,
    "receivedKBytesPerSec" : 0.008933820939326232,
    "sentKBytesPerSec" : 0.003391294537636798
  },
  "SC06_Search_TS09_UpdateQuantityandClickonUpdatecart" : {
    "transaction" : "SC06_Search_TS09_UpdateQuantityandClickonUpdatecart",
    "sampleCount" : 10,
    "errorCount" : 0,
    "errorPct" : 0.0,
    "meanResTime" : 224.70000000000002,
    "medianResTime" : 225.0,
    "minResTime" : 172.0,
    "maxResTime" : 307.0,
    "pct1ResTime" : 305.8,
    "pct2ResTime" : 307.0,
    "pct3ResTime" : 307.0,
    "throughput" : 0.006367107015787879,
    "receivedKBytesPerSec" : 0.030360032642565895,
    "sentKBytesPerSec" : 0.005962944949356031
  },
  "SC09_OpenCart_TS04_Login" : {
    "transaction" : "SC09_OpenCart_TS04_Login",
    "sampleCount" : 16,
    "errorCount" : 0,
    "errorPct" : 0.0,
    "meanResTime" : 663.875,
    "medianResTime" : 647.0,
    "minResTime" : 591.0,
    "maxResTime" : 742.0,
    "pct1ResTime" : 737.1,
    "pct2ResTime" : 742.0,
    "pct3ResTime" : 742.0,
    "throughput" : 0.009456868405311923,
    "receivedKBytesPerSec" : 0.09817042104342358,
    "sentKBytesPerSec" : 0.020631488298307455
  },
  "SC06_Search_TS04_Login" : {
    "transaction" : "SC06_Search_TS04_Login",
    "sampleCount" : 11,
    "errorCount" : 0,
    "errorPct" : 0.0,
    "meanResTime" : 608.5454545454546,
    "medianResTime" : 608.0,
    "minResTime" : 536.0,
    "maxResTime" : 730.0,
    "pct1ResTime" : 714.0,
    "pct2ResTime" : 730.0,
    "pct3ResTime" : 730.0,
    "throughput" : 0.006301753147725697,
    "receivedKBytesPerSec" : 0.06544222946573737,
    "sentKBytesPerSec" : 0.013766622843224986
  },
  "SC06_Search_TS03_ClickonSignin" : {
    "transaction" : "SC06_Search_TS03_ClickonSignin",
    "sampleCount" : 11,
    "errorCount" : 0,
    "errorPct" : 0.0,
    "meanResTime" : 240.8181818181818,
    "medianResTime" : 232.0,
    "minResTime" : 172.0,
    "maxResTime" : 414.0,
    "pct1ResTime" : 388.80000000000007,
    "pct2ResTime" : 414.0,
    "pct3ResTime" : 414.0,
    "throughput" : 0.0063028327795435265,
    "receivedKBytesPerSec" : 0.025207414229905564,
    "sentKBytesPerSec" : 0.004037752249395071
  },
  "SC09_OpenCart_TS03_ClickonSignin" : {
    "transaction" : "SC09_OpenCart_TS03_ClickonSignin",
    "sampleCount" : 16,
    "errorCount" : 0,
    "errorPct" : 0.0,
    "meanResTime" : 234.6875,
    "medianResTime" : 232.5,
    "minResTime" : 206.0,
    "maxResTime" : 286.0,
    "pct1ResTime" : 276.2,
    "pct2ResTime" : 286.0,
    "pct3ResTime" : 286.0,
    "throughput" : 0.009459143888358454,
    "receivedKBytesPerSec" : 0.037831956830832084,
    "sentKBytesPerSec" : 0.006059764053479635
  },
  "SC01_ShoppingFish_TS12_ClickonConfirm/actions/Order.action-55" : {
    "transaction" : "SC01_ShoppingFish_TS12_ClickonConfirm/actions/Order.action-55",
    "sampleCount" : 50,
    "errorCount" : 0,
    "errorPct" : 0.0,
    "meanResTime" : 216.33999999999997,
    "medianResTime" : 211.5,
    "minResTime" : 163.0,
    "maxResTime" : 371.0,
    "pct1ResTime" : 269.2,
    "pct2ResTime" : 300.9,
    "pct3ResTime" : 371.0,
    "throughput" : 0.03143598313522377,
    "receivedKBytesPerSec" : 0.16687165383607014,
    "sentKBytesPerSec" : 0.019064204616185507
  },
  "SC05_ShoppingBirds_TS07_SelectItemID" : {
    "transaction" : "SC05_ShoppingBirds_TS07_SelectItemID",
    "sampleCount" : 10,
    "errorCount" : 0,
    "errorPct" : 0.0,
    "meanResTime" : 691.0,
    "medianResTime" : 630.0,
    "minResTime" : 498.0,
    "maxResTime" : 1374.0,
    "pct1ResTime" : 1304.4,
    "pct2ResTime" : 1374.0,
    "pct3ResTime" : 1374.0,
    "throughput" : 0.0063578004807768726,
    "receivedKBytesPerSec" : 0.024884828444290727,
    "sentKBytesPerSec" : 0.004072965932997684
  },
  "SC02_ShoppingDogs_TS04_Login" : {
    "transaction" : "SC02_ShoppingDogs_TS04_Login",
    "sampleCount" : 11,
    "errorCount" : 0,
    "errorPct" : 0.0,
    "meanResTime" : 607.1818181818181,
    "medianResTime" : 622.0,
    "minResTime" : 472.0,
    "maxResTime" : 668.0,
    "pct1ResTime" : 665.0,
    "pct2ResTime" : 668.0,
    "pct3ResTime" : 668.0,
    "throughput" : 0.006307227337128755,
    "receivedKBytesPerSec" : 0.06549907763967498,
    "sentKBytesPerSec" : 0.013778581594879907
  },
  "SC07_OpenMyOrders_TS05_ClickOnMyAccount/actions/Account.action-1" : {
    "transaction" : "SC07_OpenMyOrders_TS05_ClickOnMyAccount/actions/Account.action-1",
    "sampleCount" : 15,
    "errorCount" : 0,
    "errorPct" : 0.0,
    "meanResTime" : 225.46666666666667,
    "medianResTime" : 234.0,
    "minResTime" : 171.0,
    "maxResTime" : 274.0,
    "pct1ResTime" : 271.6,
    "pct2ResTime" : 274.0,
    "pct3ResTime" : 274.0,
    "throughput" : 0.008685501466112647,
    "receivedKBytesPerSec" : 0.05530108544159405,
    "sentKBytesPerSec" : 0.00523335391073389
  },
  "SC03_ShoppingCats_TS01_Launch" : {
    "transaction" : "SC03_ShoppingCats_TS01_Launch",
    "sampleCount" : 11,
    "errorCount" : 0,
    "errorPct" : 0.0,
    "meanResTime" : 690.7272727272727,
    "medianResTime" : 622.0,
    "minResTime" : 577.0,
    "maxResTime" : 1052.0,
    "pct1ResTime" : 1022.2,
    "pct2ResTime" : 1052.0,
    "pct3ResTime" : 1052.0,
    "throughput" : 0.006295052546520438,
    "receivedKBytesPerSec" : 0.008926187790573904,
    "sentKBytesPerSec" : 0.00338839698060666
  },
  "EnterPaymentsDetailsandClickonContinue/actions/Order.action-53" : {
    "transaction" : "EnterPaymentsDetailsandClickonContinue/actions/Order.action-53",
    "sampleCount" : 10,
    "errorCount" : 0,
    "errorPct" : 0.0,
    "meanResTime" : 244.7,
    "medianResTime" : 243.5,
    "minResTime" : 168.0,
    "maxResTime" : 319.0,
    "pct1ResTime" : 314.40000000000003,
    "pct2ResTime" : 319.0,
    "pct3ResTime" : 319.0,
    "throughput" : 0.006358762661091304,
    "receivedKBytesPerSec" : 0.029303711911806505,
    "sentKBytesPerSec" : 0.007842887930623356
  },
  "SC02_ShoppingDogs_TS13_ClickonSignout" : {
    "transaction" : "SC02_ShoppingDogs_TS13_ClickonSignout",
    "sampleCount" : 10,
    "errorCount" : 0,
    "errorPct" : 0.0,
    "meanResTime" : 611.3,
    "medianResTime" : 621.0,
    "minResTime" : 458.0,
    "maxResTime" : 852.0,
    "pct1ResTime" : 831.8000000000001,
    "pct2ResTime" : 852.0,
    "pct3ResTime" : 852.0,
    "throughput" : 0.006371638562430908,
    "receivedKBytesPerSec" : 0.06378483096042895,
    "sentKBytesPerSec" : 0.011685485566645747
  },
  "Launch/" : {
    "transaction" : "Launch/",
    "sampleCount" : 11,
    "errorCount" : 0,
    "errorPct" : 0.0,
    "meanResTime" : 705.7272727272727,
    "medianResTime" : 606.0,
    "minResTime" : 542.0,
    "maxResTime" : 1398.0,
    "pct1ResTime" : 1282.6000000000004,
    "pct2ResTime" : 1398.0,
    "pct3ResTime" : 1398.0,
    "throughput" : 0.006291473680477786,
    "receivedKBytesPerSec" : 0.008921113070364986,
    "sentKBytesPerSec" : 0.0033864706076648455
  },
  "SC01_ShoppingFish_TS13_ClickonSignout" : {
    "transaction" : "SC01_ShoppingFish_TS13_ClickonSignout",
    "sampleCount" : 10,
    "errorCount" : 0,
    "errorPct" : 0.0,
    "meanResTime" : 661.8000000000001,
    "medianResTime" : 637.0,
    "minResTime" : 580.0,
    "maxResTime" : 870.0,
    "pct1ResTime" : 853.9000000000001,
    "pct2ResTime" : 870.0,
    "pct3ResTime" : 870.0,
    "throughput" : 0.006357198255584799,
    "receivedKBytesPerSec" : 0.06364027277148415,
    "sentKBytesPerSec" : 0.011659002269519778
  },
  "SC06_Search_TS05_Search" : {
    "transaction" : "SC06_Search_TS05_Search",
    "sampleCount" : 11,
    "errorCount" : 0,
    "errorPct" : 0.0,
    "meanResTime" : 208.0909090909091,
    "medianResTime" : 183.0,
    "minResTime" : 163.0,
    "maxResTime" : 374.0,
    "pct1ResTime" : 349.2000000000001,
    "pct2ResTime" : 374.0,
    "pct3ResTime" : 374.0,
    "throughput" : 0.0063033492559755756,
    "receivedKBytesPerSec" : 0.025412615093427095,
    "sentKBytesPerSec" : 0.005678834184094472
  },
  "SC04_ShoppingReptiles_TS06_SelectProductID" : {
    "transaction" : "SC04_ShoppingReptiles_TS06_SelectProductID",
    "sampleCount" : 11,
    "errorCount" : 0,
    "errorPct" : 0.0,
    "meanResTime" : 210.1818181818182,
    "medianResTime" : 182.0,
    "minResTime" : 163.0,
    "maxResTime" : 374.0,
    "pct1ResTime" : 354.20000000000005,
    "pct2ResTime" : 374.0,
    "pct3ResTime" : 374.0,
    "throughput" : 0.006305607576818064,
    "receivedKBytesPerSec" : 0.02581302121578993,
    "sentKBytesPerSec" : 0.004076476773294491
  },
  "SC05_ShoppingBirds_TS02_ClickonEntertheStore" : {
    "transaction" : "SC05_ShoppingBirds_TS02_ClickonEntertheStore",
    "sampleCount" : 11,
    "errorCount" : 0,
    "errorPct" : 0.0,
    "meanResTime" : 230.45454545454544,
    "medianResTime" : 236.0,
    "minResTime" : 177.0,
    "maxResTime" : 266.0,
    "pct1ResTime" : 263.6,
    "pct2ResTime" : 266.0,
    "pct3ResTime" : 266.0,
    "throughput" : 0.0062965010915843255,
    "receivedKBytesPerSec" : 0.030964877616053103,
    "sentKBytesPerSec" : 0.0035244530701739325
  },
  "ClickonSignout/actions/Account.action-56-0" : {
    "transaction" : "ClickonSignout/actions/Account.action-56-0",
    "sampleCount" : 10,
    "errorCount" : 0,
    "errorPct" : 0.0,
    "meanResTime" : 239.0,
    "medianResTime" : 228.5,
    "minResTime" : 196.0,
    "maxResTime" : 348.0,
    "pct1ResTime" : 338.20000000000005,
    "pct2ResTime" : 348.0,
    "pct3ResTime" : 348.0,
    "throughput" : 0.006358888008536171,
    "receivedKBytesPerSec" : 0.001428265861292304,
    "sentKBytesPerSec" : 0.003924626192768418
  },
  "SC10_LoginLogout_TS02_ClickonEntertheStore" : {
    "transaction" : "SC10_LoginLogout_TS02_ClickonEntertheStore",
    "sampleCount" : 18,
    "errorCount" : 0,
    "errorPct" : 0.0,
    "meanResTime" : 244.33333333333331,
    "medianResTime" : 246.0,
    "minResTime" : 175.0,
    "maxResTime" : 300.0,
    "pct1ResTime" : 289.20000000000005,
    "pct2ResTime" : 300.0,
    "pct3ResTime" : 300.0,
    "throughput" : 0.01033438035916565,
    "receivedKBytesPerSec" : 0.05057578018112724,
    "sentKBytesPerSec" : 0.005803557459728929
  },
  "SC07_OpenMyOrders_TS06_ClickOnMyOrders/actions/Order.action-2" : {
    "transaction" : "SC07_OpenMyOrders_TS06_ClickOnMyOrders/actions/Order.action-2",
    "sampleCount" : 15,
    "errorCount" : 0,
    "errorPct" : 0.0,
    "meanResTime" : 322.0,
    "medianResTime" : 334.0,
    "minResTime" : 205.0,
    "maxResTime" : 373.0,
    "pct1ResTime" : 368.2,
    "pct2ResTime" : 373.0,
    "pct3ResTime" : 373.0,
    "throughput" : 0.008684817549352923,
    "receivedKBytesPerSec" : 0.029752285120244193,
    "sentKBytesPerSec" : 0.005317754495551058
  },
  "SC01_ShoppingFish_TS02_ClickonEntertheStore/actions/Catalog.action-27" : {
    "transaction" : "SC01_ShoppingFish_TS02_ClickonEntertheStore/actions/Catalog.action-27",
    "sampleCount" : 116,
    "errorCount" : 0,
    "errorPct" : 0.0,
    "meanResTime" : 230.65517241379317,
    "medianResTime" : 233.5,
    "minResTime" : 163.0,
    "maxResTime" : 549.0,
    "pct1ResTime" : 266.3,
    "pct2ResTime" : 286.29999999999995,
    "pct3ResTime" : 511.9399999999996,
    "throughput" : 0.0651020474593926,
    "receivedKBytesPerSec" : 0.31957298581420773,
    "sentKBytesPerSec" : 0.03648562433845656
  },
  "ClickonSignout/actions/Account.action-56-1" : {
    "transaction" : "ClickonSignout/actions/Account.action-56-1",
    "sampleCount" : 10,
    "errorCount" : 0,
    "errorPct" : 0.0,
    "meanResTime" : 200.3,
    "medianResTime" : 199.5,
    "minResTime" : 173.0,
    "maxResTime" : 236.0,
    "pct1ResTime" : 234.6,
    "pct2ResTime" : 236.0,
    "pct3ResTime" : 236.0,
    "throughput" : 0.006358985055113324,
    "receivedKBytesPerSec" : 0.03134780913887896,
    "sentKBytesPerSec" : 0.0038687965716167976
  },
  "SC06_Search_TS13_ClickonSignout" : {
    "transaction" : "SC06_Search_TS13_ClickonSignout",
    "sampleCount" : 10,
    "errorCount" : 0,
    "errorPct" : 0.0,
    "meanResTime" : 657.0,
    "medianResTime" : 644.5,
    "minResTime" : 527.0,
    "maxResTime" : 801.0,
    "pct1ResTime" : 796.7,
    "pct2ResTime" : 801.0,
    "pct3ResTime" : 801.0,
    "throughput" : 0.006365574970559215,
    "receivedKBytesPerSec" : 0.06372412990547122,
    "sentKBytesPerSec" : 0.011674365033896687
  },
  "SC02_ShoppingDogs_TS01_Launch" : {
    "transaction" : "SC02_ShoppingDogs_TS01_Launch",
    "sampleCount" : 11,
    "errorCount" : 0,
    "errorPct" : 0.0,
    "meanResTime" : 662.090909090909,
    "medianResTime" : 619.0,
    "minResTime" : 541.0,
    "maxResTime" : 837.0,
    "pct1ResTime" : 825.0,
    "pct2ResTime" : 837.0,
    "pct3ResTime" : 837.0,
    "throughput" : 0.006305249750942634,
    "receivedKBytesPerSec" : 0.008940647107781939,
    "sentKBytesPerSec" : 0.0033938857634912283
  },
  "Cart/actions/Cart.action-2" : {
    "transaction" : "Cart/actions/Cart.action-2",
    "sampleCount" : 16,
    "errorCount" : 0,
    "errorPct" : 0.0,
    "meanResTime" : 233.12500000000003,
    "medianResTime" : 233.5,
    "minResTime" : 187.0,
    "maxResTime" : 284.0,
    "pct1ResTime" : 264.40000000000003,
    "pct2ResTime" : 284.0,
    "pct3ResTime" : 284.0,
    "throughput" : 0.009459115927377637,
    "receivedKBytesPerSec" : 0.041032610302159635,
    "sentKBytesPerSec" : 0.005985846797793661
  },
  "SC01_ShoppingFish_TS06_SelectProductID/actions/Catalog.action-44" : {
    "transaction" : "SC01_ShoppingFish_TS06_SelectProductID/actions/Catalog.action-44",
    "sampleCount" : 56,
    "errorCount" : 0,
    "errorPct" : 0.0,
    "meanResTime" : 215.8035714285714,
    "medianResTime" : 207.5,
    "minResTime" : 162.0,
    "maxResTime" : 374.0,
    "pct1ResTime" : 268.00000000000006,
    "pct2ResTime" : 296.1499999999999,
    "pct3ResTime" : 374.0,
    "throughput" : 0.031787369742738006,
    "receivedKBytesPerSec" : 0.12981413240205802,
    "sentKBytesPerSec" : 0.020557798449343988
  },
  "SC06_Search_TS08_ClickonAddtocart" : {
    "transaction" : "SC06_Search_TS08_ClickonAddtocart",
    "sampleCount" : 10,
    "errorCount" : 0,
    "errorPct" : 0.0,
    "meanResTime" : 225.49999999999997,
    "medianResTime" : 232.0,
    "minResTime" : 182.0,
    "maxResTime" : 307.0,
    "pct1ResTime" : 301.5,
    "pct2ResTime" : 307.0,
    "pct3ResTime" : 307.0,
    "throughput" : 0.006367107015787879,
    "receivedKBytesPerSec" : 0.030352571189031768,
    "sentKBytesPerSec" : 0.00407892793198911
  },
  "SC08_AddToCartDeleteCart_TS09_ClickonRemove" : {
    "transaction" : "SC08_AddToCartDeleteCart_TS09_ClickonRemove",
    "sampleCount" : 12,
    "errorCount" : 0,
    "errorPct" : 0.0,
    "meanResTime" : 218.66666666666663,
    "medianResTime" : 224.0,
    "minResTime" : 166.0,
    "maxResTime" : 268.0,
    "pct1ResTime" : 262.0,
    "pct2ResTime" : 268.0,
    "pct3ResTime" : 268.0,
    "throughput" : 0.007085435591914337,
    "receivedKBytesPerSec" : 0.030735844628206527,
    "sentKBytesPerSec" : 0.00439207054879651
  },
  "SC01_ShoppingFish_TS13_ClickonSignout/actions/Account.action-56-1" : {
    "transaction" : "SC01_ShoppingFish_TS13_ClickonSignout/actions/Account.action-56-1",
    "sampleCount" : 111,
    "errorCount" : 0,
    "errorPct" : 0.0,
    "meanResTime" : 205.24324324324326,
    "medianResTime" : 201.0,
    "minResTime" : 148.0,
    "maxResTime" : 371.0,
    "pct1ResTime" : 252.79999999999998,
    "pct2ResTime" : 285.99999999999994,
    "pct3ResTime" : 362.7199999999997,
    "throughput" : 0.06372509339170782,
    "receivedKBytesPerSec" : 0.31414479632943465,
    "sentKBytesPerSec" : 0.03877024724905661
  },
  "SC01_ShoppingFish_TS13_ClickonSignout/actions/Account.action-56-0" : {
    "transaction" : "SC01_ShoppingFish_TS13_ClickonSignout/actions/Account.action-56-0",
    "sampleCount" : 111,
    "errorCount" : 0,
    "errorPct" : 0.0,
    "meanResTime" : 280.5315315315317,
    "medianResTime" : 235.0,
    "minResTime" : 158.0,
    "maxResTime" : 695.0,
    "pct1ResTime" : 587.1999999999998,
    "pct2ResTime" : 627.0,
    "pct3ResTime" : 693.92,
    "throughput" : 0.06372615436196916,
    "receivedKBytesPerSec" : 0.014313491702395416,
    "sentKBytesPerSec" : 0.03933098589527784
  },
  "SC03_ShoppingCats_TS02_ClickonEntertheStore" : {
    "transaction" : "SC03_ShoppingCats_TS02_ClickonEntertheStore",
    "sampleCount" : 11,
    "errorCount" : 0,
    "errorPct" : 0.0,
    "meanResTime" : 227.00000000000003,
    "medianResTime" : 238.0,
    "minResTime" : 164.0,
    "maxResTime" : 331.0,
    "pct1ResTime" : 322.0,
    "pct2ResTime" : 331.0,
    "pct3ResTime" : 331.0,
    "throughput" : 0.006298242389576065,
    "receivedKBytesPerSec" : 0.030973440955981583,
    "sentKBytesPerSec" : 0.0035254277580146565
  },
  "SC02_ShoppingDogs_TS11_EnterPaymentsDetailsandClickonContinue" : {
    "transaction" : "SC02_ShoppingDogs_TS11_EnterPaymentsDetailsandClickonContinue",
    "sampleCount" : 10,
    "errorCount" : 0,
    "errorPct" : 0.0,
    "meanResTime" : 219.5,
    "medianResTime" : 217.0,
    "minResTime" : 167.0,
    "maxResTime" : 298.0,
    "pct1ResTime" : 295.6,
    "pct2ResTime" : 298.0,
    "pct3ResTime" : 298.0,
    "throughput" : 0.006373336001636672,
    "receivedKBytesPerSec" : 0.02947045504663051,
    "sentKBytesPerSec" : 0.007860862666081169
  },
  "SC08_AddToCartDeleteCart_TS02_ClickonEntertheStore" : {
    "transaction" : "SC08_AddToCartDeleteCart_TS02_ClickonEntertheStore",
    "sampleCount" : 12,
    "errorCount" : 0,
    "errorPct" : 0.0,
    "meanResTime" : 221.83333333333331,
    "medianResTime" : 224.0,
    "minResTime" : 163.0,
    "maxResTime" : 277.0,
    "pct1ResTime" : 274.0,
    "pct2ResTime" : 277.0,
    "pct3ResTime" : 277.0,
    "throughput" : 0.007086272414027276,
    "receivedKBytesPerSec" : 0.03481258193502479,
    "sentKBytesPerSec" : 0.003969304445454894
  },
  "SC05_ShoppingBirds_TS04_Login" : {
    "transaction" : "SC05_ShoppingBirds_TS04_Login",
    "sampleCount" : 11,
    "errorCount" : 0,
    "errorPct" : 0.0,
    "meanResTime" : 612.8181818181818,
    "medianResTime" : 638.0,
    "minResTime" : 480.0,
    "maxResTime" : 759.0,
    "pct1ResTime" : 740.6,
    "pct2ResTime" : 759.0,
    "pct3ResTime" : 759.0,
    "throughput" : 0.006295092174456462,
    "receivedKBytesPerSec" : 0.06534846661569549,
    "sentKBytesPerSec" : 0.013727481274962186
  },
  "SC01_ShoppingFish_TS10_ClickonProceedtoCheckout/actions/Order.action-50" : {
    "transaction" : "SC01_ShoppingFish_TS10_ClickonProceedtoCheckout/actions/Order.action-50",
    "sampleCount" : 50,
    "errorCount" : 0,
    "errorPct" : 0.0,
    "meanResTime" : 191.07999999999998,
    "medianResTime" : 196.0,
    "minResTime" : 147.0,
    "maxResTime" : 312.0,
    "pct1ResTime" : 227.8,
    "pct2ResTime" : 248.74999999999994,
    "pct3ResTime" : 312.0,
    "throughput" : 0.03143618078067354,
    "receivedKBytesPerSec" : 0.1721652787461868,
    "sentKBytesPerSec" : 0.018695931733818543
  },
  "SC05_ShoppingBirds_TS13_ClickonSignout" : {
    "transaction" : "SC05_ShoppingBirds_TS13_ClickonSignout",
    "sampleCount" : 10,
    "errorCount" : 0,
    "errorPct" : 0.0,
    "meanResTime" : 646.3,
    "medianResTime" : 631.5,
    "minResTime" : 590.0,
    "maxResTime" : 727.0,
    "pct1ResTime" : 725.3,
    "pct2ResTime" : 727.0,
    "pct3ResTime" : 727.0,
    "throughput" : 0.00635848772271398,
    "receivedKBytesPerSec" : 0.06365318129447364,
    "sentKBytesPerSec" : 0.011661367132086773
  },
  "SC04_ShoppingReptiles_TS12_ClickonConfirm" : {
    "transaction" : "SC04_ShoppingReptiles_TS12_ClickonConfirm",
    "sampleCount" : 10,
    "errorCount" : 0,
    "errorPct" : 0.0,
    "meanResTime" : 212.6,
    "medianResTime" : 185.5,
    "minResTime" : 172.0,
    "maxResTime" : 371.0,
    "pct1ResTime" : 359.20000000000005,
    "pct2ResTime" : 371.0,
    "pct3ResTime" : 371.0,
    "throughput" : 0.006369179286664658,
    "receivedKBytesPerSec" : 0.03378277380624065,
    "sentKBytesPerSec" : 0.003862558922869876
  },
  "ClickonConfirm/actions/Order.action-55" : {
    "transaction" : "ClickonConfirm/actions/Order.action-55",
    "sampleCount" : 10,
    "errorCount" : 0,
    "errorPct" : 0.0,
    "meanResTime" : 231.29999999999998,
    "medianResTime" : 228.0,
    "minResTime" : 159.0,
    "maxResTime" : 297.0,
    "pct1ResTime" : 296.1,
    "pct2ResTime" : 297.0,
    "pct3ResTime" : 297.0,
    "throughput" : 0.006358904182759993,
    "receivedKBytesPerSec" : 0.033643819415387785,
    "sentKBytesPerSec" : 0.0038563276342714415
  },
  "SC02_ShoppingDogs_TS06_SelectProductID" : {
    "transaction" : "SC02_ShoppingDogs_TS06_SelectProductID",
    "sampleCount" : 11,
    "errorCount" : 0,
    "errorPct" : 0.0,
    "meanResTime" : 197.63636363636365,
    "medianResTime" : 191.0,
    "minResTime" : 168.0,
    "maxResTime" : 287.0,
    "pct1ResTime" : 270.20000000000005,
    "pct2ResTime" : 287.0,
    "pct3ResTime" : 287.0,
    "throughput" : 0.006308862403137455,
    "receivedKBytesPerSec" : 0.02618536355393131,
    "sentKBytesPerSec" : 0.004078580967653315
  },
  "SC01_ShoppingFish_TS05_ClickonFish/actions/Catalog.action-43" : {
    "transaction" : "SC01_ShoppingFish_TS05_ClickonFish/actions/Catalog.action-43",
    "sampleCount" : 56,
    "errorCount" : 0,
    "errorPct" : 0.0,
    "meanResTime" : 219.19642857142858,
    "medianResTime" : 209.5,
    "minResTime" : 164.0,
    "maxResTime" : 414.0,
    "pct1ResTime" : 270.20000000000005,
    "pct2ResTime" : 302.6499999999999,
    "pct3ResTime" : 414.0,
    "throughput" : 0.03178630521096741,
    "receivedKBytesPerSec" : 0.1237883244927672,
    "sentKBytesPerSec" : 0.019594829262132008
  },
  "SC05_ShoppingBirds_TS05_ClickonBirds" : {
    "transaction" : "SC05_ShoppingBirds_TS05_ClickonBirds",
    "sampleCount" : 11,
    "errorCount" : 0,
    "errorPct" : 0.0,
    "meanResTime" : 235.18181818181816,
    "medianResTime" : 236.0,
    "minResTime" : 173.0,
    "maxResTime" : 292.0,
    "pct1ResTime" : 289.6,
    "pct2ResTime" : 292.0,
    "pct3ResTime" : 292.0,
    "throughput" : 0.006296829088602682,
    "receivedKBytesPerSec" : 0.023748392519710504,
    "sentKBytesPerSec" : 0.0038801749559651292
  },
  "Login/actions/Catalog.action-41" : {
    "transaction" : "Login/actions/Catalog.action-41",
    "sampleCount" : 11,
    "errorCount" : 0,
    "errorPct" : 0.0,
    "meanResTime" : 213.54545454545456,
    "medianResTime" : 205.0,
    "minResTime" : 169.0,
    "maxResTime" : 276.0,
    "pct1ResTime" : 270.40000000000003,
    "pct2ResTime" : 276.0,
    "pct3ResTime" : 276.0,
    "throughput" : 0.0062958668206673845,
    "receivedKBytesPerSec" : 0.03197119869870156,
    "sentKBytesPerSec" : 0.0036889844652347953
  },
  "SC02_ShoppingDogs_TS07_SelectItemID" : {
    "transaction" : "SC02_ShoppingDogs_TS07_SelectItemID",
    "sampleCount" : 10,
    "errorCount" : 0,
    "errorPct" : 0.0,
    "meanResTime" : 555.0,
    "medianResTime" : 539.0,
    "minResTime" : 455.0,
    "maxResTime" : 648.0,
    "pct1ResTime" : 646.3,
    "pct2ResTime" : 648.0,
    "pct3ResTime" : 648.0,
    "throughput" : 0.006371679160467554,
    "receivedKBytesPerSec" : 0.024921727903813133,
    "sentKBytesPerSec" : 0.00407936802500247
  },
  "SC07_OpenMyOrders_TS06_ClickOnMyOrders" : {
    "transaction" : "SC07_OpenMyOrders_TS06_ClickOnMyOrders",
    "sampleCount" : 15,
    "errorCount" : 0,
    "errorPct" : 0.0,
    "meanResTime" : 322.0,
    "medianResTime" : 334.0,
    "minResTime" : 205.0,
    "maxResTime" : 373.0,
    "pct1ResTime" : 368.2,
    "pct2ResTime" : 373.0,
    "pct3ResTime" : 373.0,
    "throughput" : 0.00868481252095211,
    "receivedKBytesPerSec" : 0.02975226789404297,
    "sentKBytesPerSec" : 0.005317751416637669
  },
  "SC09_OpenCart_TS06_ClickonSignout" : {
    "transaction" : "SC09_OpenCart_TS06_ClickonSignout",
    "sampleCount" : 16,
    "errorCount" : 0,
    "errorPct" : 0.0,
    "meanResTime" : 657.375,
    "medianResTime" : 633.5,
    "minResTime" : 603.0,
    "maxResTime" : 843.0,
    "pct1ResTime" : 777.2,
    "pct2ResTime" : 843.0,
    "pct3ResTime" : 843.0,
    "throughput" : 0.00945677897379763,
    "receivedKBytesPerSec" : 0.09466937623085889,
    "sentKBytesPerSec" : 0.017343584875773387
  },
  "SC05_ShoppingBirds_TS06_SelectProductID" : {
    "transaction" : "SC05_ShoppingBirds_TS06_SelectProductID",
    "sampleCount" : 11,
    "errorCount" : 0,
    "errorPct" : 0.0,
    "meanResTime" : 228.72727272727272,
    "medianResTime" : 230.0,
    "minResTime" : 174.0,
    "maxResTime" : 275.0,
    "pct1ResTime" : 270.40000000000003,
    "pct2ResTime" : 275.0,
    "pct3ResTime" : 275.0,
    "throughput" : 0.006296857925139518,
    "receivedKBytesPerSec" : 0.024743006802610105,
    "sentKBytesPerSec" : 0.004070820260197618
  },
  "SC01_ShoppingFish_TS09_UpdateQuantityandClickonUpdatecart" : {
    "transaction" : "SC01_ShoppingFish_TS09_UpdateQuantityandClickonUpdatecart",
    "sampleCount" : 10,
    "errorCount" : 0,
    "errorPct" : 0.0,
    "meanResTime" : 234.70000000000002,
    "medianResTime" : 235.0,
    "minResTime" : 166.0,
    "maxResTime" : 303.0,
    "pct1ResTime" : 297.20000000000005,
    "pct2ResTime" : 303.0,
    "pct3ResTime" : 303.0,
    "throughput" : 0.006358815225547176,
    "receivedKBytesPerSec" : 0.030224243618928923,
    "sentKBytesPerSec" : 0.00595145362516056
  },
  "SC04_ShoppingReptiles_TS10_ClickonProceedtoCheckout" : {
    "transaction" : "SC04_ShoppingReptiles_TS10_ClickonProceedtoCheckout",
    "sampleCount" : 10,
    "errorCount" : 0,
    "errorPct" : 0.0,
    "meanResTime" : 192.8,
    "medianResTime" : 184.5,
    "minResTime" : 155.0,
    "maxResTime" : 257.0,
    "pct1ResTime" : 255.3,
    "pct2ResTime" : 257.0,
    "pct3ResTime" : 257.0,
    "throughput" : 0.006369264477338156,
    "receivedKBytesPerSec" : 0.03485679504980765,
    "sentKBytesPerSec" : 0.0037879707682606815
  },
  "SC01_ShoppingFish_TS13_ClickonSignout/actions/Account.action-56" : {
    "transaction" : "SC01_ShoppingFish_TS13_ClickonSignout/actions/Account.action-56",
    "sampleCount" : 111,
    "errorCount" : 0,
    "errorPct" : 0.0,
    "meanResTime" : 486.01801801801804,
    "medianResTime" : 437.0,
    "minResTime" : 314.0,
    "maxResTime" : 875.0,
    "pct1ResTime" : 770.5999999999999,
    "pct2ResTime" : 833.4,
    "pct3ResTime" : 873.56,
    "throughput" : 0.06371891119879956,
    "receivedKBytesPerSec" : 0.32842618487037506,
    "sentKBytesPerSec" : 0.07809300151806
  },
  "SC05_ShoppingBirds_TS12_ClickonConfirm" : {
    "transaction" : "SC05_ShoppingBirds_TS12_ClickonConfirm",
    "sampleCount" : 10,
    "errorCount" : 0,
    "errorPct" : 0.0,
    "meanResTime" : 220.0,
    "medianResTime" : 226.5,
    "minResTime" : 163.0,
    "maxResTime" : 270.0,
    "pct1ResTime" : 267.9,
    "pct2ResTime" : 270.0,
    "pct3ResTime" : 270.0,
    "throughput" : 0.00636050179270743,
    "receivedKBytesPerSec" : 0.03370010007454508,
    "sentKBytesPerSec" : 0.0038572964973352677
  },
  "SC01_ShoppingFish_TS07_SelectItemID" : {
    "transaction" : "SC01_ShoppingFish_TS07_SelectItemID",
    "sampleCount" : 10,
    "errorCount" : 0,
    "errorPct" : 0.0,
    "meanResTime" : 584.4,
    "medianResTime" : 594.0,
    "minResTime" : 502.0,
    "maxResTime" : 641.0,
    "pct1ResTime" : 640.6,
    "pct2ResTime" : 641.0,
    "pct3ResTime" : 641.0,
    "throughput" : 0.0063572346283656,
    "receivedKBytesPerSec" : 0.02483853518030071,
    "sentKBytesPerSec" : 0.0040676368442433015
  },
  "SC01_ShoppingFish_TS09_UpdateQuantityandClickonUpdatecart/actions/Cart.action-49" : {
    "transaction" : "SC01_ShoppingFish_TS09_UpdateQuantityandClickonUpdatecart/actions/Cart.action-49",
    "sampleCount" : 50,
    "errorCount" : 0,
    "errorPct" : 0.0,
    "meanResTime" : 217.47999999999996,
    "medianResTime" : 215.0,
    "minResTime" : 163.0,
    "maxResTime" : 307.0,
    "pct1ResTime" : 281.9,
    "pct2ResTime" : 293.9,
    "pct3ResTime" : 307.0,
    "throughput" : 0.03143576572809949,
    "receivedKBytesPerSec" : 0.1497048525426819,
    "sentKBytesPerSec" : 0.029459978733704484
  },
  "SC04_ShoppingReptiles_TS08_ClickonAddtocart" : {
    "transaction" : "SC04_ShoppingReptiles_TS08_ClickonAddtocart",
    "sampleCount" : 10,
    "errorCount" : 0,
    "errorPct" : 0.0,
    "meanResTime" : 192.29999999999998,
    "medianResTime" : 171.5,
    "minResTime" : 161.0,
    "maxResTime" : 278.0,
    "pct1ResTime" : 274.7,
    "pct2ResTime" : 278.0,
    "pct3ResTime" : 278.0,
    "throughput" : 0.006369236080193778,
    "receivedKBytesPerSec" : 0.03030860700348461,
    "sentKBytesPerSec" : 0.004086511820983703
  },
  "SC05_ShoppingBirds_TS11_EnterPaymentsDetailsandClickonContinue" : {
    "transaction" : "SC05_ShoppingBirds_TS11_EnterPaymentsDetailsandClickonContinue",
    "sampleCount" : 10,
    "errorCount" : 0,
    "errorPct" : 0.0,
    "meanResTime" : 218.3,
    "medianResTime" : 221.0,
    "minResTime" : 167.0,
    "maxResTime" : 255.0,
    "pct1ResTime" : 253.5,
    "pct2ResTime" : 255.0,
    "pct3ResTime" : 255.0,
    "throughput" : 0.006360461336981694,
    "receivedKBytesPerSec" : 0.0293115400871256,
    "sentKBytesPerSec" : 0.007844983074812382
  },
  "SC06_Search_TS11_EnterPaymentsDetailsandClickonContinue" : {
    "transaction" : "SC06_Search_TS11_EnterPaymentsDetailsandClickonContinue",
    "sampleCount" : 10,
    "errorCount" : 0,
    "errorPct" : 0.0,
    "meanResTime" : 200.89999999999998,
    "medianResTime" : 181.5,
    "minResTime" : 167.0,
    "maxResTime" : 336.0,
    "pct1ResTime" : 327.70000000000005,
    "pct2ResTime" : 336.0,
    "pct3ResTime" : 336.0,
    "throughput" : 0.006367200259272395,
    "receivedKBytesPerSec" : 0.029519807842671577,
    "sentKBytesPerSec" : 0.007853294851036167
  },
  "SC04_ShoppingReptiles_TS02_ClickonEntertheStore" : {
    "transaction" : "SC04_ShoppingReptiles_TS02_ClickonEntertheStore",
    "sampleCount" : 11,
    "errorCount" : 0,
    "errorPct" : 0.0,
    "meanResTime" : 221.09090909090907,
    "medianResTime" : 231.0,
    "minResTime" : 174.0,
    "maxResTime" : 258.0,
    "pct1ResTime" : 258.0,
    "pct2ResTime" : 258.0,
    "pct3ResTime" : 258.0,
    "throughput" : 0.006304631783712156,
    "receivedKBytesPerSec" : 0.031004862662193818,
    "sentKBytesPerSec" : 0.003529004207768567
  },
  "SC03_ShoppingCats_TS09_UpdateQuantityandClickonUpdatecart" : {
    "transaction" : "SC03_ShoppingCats_TS09_UpdateQuantityandClickonUpdatecart",
    "sampleCount" : 10,
    "errorCount" : 0,
    "errorPct" : 0.0,
    "meanResTime" : 222.2,
    "medianResTime" : 218.0,
    "minResTime" : 175.0,
    "maxResTime" : 282.0,
    "pct1ResTime" : 281.9,
    "pct2ResTime" : 282.0,
    "pct3ResTime" : 282.0,
    "throughput" : 0.006362561669128978,
    "receivedKBytesPerSec" : 0.030261933938794703,
    "sentKBytesPerSec" : 0.005964901564808417
  },
  "SC02_ShoppingDogs_TS09_UpdateQuantityandClickonUpdatecart" : {
    "transaction" : "SC02_ShoppingDogs_TS09_UpdateQuantityandClickonUpdatecart",
    "sampleCount" : 10,
    "errorCount" : 0,
    "errorPct" : 0.0,
    "meanResTime" : 193.6,
    "medianResTime" : 180.5,
    "minResTime" : 163.0,
    "maxResTime" : 245.0,
    "pct1ResTime" : 243.9,
    "pct2ResTime" : 245.0,
    "pct3ResTime" : 245.0,
    "throughput" : 0.0063733075681752715,
    "receivedKBytesPerSec" : 0.03037092669963366,
    "sentKBytesPerSec" : 0.005969996698626679
  },
  "SC08_AddToCartDeleteCart_TS08_ClickonAddtocart" : {
    "transaction" : "SC08_AddToCartDeleteCart_TS08_ClickonAddtocart",
    "sampleCount" : 12,
    "errorCount" : 0,
    "errorPct" : 0.0,
    "meanResTime" : 232.74999999999997,
    "medianResTime" : 232.5,
    "minResTime" : 177.0,
    "maxResTime" : 281.0,
    "pct1ResTime" : 277.1,
    "pct2ResTime" : 281.0,
    "pct3ResTime" : 281.0,
    "throughput" : 0.007085268251208186,
    "receivedKBytesPerSec" : 0.03370749484841954,
    "sentKBytesPerSec" : 0.00454245957706853
  },
  "SC06_Search_TS12_ClickonConfirm" : {
    "transaction" : "SC06_Search_TS12_ClickonConfirm",
    "sampleCount" : 10,
    "errorCount" : 0,
    "errorPct" : 0.0,
    "meanResTime" : 225.8,
    "medianResTime" : 216.5,
    "minResTime" : 176.0,
    "maxResTime" : 300.0,
    "pct1ResTime" : 296.20000000000005,
    "pct2ResTime" : 300.0,
    "pct3ResTime" : 300.0,
    "throughput" : 0.006367208367530549,
    "receivedKBytesPerSec" : 0.03387989085172236,
    "sentKBytesPerSec" : 0.0038613636681996783
  },
  "SC01_ShoppingFish_TS08_ClickonAddtocart/actions/Cart.action-48" : {
    "transaction" : "SC01_ShoppingFish_TS08_ClickonAddtocart/actions/Cart.action-48",
    "sampleCount" : 62,
    "errorCount" : 0,
    "errorPct" : 0.0,
    "meanResTime" : 209.17741935483866,
    "medianResTime" : 207.5,
    "minResTime" : 161.0,
    "maxResTime" : 307.0,
    "pct1ResTime" : 251.4,
    "pct2ResTime" : 276.49999999999994,
    "pct3ResTime" : 307.0,
    "throughput" : 0.03598034544613597,
    "receivedKBytesPerSec" : 0.17128408085886246,
    "sentKBytesPerSec" : 0.02307144441645973
  },
  "SC01_ShoppingFish_TS04_Login/actions/Catalog.action-41" : {
    "transaction" : "SC01_ShoppingFish_TS04_Login/actions/Catalog.action-41",
    "sampleCount" : 116,
    "errorCount" : 0,
    "errorPct" : 0.0,
    "meanResTime" : 199.43965517241375,
    "medianResTime" : 199.0,
    "minResTime" : 147.0,
    "maxResTime" : 317.0,
    "pct1ResTime" : 237.89999999999998,
    "pct2ResTime" : 277.15,
    "pct3ResTime" : 315.13,
    "throughput" : 0.06511403375825853,
    "receivedKBytesPerSec" : 0.33071640522820783,
    "sentKBytesPerSec" : 0.03815275415522961
  },
  "SC01_ShoppingFish_TS13_ClickonSignout/actions/Catalog.action-57" : {
    "transaction" : "SC01_ShoppingFish_TS13_ClickonSignout/actions/Catalog.action-57",
    "sampleCount" : 111,
    "errorCount" : 0,
    "errorPct" : 0.0,
    "meanResTime" : 203.13513513513513,
    "medianResTime" : 202.0,
    "minResTime" : 144.0,
    "maxResTime" : 294.0,
    "pct1ResTime" : 248.0,
    "pct2ResTime" : 258.4,
    "pct3ResTime" : 293.64,
    "throughput" : 0.06372373979128465,
    "receivedKBytesPerSec" : 0.3094708574043541,
    "sentKBytesPerSec" : 0.038769423720674163
  },
  "SC08_AddToCartDeleteCart_TS07_SelectItemID" : {
    "transaction" : "SC08_AddToCartDeleteCart_TS07_SelectItemID",
    "sampleCount" : 12,
    "errorCount" : 0,
    "errorPct" : 0.0,
    "meanResTime" : 641.3333333333331,
    "medianResTime" : 640.5,
    "minResTime" : 535.0,
    "maxResTime" : 743.0,
    "pct1ResTime" : 731.9000000000001,
    "pct2ResTime" : 743.0,
    "pct3ResTime" : 743.0,
    "throughput" : 0.007083461475119047,
    "receivedKBytesPerSec" : 0.027706087962129453,
    "sentKBytesPerSec" : 0.004537842507498139
  },
  "SC09_OpenCart_TS01_Launch" : {
    "transaction" : "SC09_OpenCart_TS01_Launch",
    "sampleCount" : 16,
    "errorCount" : 0,
    "errorPct" : 0.0,
    "meanResTime" : 682.8125,
    "medianResTime" : 626.0,
    "minResTime" : 591.0,
    "maxResTime" : 928.0,
    "pct1ResTime" : 860.1,
    "pct2ResTime" : 928.0,
    "pct3ResTime" : 928.0,
    "throughput" : 0.009455471231137812,
    "receivedKBytesPerSec" : 0.013407562722277444,
    "sentKBytesPerSec" : 0.005103438238339335
  },
  "SC07_OpenMyOrders_TS07_ClickonSignout" : {
    "transaction" : "SC07_OpenMyOrders_TS07_ClickonSignout",
    "sampleCount" : 15,
    "errorCount" : 0,
    "errorPct" : 0.0,
    "meanResTime" : 1002.0,
    "medianResTime" : 1009.0,
    "minResTime" : 894.0,
    "maxResTime" : 1096.0,
    "pct1ResTime" : 1087.0,
    "pct2ResTime" : 1096.0,
    "pct3ResTime" : 1096.0,
    "throughput" : 0.008681228752692628,
    "receivedKBytesPerSec" : 0.0869055429139181,
    "sentKBytesPerSec" : 0.01592123788823902
  },
  "SC10_LoginLogout_TS03_ClickonSignin" : {
    "transaction" : "SC10_LoginLogout_TS03_ClickonSignin",
    "sampleCount" : 18,
    "errorCount" : 0,
    "errorPct" : 0.0,
    "meanResTime" : 248.16666666666666,
    "medianResTime" : 232.5,
    "minResTime" : 175.0,
    "maxResTime" : 499.0,
    "pct1ResTime" : 324.40000000000026,
    "pct2ResTime" : 499.0,
    "pct3ResTime" : 499.0,
    "throughput" : 0.010334410025755646,
    "receivedKBytesPerSec" : 0.04132418383996822,
    "sentKBytesPerSec" : 0.006620481422749711
  },
  "SC03_ShoppingCats_TS08_ClickonAddtocart" : {
    "transaction" : "SC03_ShoppingCats_TS08_ClickonAddtocart",
    "sampleCount" : 10,
    "errorCount" : 0,
    "errorPct" : 0.0,
    "meanResTime" : 205.8,
    "medianResTime" : 195.5,
    "minResTime" : 169.0,
    "maxResTime" : 250.0,
    "pct1ResTime" : 249.9,
    "pct2ResTime" : 250.0,
    "pct3ResTime" : 250.0,
    "throughput" : 0.006362383552475031,
    "receivedKBytesPerSec" : 0.03024990289412103,
    "sentKBytesPerSec" : 0.0040821152284922805
  },
  "SC01_ShoppingFish_TS04_Login/actions/Account.action-40-0" : {
    "transaction" : "SC01_ShoppingFish_TS04_Login/actions/Account.action-40-0",
    "sampleCount" : 116,
    "errorCount" : 0,
    "errorPct" : 0.0,
    "meanResTime" : 218.1896551724138,
    "medianResTime" : 221.5,
    "minResTime" : 161.0,
    "maxResTime" : 332.0,
    "pct1ResTime" : 266.4,
    "pct2ResTime" : 286.59999999999997,
    "pct3ResTime" : 328.09,
    "throughput" : 0.06511257177819066,
    "receivedKBytesPerSec" : 0.014624894051742042,
    "sentKBytesPerSec" : 0.06021641159565093
  },
  "SC01_ShoppingFish_TS04_Login/actions/Account.action-40-1" : {
    "transaction" : "SC01_ShoppingFish_TS04_Login/actions/Account.action-40-1",
    "sampleCount" : 116,
    "errorCount" : 0,
    "errorPct" : 0.0,
    "meanResTime" : 214.9655172413792,
    "medianResTime" : 203.0,
    "minResTime" : 142.0,
    "maxResTime" : 679.0,
    "pct1ResTime" : 266.4,
    "pct2ResTime" : 298.15,
    "pct3ResTime" : 633.2699999999995,
    "throughput" : 0.06511381445706306,
    "receivedKBytesPerSec" : 0.33071529138993294,
    "sentKBytesPerSec" : 0.04374834408833923
  },
  "ClickonSignout/actions/Account.action-56" : {
    "transaction" : "ClickonSignout/actions/Account.action-56",
    "sampleCount" : 10,
    "errorCount" : 0,
    "errorPct" : 0.0,
    "meanResTime" : 439.7,
    "medianResTime" : 426.0,
    "minResTime" : 411.0,
    "maxResTime" : 584.0,
    "pct1ResTime" : 569.0,
    "pct2ResTime" : 584.0,
    "pct3ResTime" : 584.0,
    "throughput" : 0.006358063232210457,
    "receivedKBytesPerSec" : 0.032771345448834754,
    "sentKBytesPerSec" : 0.007792352887132933
  },
  "SC03_ShoppingCats_TS12_ClickonConfirm" : {
    "transaction" : "SC03_ShoppingCats_TS12_ClickonConfirm",
    "sampleCount" : 10,
    "errorCount" : 0,
    "errorPct" : 0.0,
    "meanResTime" : 216.7,
    "medianResTime" : 211.0,
    "minResTime" : 181.0,
    "maxResTime" : 302.0,
    "pct1ResTime" : 297.1,
    "pct2ResTime" : 302.0,
    "pct3ResTime" : 302.0,
    "throughput" : 0.0063627802804713555,
    "receivedKBytesPerSec" : 0.03371838592966583,
    "sentKBytesPerSec" : 0.003858678275559288
  },
  "SC07_OpenMyOrders_TS01_Launch" : {
    "transaction" : "SC07_OpenMyOrders_TS01_Launch",
    "sampleCount" : 15,
    "errorCount" : 0,
    "errorPct" : 0.0,
    "meanResTime" : 643.8666666666667,
    "medianResTime" : 610.0,
    "minResTime" : 562.0,
    "maxResTime" : 829.0,
    "pct1ResTime" : 822.4,
    "pct2ResTime" : 829.0,
    "pct3ResTime" : 829.0,
    "throughput" : 0.00868253525398731,
    "receivedKBytesPerSec" : 0.012311563660927317,
    "sentKBytesPerSec" : 0.004684386044908387
  },
  "SC08_AddToCartDeleteCart_TS05_SelectCatogory" : {
    "transaction" : "SC08_AddToCartDeleteCart_TS05_SelectCatogory",
    "sampleCount" : 12,
    "errorCount" : 0,
    "errorPct" : 0.0,
    "meanResTime" : 227.75,
    "medianResTime" : 221.5,
    "minResTime" : 164.0,
    "maxResTime" : 363.0,
    "pct1ResTime" : 333.9000000000001,
    "pct2ResTime" : 363.0,
    "pct3ResTime" : 363.0,
    "throughput" : 0.007085661514406627,
    "receivedKBytesPerSec" : 0.027336998785399524,
    "sentKBytesPerSec" : 0.004367992022430843
  },
  "Login/actions/Account.action-40" : {
    "transaction" : "Login/actions/Account.action-40",
    "sampleCount" : 11,
    "errorCount" : 0,
    "errorPct" : 0.0,
    "meanResTime" : 430.72727272727275,
    "medianResTime" : 431.0,
    "minResTime" : 338.0,
    "maxResTime" : 531.0,
    "pct1ResTime" : 521.0,
    "pct2ResTime" : 531.0,
    "pct3ResTime" : 531.0,
    "throughput" : 0.006294998509229898,
    "receivedKBytesPerSec" : 0.033380704985467136,
    "sentKBytesPerSec" : 0.01003880133356682
  },
  "SC03_ShoppingCats_TS05_ClickonCats" : {
    "transaction" : "SC03_ShoppingCats_TS05_ClickonCats",
    "sampleCount" : 11,
    "errorCount" : 0,
    "errorPct" : 0.0,
    "meanResTime" : 216.18181818181816,
    "medianResTime" : 230.0,
    "minResTime" : 164.0,
    "maxResTime" : 248.0,
    "pct1ResTime" : 247.2,
    "pct2ResTime" : 248.0,
    "pct3ResTime" : 248.0,
    "throughput" : 0.0062988482842223584,
    "receivedKBytesPerSec" : 0.02373140300832994,
    "sentKBytesPerSec" : 0.003875267987363365
  },
  "SC04_ShoppingReptiles_TS03_ClickonSignin" : {
    "transaction" : "SC04_ShoppingReptiles_TS03_ClickonSignin",
    "sampleCount" : 11,
    "errorCount" : 0,
    "errorPct" : 0.0,
    "meanResTime" : 211.27272727272728,
    "medianResTime" : 201.0,
    "minResTime" : 165.0,
    "maxResTime" : 313.0,
    "pct1ResTime" : 299.6,
    "pct2ResTime" : 313.0,
    "pct3ResTime" : 313.0,
    "throughput" : 0.006304877510559237,
    "receivedKBytesPerSec" : 0.025214472409282842,
    "sentKBytesPerSec" : 0.004039062155202011
  },
  "SC03_ShoppingCats_TS04_Login" : {
    "transaction" : "SC03_ShoppingCats_TS04_Login",
    "sampleCount" : 11,
    "errorCount" : 0,
    "errorPct" : 0.0,
    "meanResTime" : 658.0,
    "medianResTime" : 642.0,
    "minResTime" : 522.0,
    "maxResTime" : 964.0,
    "pct1ResTime" : 921.2000000000002,
    "pct2ResTime" : 964.0,
    "pct3ResTime" : 964.0,
    "throughput" : 0.006296814670433307,
    "receivedKBytesPerSec" : 0.06537864607035831,
    "sentKBytesPerSec" : 0.013743535926189883
  },
  "SC01_ShoppingFish_TS10_ClickonProceedtoCheckout" : {
    "transaction" : "SC01_ShoppingFish_TS10_ClickonProceedtoCheckout",
    "sampleCount" : 10,
    "errorCount" : 0,
    "errorPct" : 0.0,
    "meanResTime" : 199.20000000000002,
    "medianResTime" : 200.0,
    "minResTime" : 155.0,
    "maxResTime" : 279.0,
    "pct1ResTime" : 272.8,
    "pct2ResTime" : 279.0,
    "pct3ResTime" : 279.0,
    "throughput" : 0.006358875877922301,
    "receivedKBytesPerSec" : 0.03475026309848945,
    "sentKBytesPerSec" : 0.0037817923922408994
  },
  "SC02_ShoppingDogs_TS02_ClickonEntertheStore" : {
    "transaction" : "SC02_ShoppingDogs_TS02_ClickonEntertheStore",
    "sampleCount" : 11,
    "errorCount" : 0,
    "errorPct" : 0.0,
    "meanResTime" : 234.36363636363635,
    "medianResTime" : 216.0,
    "minResTime" : 163.0,
    "maxResTime" : 549.0,
    "pct1ResTime" : 490.0000000000002,
    "pct2ResTime" : 549.0,
    "pct3ResTime" : 549.0,
    "throughput" : 0.006307679427675575,
    "receivedKBytesPerSec" : 0.03101985033883707,
    "sentKBytesPerSec" : 0.003530710119983531
  },
  "SC06_Search_TS10_ClickonProceedtoCheckout" : {
    "transaction" : "SC06_Search_TS10_ClickonProceedtoCheckout",
    "sampleCount" : 10,
    "errorCount" : 0,
    "errorPct" : 0.0,
    "meanResTime" : 188.79999999999998,
    "medianResTime" : 170.5,
    "minResTime" : 148.0,
    "maxResTime" : 312.0,
    "pct1ResTime" : 303.40000000000003,
    "pct2ResTime" : 312.0,
    "pct3ResTime" : 312.0,
    "throughput" : 0.006367151610157135,
    "receivedKBytesPerSec" : 0.034972699444657036,
    "sentKBytesPerSec" : 0.003786714190025093
  },
  "SelectItemID/actions/Catalog.action-46" : {
    "transaction" : "SelectItemID/actions/Catalog.action-46",
    "sampleCount" : 10,
    "errorCount" : 0,
    "errorPct" : 0.0,
    "meanResTime" : 584.4,
    "medianResTime" : 594.0,
    "minResTime" : 502.0,
    "maxResTime" : 641.0,
    "pct1ResTime" : 640.6,
    "pct2ResTime" : 641.0,
    "pct3ResTime" : 641.0,
    "throughput" : 0.006357238669811381,
    "receivedKBytesPerSec" : 0.024838550970750346,
    "sentKBytesPerSec" : 0.004067639430137126
  },
  "SC03_ShoppingCats_TS11_EnterPaymentsDetailsandClickonContinue" : {
    "transaction" : "SC03_ShoppingCats_TS11_EnterPaymentsDetailsandClickonContinue",
    "sampleCount" : 10,
    "errorCount" : 0,
    "errorPct" : 0.0,
    "meanResTime" : 221.70000000000002,
    "medianResTime" : 231.5,
    "minResTime" : 174.0,
    "maxResTime" : 256.0,
    "pct1ResTime" : 254.9,
    "pct2ResTime" : 256.0,
    "pct3ResTime" : 256.0,
    "throughput" : 0.006362573813809457,
    "receivedKBytesPerSec" : 0.029370982829958304,
    "sentKBytesPerSec" : 0.007847588600431001
  },
  "SC07_OpenMyOrders_TS04_Login" : {
    "transaction" : "SC07_OpenMyOrders_TS04_Login",
    "sampleCount" : 15,
    "errorCount" : 0,
    "errorPct" : 0.0,
    "meanResTime" : 638.1333333333332,
    "medianResTime" : 628.0,
    "minResTime" : 583.0,
    "maxResTime" : 740.0,
    "pct1ResTime" : 728.0,
    "pct2ResTime" : 740.0,
    "pct3ResTime" : 740.0,
    "throughput" : 0.008683696360083941,
    "receivedKBytesPerSec" : 0.09017815145813735,
    "sentKBytesPerSec" : 0.01897014527100369
  },
  "Prp/actions/Catalog.action-3" : {
    "transaction" : "Prp/actions/Catalog.action-3",
    "sampleCount" : 11,
    "errorCount" : 0,
    "errorPct" : 0.0,
    "meanResTime" : 192.9090909090909,
    "medianResTime" : 186.0,
    "minResTime" : 171.0,
    "maxResTime" : 234.0,
    "pct1ResTime" : 233.8,
    "pct2ResTime" : 234.0,
    "pct3ResTime" : 234.0,
    "throughput" : 0.0063035912705575875,
    "receivedKBytesPerSec" : 0.026620137567283673,
    "sentKBytesPerSec" : 0.0038904977372972607
  },
  "SC10_LoginLogout_TS05_ClickonSignout" : {
    "transaction" : "SC10_LoginLogout_TS05_ClickonSignout",
    "sampleCount" : 18,
    "errorCount" : 0,
    "errorPct" : 0.0,
    "meanResTime" : 637.388888888889,
    "medianResTime" : 641.5,
    "minResTime" : 576.0,
    "maxResTime" : 706.0,
    "pct1ResTime" : 696.1,
    "pct2ResTime" : 706.0,
    "pct3ResTime" : 706.0,
    "throughput" : 0.010331562809588149,
    "receivedKBytesPerSec" : 0.10342661168075012,
    "sentKBytesPerSec" : 0.018947924762115768
  },
  "SC05_ShoppingBirds_TS03_ClickonSignin" : {
    "transaction" : "SC05_ShoppingBirds_TS03_ClickonSignin",
    "sampleCount" : 11,
    "errorCount" : 0,
    "errorPct" : 0.0,
    "meanResTime" : 217.27272727272725,
    "medianResTime" : 228.0,
    "minResTime" : 168.0,
    "maxResTime" : 249.0,
    "pct1ResTime" : 248.8,
    "pct2ResTime" : 249.0,
    "pct3ResTime" : 249.0,
    "throughput" : 0.006296674096742101,
    "receivedKBytesPerSec" : 0.025182783326006295,
    "sentKBytesPerSec" : 0.004033806843225409
  },
  "ClickonProceedtoCheckout/actions/Order.action-50" : {
    "transaction" : "ClickonProceedtoCheckout/actions/Order.action-50",
    "sampleCount" : 10,
    "errorCount" : 0,
    "errorPct" : 0.0,
    "meanResTime" : 199.20000000000002,
    "medianResTime" : 200.0,
    "minResTime" : 155.0,
    "maxResTime" : 279.0,
    "pct1ResTime" : 272.8,
    "pct2ResTime" : 279.0,
    "pct3ResTime" : 279.0,
    "throughput" : 0.006358879921455116,
    "receivedKBytesPerSec" : 0.03475028519576447,
    "sentKBytesPerSec" : 0.0037817947970372706
  },
  "SC05_ShoppingBirds_TS09_UpdateQuantityandClickonUpdatecart" : {
    "transaction" : "SC05_ShoppingBirds_TS09_UpdateQuantityandClickonUpdatecart",
    "sampleCount" : 10,
    "errorCount" : 0,
    "errorPct" : 0.0,
    "meanResTime" : 227.80000000000004,
    "medianResTime" : 234.0,
    "minResTime" : 164.0,
    "maxResTime" : 293.0,
    "pct1ResTime" : 290.3,
    "pct2ResTime" : 293.0,
    "pct3ResTime" : 293.0,
    "throughput" : 0.0063596968205331715,
    "receivedKBytesPerSec" : 0.03028619291536134,
    "sentKBytesPerSec" : 0.005962215769249848
  },
  "SC01_ShoppingFish_TS04_Login/actions/Account.action-40" : {
    "transaction" : "SC01_ShoppingFish_TS04_Login/actions/Account.action-40",
    "sampleCount" : 116,
    "errorCount" : 0,
    "errorPct" : 0.0,
    "meanResTime" : 433.396551724138,
    "medianResTime" : 431.0,
    "minResTime" : 315.0,
    "maxResTime" : 843.0,
    "pct1ResTime" : 506.69999999999993,
    "pct2ResTime" : 533.3,
    "pct3ResTime" : 811.5499999999997,
    "throughput" : 0.06510478783977264,
    "receivedKBytesPerSec" : 0.3452925905980829,
    "sentKBytesPerSec" : 0.10395149230276196
  },
  "SC10_LoginLogout_TS01_Launch" : {
    "transaction" : "SC10_LoginLogout_TS01_Launch",
    "sampleCount" : 18,
    "errorCount" : 0,
    "errorPct" : 0.0,
    "meanResTime" : 658.8333333333334,
    "medianResTime" : 620.0,
    "minResTime" : 482.0,
    "maxResTime" : 954.0,
    "pct1ResTime" : 897.3000000000001,
    "pct2ResTime" : 954.0,
    "pct3ResTime" : 954.0,
    "throughput" : 0.01033047179264677,
    "receivedKBytesPerSec" : 0.0146482861747296,
    "sentKBytesPerSec" : 0.005579418766048102
  },
  "SC01_ShoppingFish_TS06_SelectProductID" : {
    "transaction" : "SC01_ShoppingFish_TS06_SelectProductID",
    "sampleCount" : 11,
    "errorCount" : 0,
    "errorPct" : 0.0,
    "meanResTime" : 231.72727272727272,
    "medianResTime" : 234.0,
    "minResTime" : 200.0,
    "maxResTime" : 284.0,
    "pct1ResTime" : 276.6,
    "pct2ResTime" : 284.0,
    "pct3ResTime" : 284.0,
    "throughput" : 0.0062958668206673845,
    "receivedKBytesPerSec" : 0.02612974769170628,
    "sentKBytesPerSec" : 0.004070179526642391
  },
  "SC02_ShoppingDogs_TS10_ClickonProceedtoCheckout" : {
    "transaction" : "SC02_ShoppingDogs_TS10_ClickonProceedtoCheckout",
    "sampleCount" : 10,
    "errorCount" : 0,
    "errorPct" : 0.0,
    "meanResTime" : 191.3,
    "medianResTime" : 194.5,
    "minResTime" : 147.0,
    "maxResTime" : 242.0,
    "pct1ResTime" : 240.6,
    "pct2ResTime" : 242.0,
    "pct3ResTime" : 242.0,
    "throughput" : 0.006373421303543112,
    "receivedKBytesPerSec" : 0.03492933628465229,
    "sentKBytesPerSec" : 0.003790442943220464
  },
  "ClickonEntertheStore/actions/Catalog.action-27" : {
    "transaction" : "ClickonEntertheStore/actions/Catalog.action-27",
    "sampleCount" : 11,
    "errorCount" : 0,
    "errorPct" : 0.0,
    "meanResTime" : 224.63636363636363,
    "medianResTime" : 231.0,
    "minResTime" : 175.0,
    "maxResTime" : 243.0,
    "pct1ResTime" : 242.0,
    "pct2ResTime" : 243.0,
    "pct3ResTime" : 243.0,
    "throughput" : 0.006295899251875463,
    "receivedKBytesPerSec" : 0.030961917894033145,
    "sentKBytesPerSec" : 0.003524116191679225
  },
  "SC03_ShoppingCats_TS03_ClickonSignin" : {
    "transaction" : "SC03_ShoppingCats_TS03_ClickonSignin",
    "sampleCount" : 11,
    "errorCount" : 0,
    "errorPct" : 0.0,
    "meanResTime" : 224.9090909090909,
    "medianResTime" : 223.0,
    "minResTime" : 173.0,
    "maxResTime" : 292.0,
    "pct1ResTime" : 282.8,
    "pct2ResTime" : 292.0,
    "pct3ResTime" : 292.0,
    "throughput" : 0.0062983650017034215,
    "receivedKBytesPerSec" : 0.02518283598914391,
    "sentKBytesPerSec" : 0.004034890079216254
  },
  "Search/actions/Catalog.action-1" : {
    "transaction" : "Search/actions/Catalog.action-1",
    "sampleCount" : 11,
    "errorCount" : 0,
    "errorPct" : 0.0,
    "meanResTime" : 208.0909090909091,
    "medianResTime" : 183.0,
    "minResTime" : 163.0,
    "maxResTime" : 374.0,
    "pct1ResTime" : 349.2000000000001,
    "pct2ResTime" : 374.0,
    "pct3ResTime" : 374.0,
    "throughput" : 0.0063033492559755756,
    "receivedKBytesPerSec" : 0.025412615093427095,
    "sentKBytesPerSec" : 0.005678834184094472
  },
  "SC03_ShoppingCats_TS10_ClickonProceedtoCheckout" : {
    "transaction" : "SC03_ShoppingCats_TS10_ClickonProceedtoCheckout",
    "sampleCount" : 10,
    "errorCount" : 0,
    "errorPct" : 0.0,
    "meanResTime" : 201.79999999999998,
    "medianResTime" : 201.0,
    "minResTime" : 184.0,
    "maxResTime" : 218.0,
    "pct1ResTime" : 217.6,
    "pct2ResTime" : 218.0,
    "pct3ResTime" : 218.0,
    "throughput" : 0.006362764086523411,
    "receivedKBytesPerSec" : 0.03482122064538789,
    "sentKBytesPerSec" : 0.003784104813176521
  },
  "SC07_OpenMyOrders_TS02_ClickonEntertheStore" : {
    "transaction" : "SC07_OpenMyOrders_TS02_ClickonEntertheStore",
    "sampleCount" : 15,
    "errorCount" : 0,
    "errorPct" : 0.0,
    "meanResTime" : 241.0,
    "medianResTime" : 238.0,
    "minResTime" : 212.0,
    "maxResTime" : 294.0,
    "pct1ResTime" : 273.6,
    "pct2ResTime" : 294.0,
    "pct3ResTime" : 294.0,
    "throughput" : 0.008685405912445317,
    "receivedKBytesPerSec" : 0.04257092900549207,
    "sentKBytesPerSec" : 0.004872535335126387
  },
  "SC01_ShoppingFish_TS04_Login" : {
    "transaction" : "SC01_ShoppingFish_TS04_Login",
    "sampleCount" : 11,
    "errorCount" : 0,
    "errorPct" : 0.0,
    "meanResTime" : 644.2727272727273,
    "medianResTime" : 629.0,
    "minResTime" : 539.0,
    "maxResTime" : 738.0,
    "pct1ResTime" : 737.6,
    "pct2ResTime" : 738.0,
    "pct3ResTime" : 738.0,
    "throughput" : 0.006294134038734101,
    "receivedKBytesPerSec" : 0.0653385203434995,
    "sentKBytesPerSec" : 0.013725391902825436
  },
  "SC01_ShoppingFish_TS12_ClickonConfirm" : {
    "transaction" : "SC01_ShoppingFish_TS12_ClickonConfirm",
    "sampleCount" : 10,
    "errorCount" : 0,
    "errorPct" : 0.0,
    "meanResTime" : 231.29999999999998,
    "medianResTime" : 228.0,
    "minResTime" : 159.0,
    "maxResTime" : 297.0,
    "pct1ResTime" : 296.1,
    "pct2ResTime" : 297.0,
    "pct3ResTime" : 297.0,
    "throughput" : 0.006358900139196324,
    "receivedKBytesPerSec" : 0.03364379802161899,
    "sentKBytesPerSec" : 0.0038563251820712082
  },
  "SC05_ShoppingBirds_TS08_ClickonAddtocart" : {
    "transaction" : "SC05_ShoppingBirds_TS08_ClickonAddtocart",
    "sampleCount" : 10,
    "errorCount" : 0,
    "errorPct" : 0.0,
    "meanResTime" : 210.2,
    "medianResTime" : 215.5,
    "minResTime" : 167.0,
    "maxResTime" : 249.0,
    "pct1ResTime" : 247.5,
    "pct2ResTime" : 249.0,
    "pct3ResTime" : 249.0,
    "throughput" : 0.006359725132679766,
    "receivedKBytesPerSec" : 0.030280117074590038,
    "sentKBytesPerSec" : 0.004080409582197858
  },
  "SC06_Search_TS07_SelectItemID" : {
    "transaction" : "SC06_Search_TS07_SelectItemID",
    "sampleCount" : 10,
    "errorCount" : 0,
    "errorPct" : 0.0,
    "meanResTime" : 579.2,
    "medianResTime" : 597.0,
    "minResTime" : 445.0,
    "maxResTime" : 740.0,
    "pct1ResTime" : 730.2,
    "pct2ResTime" : 740.0,
    "pct3ResTime" : 740.0,
    "throughput" : 0.0063651090184047125,
    "receivedKBytesPerSec" : 0.024947622114616517,
    "sentKBytesPerSec" : 0.004074540001527626
  },
  "SC08_AddToCartDeleteCart_TS01_Launch" : {
    "transaction" : "SC08_AddToCartDeleteCart_TS01_Launch",
    "sampleCount" : 12,
    "errorCount" : 0,
    "errorPct" : 0.0,
    "meanResTime" : 641.5833333333333,
    "medianResTime" : 608.5,
    "minResTime" : 485.0,
    "maxResTime" : 871.0,
    "pct1ResTime" : 868.6,
    "pct2ResTime" : 871.0,
    "pct3ResTime" : 871.0,
    "throughput" : 0.007083591097342709,
    "receivedKBytesPerSec" : 0.01004431081381017,
    "sentKBytesPerSec" : 0.0038156160053150544
  },
  "SC04_ShoppingReptiles_TS09_UpdateQuantityandClickonUpdatecart" : {
    "transaction" : "SC04_ShoppingReptiles_TS09_UpdateQuantityandClickonUpdatecart",
    "sampleCount" : 10,
    "errorCount" : 0,
    "errorPct" : 0.0,
    "meanResTime" : 219.1,
    "medianResTime" : 210.5,
    "minResTime" : 166.0,
    "maxResTime" : 291.0,
    "pct1ResTime" : 289.5,
    "pct2ResTime" : 291.0,
    "pct3ResTime" : 291.0,
    "throughput" : 0.006369236080193778,
    "receivedKBytesPerSec" : 0.030312338977750347,
    "sentKBytesPerSec" : 0.005971158825181667
  },
  "SC03_ShoppingCats_TS13_ClickonSignout" : {
    "transaction" : "SC03_ShoppingCats_TS13_ClickonSignout",
    "sampleCount" : 10,
    "errorCount" : 0,
    "errorPct" : 0.0,
    "meanResTime" : 656.3000000000001,
    "medianResTime" : 657.0,
    "minResTime" : 597.0,
    "maxResTime" : 748.0,
    "pct1ResTime" : 744.7,
    "pct2ResTime" : 748.0,
    "pct3ResTime" : 748.0,
    "throughput" : 0.00636112487587855,
    "receivedKBytesPerSec" : 0.06367958115491311,
    "sentKBytesPerSec" : 0.011666203629785077
  },
  "SC01_ShoppingFish_TS03_ClickonSignin/actions/Account.action;jsessionid=34F99D495B390338C9E133C417A8040F-37" : {
    "transaction" : "SC01_ShoppingFish_TS03_ClickonSignin/actions/Account.action;jsessionid=34F99D495B390338C9E133C417A8040F-37",
    "sampleCount" : 116,
    "errorCount" : 0,
    "errorPct" : 0.0,
    "meanResTime" : 226.13793103448268,
    "medianResTime" : 227.0,
    "minResTime" : 161.0,
    "maxResTime" : 499.0,
    "pct1ResTime" : 272.6,
    "pct2ResTime" : 292.9,
    "pct3ResTime" : 484.54999999999984,
    "throughput" : 0.06511282761996336,
    "receivedKBytesPerSec" : 0.26039539799654565,
    "sentKBytesPerSec" : 0.041712905194039036
  },
  "Login/actions/Account.action-40-1" : {
    "transaction" : "Login/actions/Account.action-40-1",
    "sampleCount" : 11,
    "errorCount" : 0,
    "errorPct" : 0.0,
    "meanResTime" : 189.27272727272728,
    "medianResTime" : 189.0,
    "minResTime" : 152.0,
    "maxResTime" : 236.0,
    "pct1ResTime" : 231.8,
    "pct2ResTime" : 236.0,
    "pct3ResTime" : 236.0,
    "throughput" : 0.006296072223961592,
    "receivedKBytesPerSec" : 0.031972241762304954,
    "sentKBytesPerSec" : 0.004230173525474194
  },
  "Login/actions/Account.action-40-0" : {
    "transaction" : "Login/actions/Account.action-40-0",
    "sampleCount" : 11,
    "errorCount" : 0,
    "errorPct" : 0.0,
    "meanResTime" : 240.8181818181818,
    "medianResTime" : 229.0,
    "minResTime" : 172.0,
    "maxResTime" : 336.0,
    "pct1ResTime" : 328.0,
    "pct2ResTime" : 336.0,
    "pct3ResTime" : 336.0,
    "throughput" : 0.006295549733125923,
    "receivedKBytesPerSec" : 0.0014140394908388305,
    "sentKBytesPerSec" : 0.005809857908011716
  },
  "ClickonSignout/actions/Catalog.action-57" : {
    "transaction" : "ClickonSignout/actions/Catalog.action-57",
    "sampleCount" : 10,
    "errorCount" : 0,
    "errorPct" : 0.0,
    "meanResTime" : 222.1,
    "medianResTime" : 214.5,
    "minResTime" : 152.0,
    "maxResTime" : 291.0,
    "pct1ResTime" : 290.5,
    "pct2ResTime" : 291.0,
    "pct3ResTime" : 291.0,
    "throughput" : 0.006358936531454479,
    "receivedKBytesPerSec" : 0.030881827510667117,
    "sentKBytesPerSec" : 0.0038687670498985752
  },
  "SC01_ShoppingFish_TS02_ClickonEntertheStore" : {
    "transaction" : "SC01_ShoppingFish_TS02_ClickonEntertheStore",
    "sampleCount" : 11,
    "errorCount" : 0,
    "errorPct" : 0.0,
    "meanResTime" : 224.63636363636363,
    "medianResTime" : 231.0,
    "minResTime" : 175.0,
    "maxResTime" : 243.0,
    "pct1ResTime" : 242.0,
    "pct2ResTime" : 243.0,
    "pct3ResTime" : 243.0,
    "throughput" : 0.006295895648391398,
    "receivedKBytesPerSec" : 0.030961900172850953,
    "sentKBytesPerSec" : 0.003524114174636698
  },
  "SC01_ShoppingFish_TS11_EnterPaymentsDetailsandClickonContinue" : {
    "transaction" : "SC01_ShoppingFish_TS11_EnterPaymentsDetailsandClickonContinue",
    "sampleCount" : 10,
    "errorCount" : 0,
    "errorPct" : 0.0,
    "meanResTime" : 244.7,
    "medianResTime" : 243.5,
    "minResTime" : 168.0,
    "maxResTime" : 319.0,
    "pct1ResTime" : 314.40000000000003,
    "pct2ResTime" : 319.0,
    "pct3ResTime" : 319.0,
    "throughput" : 0.006358762661091304,
    "receivedKBytesPerSec" : 0.029303711911806505,
    "sentKBytesPerSec" : 0.007842887930623356
  },
  "SC09_OpenCart_TS05_OpenCart" : {
    "transaction" : "SC09_OpenCart_TS05_OpenCart",
    "sampleCount" : 16,
    "errorCount" : 0,
    "errorPct" : 0.0,
    "meanResTime" : 233.12500000000003,
    "medianResTime" : 233.5,
    "minResTime" : 187.0,
    "maxResTime" : 284.0,
    "pct1ResTime" : 264.40000000000003,
    "pct2ResTime" : 284.0,
    "pct3ResTime" : 284.0,
    "throughput" : 0.009459115927377637,
    "receivedKBytesPerSec" : 0.041032610302159635,
    "sentKBytesPerSec" : 0.005985846797793661
  },
  "ClickonFish/actions/Catalog.action-43" : {
    "transaction" : "ClickonFish/actions/Catalog.action-43",
    "sampleCount" : 11,
    "errorCount" : 0,
    "errorPct" : 0.0,
    "meanResTime" : 232.45454545454547,
    "medianResTime" : 232.0,
    "minResTime" : 164.0,
    "maxResTime" : 299.0,
    "pct1ResTime" : 291.40000000000003,
    "pct2ResTime" : 299.0,
    "pct3ResTime" : 299.0,
    "throughput" : 0.006295679446895944,
    "receivedKBytesPerSec" : 0.025354865272459837,
    "sentKBytesPerSec" : 0.0038733184097113718
  },
  "SC04_ShoppingReptiles_TS07_SelectItemID" : {
    "transaction" : "SC04_ShoppingReptiles_TS07_SelectItemID",
    "sampleCount" : 10,
    "errorCount" : 0,
    "errorPct" : 0.0,
    "meanResTime" : 547.3,
    "medianResTime" : 548.0,
    "minResTime" : 459.0,
    "maxResTime" : 660.0,
    "pct1ResTime" : 653.1,
    "pct2ResTime" : 660.0,
    "pct3ResTime" : 660.0,
    "throughput" : 0.006367471897162782,
    "receivedKBytesPerSec" : 0.024871693451437204,
    "sentKBytesPerSec" : 0.004079161684119907
  },
  "SC08_AddToCartDeleteCart_TS09_ClickonRemove/actions/Cart.action-1" : {
    "transaction" : "SC08_AddToCartDeleteCart_TS09_ClickonRemove/actions/Cart.action-1",
    "sampleCount" : 12,
    "errorCount" : 0,
    "errorPct" : 0.0,
    "meanResTime" : 218.66666666666663,
    "medianResTime" : 224.0,
    "minResTime" : 166.0,
    "maxResTime" : 268.0,
    "pct1ResTime" : 262.0,
    "pct2ResTime" : 268.0,
    "pct3ResTime" : 268.0,
    "throughput" : 0.0070854397755332685,
    "receivedKBytesPerSec" : 0.030735862776287867,
    "sentKBytesPerSec" : 0.004392073142109123
  },
  "SC04_ShoppingReptiles_TS05_ClickonReptiles" : {
    "transaction" : "SC04_ShoppingReptiles_TS05_ClickonReptiles",
    "sampleCount" : 11,
    "errorCount" : 0,
    "errorPct" : 0.0,
    "meanResTime" : 196.0909090909091,
    "medianResTime" : 190.0,
    "minResTime" : 164.0,
    "maxResTime" : 255.0,
    "pct1ResTime" : 251.0,
    "pct2ResTime" : 255.0,
    "pct3ResTime" : 255.0,
    "throughput" : 0.006305528056447087,
    "receivedKBytesPerSec" : 0.023793516025499555,
    "sentKBytesPerSec" : 0.0039040085818236848
  },
  "SC10_LoginLogout_TS04_Login" : {
    "transaction" : "SC10_LoginLogout_TS04_Login",
    "sampleCount" : 18,
    "errorCount" : 0,
    "errorPct" : 0.0,
    "meanResTime" : 621.3888888888889,
    "medianResTime" : 621.5,
    "minResTime" : 480.0,
    "maxResTime" : 740.0,
    "pct1ResTime" : 722.9,
    "pct2ResTime" : 740.0,
    "pct3ResTime" : 740.0,
    "throughput" : 0.010331924556286889,
    "receivedKBytesPerSec" : 0.10725425589192347,
    "sentKBytesPerSec" : 0.022530456576356078
  },
  "SC04_ShoppingReptiles_TS04_Login" : {
    "transaction" : "SC04_ShoppingReptiles_TS04_Login",
    "sampleCount" : 11,
    "errorCount" : 0,
    "errorPct" : 0.0,
    "meanResTime" : 654.0909090909091,
    "medianResTime" : 604.0,
    "minResTime" : 533.0,
    "maxResTime" : 1023.0,
    "pct1ResTime" : 961.0000000000002,
    "pct2ResTime" : 1023.0,
    "pct3ResTime" : 1023.0,
    "throughput" : 0.006303840528880758,
    "receivedKBytesPerSec" : 0.06545159424126976,
    "sentKBytesPerSec" : 0.013758870685594234
  },
  "SC08_AddToCartDeleteCart_TS04_Login" : {
    "transaction" : "SC08_AddToCartDeleteCart_TS04_Login",
    "sampleCount" : 12,
    "errorCount" : 0,
    "errorPct" : 0.0,
    "meanResTime" : 623.5833333333333,
    "medianResTime" : 608.5,
    "minResTime" : 570.0,
    "maxResTime" : 743.0,
    "pct1ResTime" : 731.6,
    "pct2ResTime" : 743.0,
    "pct3ResTime" : 743.0,
    "throughput" : 0.007084624063279862,
    "receivedKBytesPerSec" : 0.07355832328202294,
    "sentKBytesPerSec" : 0.015463022247490715
  },
  "SC01_ShoppingFish_TS11_EnterPaymentsDetailsandClickonContinue/actions/Order.action-53" : {
    "transaction" : "SC01_ShoppingFish_TS11_EnterPaymentsDetailsandClickonContinue/actions/Order.action-53",
    "sampleCount" : 50,
    "errorCount" : 0,
    "errorPct" : 0.0,
    "meanResTime" : 215.4,
    "medianResTime" : 213.5,
    "minResTime" : 167.0,
    "maxResTime" : 336.0,
    "pct1ResTime" : 273.0,
    "pct2ResTime" : 295.79999999999995,
    "pct3ResTime" : 336.0,
    "throughput" : 0.0314362400747931,
    "receivedKBytesPerSec" : 0.14524218302524772,
    "sentKBytesPerSec" : 0.0387734093891247
  },
  "SC09_OpenCart_TS02_ClickonEntertheStore" : {
    "transaction" : "SC09_OpenCart_TS02_ClickonEntertheStore",
    "sampleCount" : 16,
    "errorCount" : 0,
    "errorPct" : 0.0,
    "meanResTime" : 232.8125,
    "medianResTime" : 241.0,
    "minResTime" : 178.0,
    "maxResTime" : 272.0,
    "pct1ResTime" : 260.1,
    "pct2ResTime" : 272.0,
    "pct3ResTime" : 272.0,
    "throughput" : 0.00945938995211775,
    "receivedKBytesPerSec" : 0.04633796253460806,
    "sentKBytesPerSec" : 0.005308782385847334
  },
  "SC01_ShoppingFish_TS05_ClickonFish" : {
    "transaction" : "SC01_ShoppingFish_TS05_ClickonFish",
    "sampleCount" : 11,
    "errorCount" : 0,
    "errorPct" : 0.0,
    "meanResTime" : 232.45454545454547,
    "medianResTime" : 232.0,
    "minResTime" : 164.0,
    "maxResTime" : 299.0,
    "pct1ResTime" : 291.40000000000003,
    "pct2ResTime" : 299.0,
    "pct3ResTime" : 299.0,
    "throughput" : 0.006295683050132524,
    "receivedKBytesPerSec" : 0.025354879783932156,
    "sentKBytesPerSec" : 0.0038733206265463773
  },
  "SC04_ShoppingReptiles_TS11_EnterPaymentsDetailsandClickonContinue" : {
    "transaction" : "SC04_ShoppingReptiles_TS11_EnterPaymentsDetailsandClickonContinue",
    "sampleCount" : 10,
    "errorCount" : 0,
    "errorPct" : 0.0,
    "meanResTime" : 216.60000000000002,
    "medianResTime" : 192.0,
    "minResTime" : 172.0,
    "maxResTime" : 294.0,
    "pct1ResTime" : 293.8,
    "pct2ResTime" : 294.0,
    "pct3ResTime" : 294.0,
    "throughput" : 0.006369142777073633,
    "receivedKBytesPerSec" : 0.029401306550026433,
    "sentKBytesPerSec" : 0.007855690749457031
  },
  "SC03_ShoppingCats_TS07_SelectItemID" : {
    "transaction" : "SC03_ShoppingCats_TS07_SelectItemID",
    "sampleCount" : 10,
    "errorCount" : 0,
    "errorPct" : 0.0,
    "meanResTime" : 616.3999999999999,
    "medianResTime" : 607.0,
    "minResTime" : 527.0,
    "maxResTime" : 748.0,
    "pct1ResTime" : 740.5,
    "pct2ResTime" : 748.0,
    "pct3ResTime" : 748.0,
    "throughput" : 0.006360056808027409,
    "receivedKBytesPerSec" : 0.02488248006281192,
    "sentKBytesPerSec" : 0.0040806223856191485
  },
  "SC05_ShoppingBirds_TS10_ClickonProceedtoCheckout" : {
    "transaction" : "SC05_ShoppingBirds_TS10_ClickonProceedtoCheckout",
    "sampleCount" : 10,
    "errorCount" : 0,
    "errorPct" : 0.0,
    "meanResTime" : 180.70000000000002,
    "medianResTime" : 179.5,
    "minResTime" : 147.0,
    "maxResTime" : 209.0,
    "pct1ResTime" : 209.0,
    "pct2ResTime" : 209.0,
    "pct3ResTime" : 209.0,
    "throughput" : 0.006360291428553256,
    "receivedKBytesPerSec" : 0.03475799886150783,
    "sentKBytesPerSec" : 0.0037826342578016923
  },
  "SC02_ShoppingDogs_TS03_ClickonSignin" : {
    "transaction" : "SC02_ShoppingDogs_TS03_ClickonSignin",
    "sampleCount" : 11,
    "errorCount" : 0,
    "errorPct" : 0.0,
    "meanResTime" : 206.36363636363637,
    "medianResTime" : 187.0,
    "minResTime" : 161.0,
    "maxResTime" : 281.0,
    "pct1ResTime" : 276.6,
    "pct2ResTime" : 281.0,
    "pct3ResTime" : 281.0,
    "throughput" : 0.006308703200175726,
    "receivedKBytesPerSec" : 0.025230892264268136,
    "sentKBytesPerSec" : 0.004041512987612575
  },
  "SC06_Search_TS02_ClickonEntertheStore" : {
    "transaction" : "SC06_Search_TS02_ClickonEntertheStore",
    "sampleCount" : 11,
    "errorCount" : 0,
    "errorPct" : 0.0,
    "meanResTime" : 210.36363636363635,
    "medianResTime" : 216.0,
    "minResTime" : 163.0,
    "maxResTime" : 265.0,
    "pct1ResTime" : 262.6,
    "pct2ResTime" : 265.0,
    "pct3ResTime" : 265.0,
    "throughput" : 0.006302735272513084,
    "receivedKBytesPerSec" : 0.030995536016121254,
    "sentKBytesPerSec" : 0.003527942639665749
  },
  "ClickonSignin/actions/Account.action;jsessionid=34F99D495B390338C9E133C417A8040F-37" : {
    "transaction" : "ClickonSignin/actions/Account.action;jsessionid=34F99D495B390338C9E133C417A8040F-37",
    "sampleCount" : 11,
    "errorCount" : 0,
    "errorPct" : 0.0,
    "meanResTime" : 232.54545454545453,
    "medianResTime" : 232.0,
    "minResTime" : 169.0,
    "maxResTime" : 322.0,
    "pct1ResTime" : 313.8,
    "pct2ResTime" : 322.0,
    "pct3ResTime" : 322.0,
    "throughput" : 0.0062957190827251765,
    "receivedKBytesPerSec" : 0.025176728167733982,
    "sentKBytesPerSec" : 0.004033195037370816
  },
  "Total" : {
    "transaction" : "Total",
    "sampleCount" : 1972,
    "errorCount" : 0,
    "errorPct" : 0.0,
    "meanResTime" : 293.30933062880297,
    "medianResTime" : 229.0,
    "minResTime" : 142.0,
    "maxResTime" : 1398.0,
    "pct1ResTime" : 562.7,
    "pct2ResTime" : 628.0,
    "pct3ResTime" : 834.54,
    "throughput" : 1.0787527823561558,
    "receivedKBytesPerSec" : 4.3065502520599965,
    "sentKBytesPerSec" : 0.8224215331459374
  },
  "SC08_AddToCartDeleteCart_TS10_ClickonSignout" : {
    "transaction" : "SC08_AddToCartDeleteCart_TS10_ClickonSignout",
    "sampleCount" : 12,
    "errorCount" : 0,
    "errorPct" : 0.0,
    "meanResTime" : 624.3333333333334,
    "medianResTime" : 628.0,
    "minResTime" : 480.0,
    "maxResTime" : 770.0,
    "pct1ResTime" : 737.0000000000001,
    "pct2ResTime" : 770.0,
    "pct3ResTime" : 770.0,
    "throughput" : 0.007083578553049215,
    "receivedKBytesPerSec" : 0.07091187865947998,
    "sentKBytesPerSec" : 0.01299117238537737
  },
  "SC02_ShoppingDogs_TS05_ClickonDogs" : {
    "transaction" : "SC02_ShoppingDogs_TS05_ClickonDogs",
    "sampleCount" : 11,
    "errorCount" : 0,
    "errorPct" : 0.0,
    "meanResTime" : 220.0,
    "medianResTime" : 188.0,
    "minResTime" : 171.0,
    "maxResTime" : 414.0,
    "pct1ResTime" : 387.4000000000001,
    "pct2ResTime" : 414.0,
    "pct3ResTime" : 414.0,
    "throughput" : 0.006308591039277288,
    "receivedKBytesPerSec" : 0.02715651298938895,
    "sentKBytesPerSec" : 0.0038812620651803627
  }
}